관측시간,실측조위(Cm),예측조위(Cm),잔차(Cm)
2019-04-30 0:00,270,268,2
2019-04-30 0:01,272,269,3
2019-04-30 0:02,273,270,3
2019-04-30 0:03,275,272,3
2019-04-30 0:04,276,273,3
2019-04-30 0:05,278,274,4
2019-04-30 0:06,279,275,4
2019-04-30 0:07,280,276,4
2019-04-30 0:08,282,277,5
2019-04-30 0:09,283,278,5
2019-04-30 0:10,284,279,5
2019-04-30 0:11,286,280,6
2019-04-30 0:12,287,282,5
2019-04-30 0:13,289,283,6
2019-04-30 0:14,290,284,6
2019-04-30 0:15,292,285,7
2019-04-30 0:16,293,286,7
2019-04-30 0:17,295,287,8
2019-04-30 0:18,296,288,8
2019-04-30 0:19,298,289,9
2019-04-30 0:20,299,291,8
2019-04-30 0:21,300,292,8
2019-04-30 0:22,301,293,8
2019-04-30 0:23,303,294,9
2019-04-30 0:24,304,295,9
2019-04-30 0:25,305,296,9
2019-04-30 0:26,307,297,10
2019-04-30 0:27,308,298,10
2019-04-30 0:28,310,300,10
2019-04-30 0:29,311,301,10
2019-04-30 0:30,312,302,10
2019-04-30 0:31,314,303,11
2019-04-30 0:32,315,304,11
2019-04-30 0:33,316,305,11
2019-04-30 0:34,317,306,11
2019-04-30 0:35,319,308,11
2019-04-30 0:36,320,309,11
2019-04-30 0:37,321,310,11
2019-04-30 0:38,323,311,12
2019-04-30 0:39,324,312,12
2019-04-30 0:40,325,313,12
2019-04-30 0:41,326,314,12
2019-04-30 0:42,328,316,12
2019-04-30 0:43,329,317,12
2019-04-30 0:44,330,318,12
2019-04-30 0:45,332,319,13
2019-04-30 0:46,333,320,13
2019-04-30 0:47,334,321,13
2019-04-30 0:48,335,322,13
2019-04-30 0:49,337,323,14
2019-04-30 0:50,338,325,13
2019-04-30 0:51,339,326,13
2019-04-30 0:52,340,327,13
2019-04-30 0:53,342,328,14
2019-04-30 0:54,343,329,14
2019-04-30 0:55,344,330,14
2019-04-30 0:56,346,331,15
2019-04-30 0:57,347,332,15
2019-04-30 0:58,349,334,15
2019-04-30 0:59,350,335,15
2019-04-30 1:00,352,336,16
2019-04-30 1:01,353,337,16
2019-04-30 1:02,354,338,16
2019-04-30 1:03,355,339,16
2019-04-30 1:04,356,340,16
2019-04-30 1:05,358,341,17
2019-04-30 1:06,359,342,17
2019-04-30 1:07,360,343,17
2019-04-30 1:08,361,345,16
2019-04-30 1:09,363,346,17
2019-04-30 1:10,364,347,17
2019-04-30 1:11,365,348,17
2019-04-30 1:12,367,349,18
2019-04-30 1:13,368,350,18
2019-04-30 1:14,369,351,18
2019-04-30 1:15,370,352,18
2019-04-30 1:16,372,353,19
2019-04-30 1:17,373,354,19
2019-04-30 1:18,374,355,19
2019-04-30 1:19,375,356,19
2019-04-30 1:20,376,357,19
2019-04-30 1:21,377,358,19
2019-04-30 1:22,378,359,19
2019-04-30 1:23,379,360,19
2019-04-30 1:24,380,362,18
2019-04-30 1:25,381,363,18
2019-04-30 1:26,382,364,18
2019-04-30 1:27,383,365,18
2019-04-30 1:28,384,366,18
2019-04-30 1:29,385,367,18
2019-04-30 1:30,386,368,18
2019-04-30 1:31,387,369,18
2019-04-30 1:32,389,370,19
2019-04-30 1:33,390,370,20
2019-04-30 1:34,391,371,20
2019-04-30 1:35,392,372,20
2019-04-30 1:36,393,373,20
2019-04-30 1:37,394,374,20
2019-04-30 1:38,395,375,20
2019-04-30 1:39,395,376,19
2019-04-30 1:40,396,377,19
2019-04-30 1:41,397,378,19
2019-04-30 1:42,398,379,19
2019-04-30 1:43,399,380,19
2019-04-30 1:44,400,381,19
2019-04-30 1:45,401,382,19
2019-04-30 1:46,402,383,19
2019-04-30 1:47,404,383,21
2019-04-30 1:48,405,384,21
2019-04-30 1:49,406,385,21
2019-04-30 1:50,407,386,21
2019-04-30 1:51,408,387,21
2019-04-30 1:52,409,388,21
2019-04-30 1:53,409,389,20
2019-04-30 1:54,410,389,21
2019-04-30 1:55,411,390,21
2019-04-30 1:56,412,391,21
2019-04-30 1:57,413,392,21
2019-04-30 1:58,413,393,20
2019-04-30 1:59,414,393,21
2019-04-30 2:00,415,394,21
2019-04-30 2:01,415,395,20
2019-04-30 2:02,416,396,20
2019-04-30 2:03,417,396,21
2019-04-30 2:04,418,397,21
2019-04-30 2:05,418,398,20
2019-04-30 2:06,419,399,20
2019-04-30 2:07,420,399,21
2019-04-30 2:08,421,400,21
2019-04-30 2:09,421,401,20
2019-04-30 2:10,422,401,21
2019-04-30 2:11,423,402,21
2019-04-30 2:12,424,403,21
2019-04-30 2:13,424,403,21
2019-04-30 2:14,426,404,22
2019-04-30 2:15,426,405,21
2019-04-30 2:16,427,405,22
2019-04-30 2:17,428,406,22
2019-04-30 2:18,429,406,23
2019-04-30 2:19,429,407,22
2019-04-30 2:20,430,408,22
2019-04-30 2:21,430,408,22
2019-04-30 2:22,431,409,22
2019-04-30 2:23,432,409,23
2019-04-30 2:24,432,410,22
2019-04-30 2:25,433,410,23
2019-04-30 2:26,433,411,22
2019-04-30 2:27,434,411,23
2019-04-30 2:28,435,412,23
2019-04-30 2:29,435,412,23
2019-04-30 2:30,436,413,23
2019-04-30 2:31,436,413,23
2019-04-30 2:32,437,414,23
2019-04-30 2:33,438,414,24
2019-04-30 2:34,438,414,24
2019-04-30 2:35,439,415,24
2019-04-30 2:36,439,415,24
2019-04-30 2:37,440,415,25
2019-04-30 2:38,441,416,25
2019-04-30 2:39,441,416,25
2019-04-30 2:40,441,416,25
2019-04-30 2:41,442,417,25
2019-04-30 2:42,442,417,25
2019-04-30 2:43,442,417,25
2019-04-30 2:44,443,418,25
2019-04-30 2:45,443,418,25
2019-04-30 2:46,444,418,26
2019-04-30 2:47,444,418,26
2019-04-30 2:48,444,419,25
2019-04-30 2:49,444,419,25
2019-04-30 2:50,445,419,26
2019-04-30 2:51,445,419,26
2019-04-30 2:52,445,419,26
2019-04-30 2:53,446,419,27
2019-04-30 2:54,446,420,26
2019-04-30 2:55,446,420,26
2019-04-30 2:56,446,420,26
2019-04-30 2:57,446,420,26
2019-04-30 2:58,447,420,27
2019-04-30 2:59,447,420,27
2019-04-30 3:00,447,420,27
2019-04-30 3:01,448,420,28
2019-04-30 3:02,448,420,28
2019-04-30 3:03,449,420,29
2019-04-30 3:04,449,420,29
2019-04-30 3:05,449,420,29
2019-04-30 3:06,450,420,30
2019-04-30 3:07,450,420,30
2019-04-30 3:08,450,420,30
2019-04-30 3:09,450,420,30
2019-04-30 3:10,450,420,30
2019-04-30 3:11,450,420,30
2019-04-30 3:12,450,419,31
2019-04-30 3:13,450,419,31
2019-04-30 3:14,450,419,31
2019-04-30 3:15,450,419,31
2019-04-30 3:16,450,419,31
2019-04-30 3:17,450,419,31
2019-04-30 3:18,449,418,31
2019-04-30 3:19,449,418,31
2019-04-30 3:20,448,418,30
2019-04-30 3:21,448,418,30
2019-04-30 3:22,447,417,30
2019-04-30 3:23,447,417,30
2019-04-30 3:24,447,417,30
2019-04-30 3:25,446,416,30
2019-04-30 3:26,446,416,30
2019-04-30 3:27,445,416,29
2019-04-30 3:28,445,415,30
2019-04-30 3:29,444,415,29
2019-04-30 3:30,443,415,28
2019-04-30 3:31,443,414,29
2019-04-30 3:32,442,414,28
2019-04-30 3:33,441,413,28
2019-04-30 3:34,441,413,28
2019-04-30 3:35,440,413,27
2019-04-30 3:36,439,412,27
2019-04-30 3:37,438,412,26
2019-04-30 3:38,438,411,27
2019-04-30 3:39,437,411,26
2019-04-30 3:40,436,410,26
2019-04-30 3:41,436,410,26
2019-04-30 3:42,435,409,26
2019-04-30 3:43,434,408,26
2019-04-30 3:44,433,408,25
2019-04-30 3:45,433,407,26
2019-04-30 3:46,432,407,25
2019-04-30 3:47,432,406,26
2019-04-30 3:48,431,405,26
2019-04-30 3:49,430,405,25
2019-04-30 3:50,430,404,26
2019-04-30 3:51,429,403,26
2019-04-30 3:52,428,403,25
2019-04-30 3:53,428,402,26
2019-04-30 3:54,427,401,26
2019-04-30 3:55,426,401,25
2019-04-30 3:56,425,400,25
2019-04-30 3:57,424,399,25
2019-04-30 3:58,423,398,25
2019-04-30 3:59,422,398,24
2019-04-30 4:00,421,397,24
2019-04-30 4:01,419,396,23
2019-04-30 4:02,418,395,23
2019-04-30 4:03,417,395,22
2019-04-30 4:04,416,394,22
2019-04-30 4:05,416,393,23
2019-04-30 4:06,415,392,23
2019-04-30 4:07,413,391,22
2019-04-30 4:08,413,390,23
2019-04-30 4:09,412,389,23
2019-04-30 4:10,411,389,22
2019-04-30 4:11,410,388,22
2019-04-30 4:12,409,387,22
2019-04-30 4:13,408,386,22
2019-04-30 4:14,407,385,22
2019-04-30 4:15,407,384,23
2019-04-30 4:16,406,383,23
2019-04-30 4:17,405,382,23
2019-04-30 4:18,404,381,23
2019-04-30 4:19,403,380,23
2019-04-30 4:20,402,379,23
2019-04-30 4:21,401,378,23
2019-04-30 4:22,400,377,23
2019-04-30 4:23,400,376,24
2019-04-30 4:24,399,375,24
2019-04-30 4:25,398,374,24
2019-04-30 4:26,397,373,24
2019-04-30 4:27,396,372,24
2019-04-30 4:28,395,371,24
2019-04-30 4:29,394,370,24
2019-04-30 4:30,393,369,24
2019-04-30 4:31,392,368,24
2019-04-30 4:32,391,367,24
2019-04-30 4:33,390,366,24
2019-04-30 4:34,389,365,24
2019-04-30 4:35,388,363,25
2019-04-30 4:36,387,362,25
2019-04-30 4:37,386,361,25
2019-04-30 4:38,385,360,25
2019-04-30 4:39,384,359,25
2019-04-30 4:40,383,358,25
2019-04-30 4:41,382,357,25
2019-04-30 4:42,381,356,25
2019-04-30 4:43,380,354,26
2019-04-30 4:44,379,353,26
2019-04-30 4:45,378,352,26
2019-04-30 4:46,377,351,26
2019-04-30 4:47,376,350,26
2019-04-30 4:48,375,349,26
2019-04-30 4:49,374,347,27
2019-04-30 4:50,373,346,27
2019-04-30 4:51,372,345,27
2019-04-30 4:52,371,344,27
2019-04-30 4:53,369,343,26
2019-04-30 4:54,368,342,26
2019-04-30 4:55,367,340,27
2019-04-30 4:56,366,339,27
2019-04-30 4:57,364,338,26
2019-04-30 4:58,363,337,26
2019-04-30 4:59,362,335,27
2019-04-30 5:00,360,334,26
2019-04-30 5:01,360,333,27
2019-04-30 5:02,358,332,26
2019-04-30 5:03,357,331,26
2019-04-30 5:04,356,329,27
2019-04-30 5:05,355,328,27
2019-04-30 5:06,354,327,27
2019-04-30 5:07,353,326,27
2019-04-30 5:08,352,324,28
2019-04-30 5:09,351,323,28
2019-04-30 5:10,350,322,28
2019-04-30 5:11,349,321,28
2019-04-30 5:12,348,320,28
2019-04-30 5:13,347,318,29
2019-04-30 5:14,346,317,29
2019-04-30 5:15,345,316,29
2019-04-30 5:16,344,315,29
2019-04-30 5:17,342,313,29
2019-04-30 5:18,342,312,30
2019-04-30 5:19,340,311,29
2019-04-30 5:20,339,310,29
2019-04-30 5:21,338,308,30
2019-04-30 5:22,337,307,30
2019-04-30 5:23,336,306,30
2019-04-30 5:24,335,305,30
2019-04-30 5:25,334,303,31
2019-04-30 5:26,333,302,31
2019-04-30 5:27,332,301,31
2019-04-30 5:28,331,300,31
2019-04-30 5:29,329,298,31
2019-04-30 5:30,328,297,31
2019-04-30 5:31,327,296,31
2019-04-30 5:32,326,295,31
2019-04-30 5:33,325,294,31
2019-04-30 5:34,323,292,31
2019-04-30 5:35,322,291,31
2019-04-30 5:36,321,290,31
2019-04-30 5:37,320,289,31
2019-04-30 5:38,319,287,32
2019-04-30 5:39,318,286,32
2019-04-30 5:40,317,285,32
2019-04-30 5:41,316,284,32
2019-04-30 5:42,315,283,32
2019-04-30 5:43,313,281,32
2019-04-30 5:44,312,280,32
2019-04-30 5:45,311,279,32
2019-04-30 5:46,309,278,31
2019-04-30 5:47,308,277,31
2019-04-30 5:48,307,275,32
2019-04-30 5:49,306,274,32
2019-04-30 5:50,305,273,32
2019-04-30 5:51,304,272,32
2019-04-30 5:52,302,271,31
2019-04-30 5:53,301,269,32
2019-04-30 5:54,300,268,32
2019-04-30 5:55,299,267,32
2019-04-30 5:56,298,266,32
2019-04-30 5:57,297,265,32
2019-04-30 5:58,296,264,32
2019-04-30 5:59,295,263,32
2019-04-30 6:00,294,261,33
2019-04-30 6:01,292,260,32
2019-04-30 6:02,291,259,32
2019-04-30 6:03,290,258,32
2019-04-30 6:04,289,257,32
2019-04-30 6:05,288,256,32
2019-04-30 6:06,287,255,32
2019-04-30 6:07,285,253,32
2019-04-30 6:08,285,252,33
2019-04-30 6:09,283,251,32
2019-04-30 6:10,282,250,32
2019-04-30 6:11,281,249,32
2019-04-30 6:12,280,248,32
2019-04-30 6:13,279,247,32
2019-04-30 6:14,279,246,33
2019-04-30 6:15,277,245,32
2019-04-30 6:16,276,244,32
2019-04-30 6:17,275,243,32
2019-04-30 6:18,274,242,32
2019-04-30 6:19,273,240,33
2019-04-30 6:20,272,239,33
2019-04-30 6:21,271,238,33
2019-04-30 6:22,269,237,32
2019-04-30 6:23,268,236,32
2019-04-30 6:24,267,235,32
2019-04-30 6:25,266,234,32
2019-04-30 6:26,265,233,32
2019-04-30 6:27,264,232,32
2019-04-30 6:28,263,231,32
2019-04-30 6:29,262,230,32
2019-04-30 6:30,261,229,32
2019-04-30 6:31,260,228,32
2019-04-30 6:32,259,227,32
2019-04-30 6:33,258,226,32
2019-04-30 6:34,257,225,32
2019-04-30 6:35,256,224,32
2019-04-30 6:36,255,223,32
2019-04-30 6:37,254,222,32
2019-04-30 6:38,252,221,31
2019-04-30 6:39,251,220,31
2019-04-30 6:40,250,219,31
2019-04-30 6:41,249,218,31
2019-04-30 6:42,248,218,30
2019-04-30 6:43,247,217,30
2019-04-30 6:44,246,216,30
2019-04-30 6:45,245,215,30
2019-04-30 6:46,244,214,30
2019-04-30 6:47,243,213,30
2019-04-30 6:48,242,212,30
2019-04-30 6:49,241,211,30
2019-04-30 6:50,240,210,30
2019-04-30 6:51,239,209,30
2019-04-30 6:52,238,208,30
2019-04-30 6:53,237,208,29
2019-04-30 6:54,236,207,29
2019-04-30 6:55,235,206,29
2019-04-30 6:56,233,205,28
2019-04-30 6:57,232,204,28
2019-04-30 6:58,231,203,28
2019-04-30 6:59,230,202,28
2019-04-30 7:00,229,202,27
2019-04-30 7:01,228,201,27
2019-04-30 7:02,227,200,27
2019-04-30 7:03,226,199,27
2019-04-30 7:04,225,198,27
2019-04-30 7:05,224,198,26
2019-04-30 7:06,223,197,26
2019-04-30 7:07,222,196,26
2019-04-30 7:08,221,195,26
2019-04-30 7:09,221,194,27
2019-04-30 7:10,219,194,25
2019-04-30 7:11,219,193,26
2019-04-30 7:12,217,192,25
2019-04-30 7:13,216,191,25
2019-04-30 7:14,215,190,25
2019-04-30 7:15,214,190,24
2019-04-30 7:16,213,189,24
2019-04-30 7:17,212,188,24
2019-04-30 7:18,211,187,24
2019-04-30 7:19,210,187,23
2019-04-30 7:20,209,186,23
2019-04-30 7:21,208,185,23
2019-04-30 7:22,207,185,22
2019-04-30 7:23,206,184,22
2019-04-30 7:24,206,183,23
2019-04-30 7:25,204,182,22
2019-04-30 7:26,204,182,22
2019-04-30 7:27,203,181,22
2019-04-30 7:28,202,180,22
2019-04-30 7:29,201,180,21
2019-04-30 7:30,200,179,21
2019-04-30 7:31,199,178,21
2019-04-30 7:32,198,178,20
2019-04-30 7:33,197,177,20
2019-04-30 7:34,196,176,20
2019-04-30 7:35,195,176,19
2019-04-30 7:36,194,175,19
2019-04-30 7:37,193,174,19
2019-04-30 7:38,192,174,18
2019-04-30 7:39,191,173,18
2019-04-30 7:40,190,172,18
2019-04-30 7:41,189,172,17
2019-04-30 7:42,188,171,17
2019-04-30 7:43,188,171,17
2019-04-30 7:44,187,170,17
2019-04-30 7:45,186,169,17
2019-04-30 7:46,185,169,16
2019-04-30 7:47,184,168,16
2019-04-30 7:48,183,168,15
2019-04-30 7:49,182,167,15
2019-04-30 7:50,181,167,14
2019-04-30 7:51,180,166,14
2019-04-30 7:52,179,165,14
2019-04-30 7:53,178,165,13
2019-04-30 7:54,178,164,14
2019-04-30 7:55,177,164,13
2019-04-30 7:56,176,163,13
2019-04-30 7:57,175,163,12
2019-04-30 7:58,174,162,12
2019-04-30 7:59,173,162,11
2019-04-30 8:00,172,161,11
2019-04-30 8:01,172,161,11
2019-04-30 8:02,171,160,11
2019-04-30 8:03,170,160,10
2019-04-30 8:04,169,159,10
2019-04-30 8:05,168,159,9
2019-04-30 8:06,167,158,9
2019-04-30 8:07,167,158,9
2019-04-30 8:08,166,157,9
2019-04-30 8:09,165,157,8
2019-04-30 8:10,164,156,8
2019-04-30 8:11,163,156,7
2019-04-30 8:12,163,155,8
2019-04-30 8:13,161,155,6
2019-04-30 8:14,161,154,7
2019-04-30 8:15,160,154,6
2019-04-30 8:16,159,154,5
2019-04-30 8:17,158,153,5
2019-04-30 8:18,157,153,4
2019-04-30 8:19,156,152,4
2019-04-30 8:20,155,152,3
2019-04-30 8:21,155,152,3
2019-04-30 8:22,154,151,3
2019-04-30 8:23,153,151,2
2019-04-30 8:24,152,150,2
2019-04-30 8:25,151,150,1
2019-04-30 8:26,151,150,1
2019-04-30 8:27,150,149,1
2019-04-30 8:28,149,149,0
2019-04-30 8:29,148,149,-1
2019-04-30 8:30,148,148,0
2019-04-30 8:31,147,148,-1
2019-04-30 8:32,146,148,-2
2019-04-30 8:33,145,147,-2
2019-04-30 8:34,144,147,-3
2019-04-30 8:35,144,147,-3
2019-04-30 8:36,143,146,-3
2019-04-30 8:37,142,146,-4
2019-04-30 8:38,141,146,-5
2019-04-30 8:39,140,146,-6
2019-04-30 8:40,139,145,-6
2019-04-30 8:41,139,145,-6
2019-04-30 8:42,138,145,-7
2019-04-30 8:43,137,144,-7
2019-04-30 8:44,136,144,-8
2019-04-30 8:45,135,144,-9
2019-04-30 8:46,135,144,-9
2019-04-30 8:47,134,144,-10
2019-04-30 8:48,133,143,-10
2019-04-30 8:49,132,143,-11
2019-04-30 8:50,131,143,-12
2019-04-30 8:51,131,143,-12
2019-04-30 8:52,130,143,-13
2019-04-30 8:53,129,142,-13
2019-04-30 8:54,129,142,-13
2019-04-30 8:55,129,142,-13
2019-04-30 8:56,128,142,-14
2019-04-30 8:57,128,142,-14
2019-04-30 8:58,126,142,-16
2019-04-30 8:59,126,141,-15
2019-04-30 9:00,125,141,-16
2019-04-30 9:01,124,141,-17
2019-04-30 9:02,124,141,-17
2019-04-30 9:03,123,141,-18
2019-04-30 9:04,123,141,-18
2019-04-30 9:05,122,141,-19
2019-04-30 9:06,121,141,-20
2019-04-30 9:07,121,141,-20
2019-04-30 9:08,120,141,-21
2019-04-30 9:09,119,141,-22
2019-04-30 9:10,119,141,-22
2019-04-30 9:11,118,140,-22
2019-04-30 9:12,118,140,-22
2019-04-30 9:13,116,140,-24
2019-04-30 9:14,116,140,-24
2019-04-30 9:15,115,140,-25
2019-04-30 9:16,115,140,-25
2019-04-30 9:17,114,140,-26
2019-04-30 9:18,114,140,-26
2019-04-30 9:19,113,140,-27
2019-04-30 9:20,112,141,-29
2019-04-30 9:21,112,141,-29
2019-04-30 9:22,111,141,-30
2019-04-30 9:23,111,141,-30
2019-04-30 9:24,111,141,-30
2019-04-30 9:25,110,141,-31
2019-04-30 9:26,110,141,-31
2019-04-30 9:27,110,141,-31
2019-04-30 9:28,109,141,-32
2019-04-30 9:29,109,141,-32
2019-04-30 9:30,109,141,-32
2019-04-30 9:31,108,142,-34
2019-04-30 9:32,108,142,-34
2019-04-30 9:33,107,142,-35
2019-04-30 9:34,107,142,-35
2019-04-30 9:35,107,142,-35
2019-04-30 9:36,107,142,-35
2019-04-30 9:37,106,143,-37
2019-04-30 9:38,106,143,-37
2019-04-30 9:39,106,143,-37
2019-04-30 9:40,106,143,-37
2019-04-30 9:41,106,143,-37
2019-04-30 9:42,106,144,-38
2019-04-30 9:43,106,144,-38
2019-04-30 9:44,106,144,-38
2019-04-30 9:45,106,144,-38
2019-04-30 9:46,106,145,-39
2019-04-30 9:47,106,145,-39
2019-04-30 9:48,106,145,-39
2019-04-30 9:49,107,146,-39
2019-04-30 9:50,107,146,-39
2019-04-30 9:51,107,146,-39
2019-04-30 9:52,107,147,-40
2019-04-30 9:53,108,147,-39
2019-04-30 9:54,108,147,-39
2019-04-30 9:55,109,148,-39
2019-04-30 9:56,109,148,-39
2019-04-30 9:57,110,148,-38
2019-04-30 9:58,110,149,-39
2019-04-30 9:59,111,149,-38
2019-04-30 10:00,111,150,-39
2019-04-30 10:01,112,150,-38
2019-04-30 10:02,112,150,-38
2019-04-30 10:03,113,151,-38
2019-04-30 10:04,114,151,-37
2019-04-30 10:05,114,152,-38
2019-04-30 10:06,116,152,-36
2019-04-30 10:07,116,153,-37
2019-04-30 10:08,117,153,-36
2019-04-30 10:09,118,154,-36
2019-04-30 10:10,119,154,-35
2019-04-30 10:11,119,155,-36
2019-04-30 10:12,120,155,-35
2019-04-30 10:13,121,156,-35
2019-04-30 10:14,122,156,-34
2019-04-30 10:15,123,157,-34
2019-04-30 10:16,124,157,-33
2019-04-30 10:17,124,158,-34
2019-04-30 10:18,125,158,-33
2019-04-30 10:19,126,159,-33
2019-04-30 10:20,127,160,-33
2019-04-30 10:21,128,160,-32
2019-04-30 10:22,129,161,-32
2019-04-30 10:23,130,162,-32
2019-04-30 10:24,131,162,-31
2019-04-30 10:25,132,163,-31
2019-04-30 10:26,133,163,-30
2019-04-30 10:27,134,164,-30
2019-04-30 10:28,135,165,-30
2019-04-30 10:29,137,165,-28
2019-04-30 10:30,138,166,-28
2019-04-30 10:31,139,167,-28
2019-04-30 10:32,140,168,-28
2019-04-30 10:33,141,168,-27
2019-04-30 10:34,142,169,-27
2019-04-30 10:35,142,170,-28
2019-04-30 10:36,144,170,-26
2019-04-30 10:37,145,171,-26
2019-04-30 10:38,146,172,-26
2019-04-30 10:39,146,173,-27
2019-04-30 10:40,147,174,-27
2019-04-30 10:41,148,174,-26
2019-04-30 10:42,149,175,-26
2019-04-30 10:43,149,176,-27
2019-04-30 10:44,150,177,-27
2019-04-30 10:45,150,178,-28
2019-04-30 10:46,151,178,-27
2019-04-30 10:47,152,179,-27
2019-04-30 10:48,153,180,-27
2019-04-30 10:49,154,181,-27
2019-04-30 10:50,154,182,-28
2019-04-30 10:51,155,183,-28
2019-04-30 10:52,156,184,-28
2019-04-30 10:53,157,184,-27
2019-04-30 10:54,157,185,-28
2019-04-30 10:55,158,186,-28
2019-04-30 10:56,159,187,-28
2019-04-30 10:57,160,188,-28
2019-04-30 10:58,161,189,-28
2019-04-30 10:59,162,190,-28
2019-04-30 11:00,163,191,-28
2019-04-30 11:01,164,192,-28
2019-04-30 11:02,165,193,-28
2019-04-30 11:03,166,194,-28
2019-04-30 11:04,167,195,-28
2019-04-30 11:05,168,196,-28
2019-04-30 11:06,169,197,-28
2019-04-30 11:07,170,198,-28
2019-04-30 11:08,170,199,-29
2019-04-30 11:09,171,200,-29
2019-04-30 11:10,173,201,-28
2019-04-30 11:11,174,202,-28
2019-04-30 11:12,175,203,-28
2019-04-30 11:13,176,204,-28
2019-04-30 11:14,177,205,-28
2019-04-30 11:15,179,206,-27
2019-04-30 11:16,180,207,-27
2019-04-30 11:17,181,208,-27
2019-04-30 11:18,183,209,-26
2019-04-30 11:19,184,210,-26
2019-04-30 11:20,186,211,-25
2019-04-30 11:21,187,213,-26
2019-04-30 11:22,188,214,-26
2019-04-30 11:23,190,215,-25
2019-04-30 11:24,192,216,-24
2019-04-30 11:25,193,217,-24
2019-04-30 11:26,195,218,-23
2019-04-30 11:27,197,219,-22
2019-04-30 11:28,198,220,-22
2019-04-30 11:29,200,222,-22
2019-04-30 11:30,201,223,-22
2019-04-30 11:31,203,224,-21
2019-04-30 11:32,205,225,-20
2019-04-30 11:33,207,226,-19
2019-04-30 11:34,208,227,-19
2019-04-30 11:35,210,229,-19
2019-04-30 11:36,212,230,-18
2019-04-30 11:37,213,231,-18
2019-04-30 11:38,215,232,-17
2019-04-30 11:39,217,233,-16
2019-04-30 11:40,219,235,-16
2019-04-30 11:41,220,236,-16
2019-04-30 11:42,222,237,-15
2019-04-30 11:43,224,238,-14
2019-04-30 11:44,225,240,-15
2019-04-30 11:45,227,241,-14
2019-04-30 11:46,228,242,-14
2019-04-30 11:47,230,243,-13
2019-04-30 11:48,232,245,-13
2019-04-30 11:49,233,246,-13
2019-04-30 11:50,235,247,-12
2019-04-30 11:51,237,248,-11
2019-04-30 11:52,239,250,-11
2019-04-30 11:53,240,251,-11
2019-04-30 11:54,242,252,-10
2019-04-30 11:55,243,254,-11
2019-04-30 11:56,245,255,-10
2019-04-30 11:57,246,256,-10
2019-04-30 11:58,248,258,-10
2019-04-30 11:59,249,259,-10
2019-04-30 12:00,251,260,-9
2019-04-30 12:01,253,262,-9
2019-04-30 12:02,254,263,-9
2019-04-30 12:03,256,264,-8
2019-04-30 12:04,258,266,-8
2019-04-30 12:05,260,267,-7
2019-04-30 12:06,261,268,-7
2019-04-30 12:07,263,270,-7
2019-04-30 12:08,264,271,-7
2019-04-30 12:09,266,272,-6
2019-04-30 12:10,268,274,-6
2019-04-30 12:11,269,275,-6
2019-04-30 12:12,271,276,-5
2019-04-30 12:13,273,278,-5
2019-04-30 12:14,275,279,-4
2019-04-30 12:15,277,281,-4
2019-04-30 12:16,279,282,-3
2019-04-30 12:17,280,283,-3
2019-04-30 12:18,282,285,-3
2019-04-30 12:19,284,286,-2
2019-04-30 12:20,285,288,-3
2019-04-30 12:21,287,289,-2
2019-04-30 12:22,289,290,-1
2019-04-30 12:23,291,292,-1
2019-04-30 12:24,293,293,0
2019-04-30 12:25,295,295,0
2019-04-30 12:26,297,296,1
2019-04-30 12:27,298,297,1
2019-04-30 12:28,300,299,1
2019-04-30 12:29,302,300,2
2019-04-30 12:30,304,302,2
2019-04-30 12:31,306,303,3
2019-04-30 12:32,308,305,3
2019-04-30 12:33,309,306,3
2019-04-30 12:34,311,307,4
2019-04-30 12:35,313,309,4
2019-04-30 12:36,315,310,5
2019-04-30 12:37,317,312,5
2019-04-30 12:38,318,313,5
2019-04-30 12:39,320,315,5
2019-04-30 12:40,321,316,5
2019-04-30 12:41,323,318,5
2019-04-30 12:42,325,319,6
2019-04-30 12:43,326,320,6
2019-04-30 12:44,328,322,6
2019-04-30 12:45,330,323,7
2019-04-30 12:46,332,325,7
2019-04-30 12:47,333,326,7
2019-04-30 12:48,335,328,7
2019-04-30 12:49,337,329,8
2019-04-30 12:50,338,331,7
2019-04-30 12:51,340,332,8
2019-04-30 12:52,342,334,8
2019-04-30 12:53,343,335,8
2019-04-30 12:54,345,336,9
2019-04-30 12:55,346,338,8
2019-04-30 12:56,348,339,9
2019-04-30 12:57,350,341,9
2019-04-30 12:58,352,342,10
2019-04-30 12:59,353,344,9
2019-04-30 13:00,355,345,10
2019-04-30 13:01,356,347,9
2019-04-30 13:02,358,348,10
2019-04-30 13:03,360,350,10
2019-04-30 13:04,361,351,10
2019-04-30 13:05,363,352,11
2019-04-30 13:06,365,354,11
2019-04-30 13:07,366,355,11
2019-04-30 13:08,368,357,11
2019-04-30 13:09,370,358,12
2019-04-30 13:10,371,360,11
2019-04-30 13:11,373,361,12
2019-04-30 13:12,374,363,11
2019-04-30 13:13,376,364,12
2019-04-30 13:14,377,366,11
2019-04-30 13:15,379,367,12
2019-04-30 13:16,381,368,13
2019-04-30 13:17,383,370,13
2019-04-30 13:18,384,371,13
2019-04-30 13:19,386,373,13
2019-04-30 13:20,388,374,14
2019-04-30 13:21,389,376,13
2019-04-30 13:22,391,377,14
2019-04-30 13:23,392,379,13
2019-04-30 13:24,394,380,14
2019-04-30 13:25,395,381,14
2019-04-30 13:26,397,383,14
2019-04-30 13:27,398,384,14
2019-04-30 13:28,400,386,14
2019-04-30 13:29,402,387,15
2019-04-30 13:30,404,388,16
2019-04-30 13:31,405,390,15
2019-04-30 13:32,407,391,16
2019-04-30 13:33,409,393,16
2019-04-30 13:34,410,394,16
2019-04-30 13:35,412,395,17
2019-04-30 13:36,413,397,16
2019-04-30 13:37,415,398,17
2019-04-30 13:38,416,399,17
2019-04-30 13:39,418,401,17
2019-04-30 13:40,419,402,17
2019-04-30 13:41,421,404,17
2019-04-30 13:42,422,405,17
2019-04-30 13:43,424,406,18
2019-04-30 13:44,426,408,18
2019-04-30 13:45,427,409,18
2019-04-30 13:46,429,410,19
2019-04-30 13:47,430,412,18
2019-04-30 13:48,431,413,18
2019-04-30 13:49,433,414,19
2019-04-30 13:50,434,416,18
2019-04-30 13:51,436,417,19
2019-04-30 13:52,437,418,19
2019-04-30 13:53,439,419,20
2019-04-30 13:54,441,421,20
2019-04-30 13:55,442,422,20
2019-04-30 13:56,444,423,21
2019-04-30 13:57,445,424,21
2019-04-30 13:58,447,426,21
2019-04-30 13:59,448,427,21
2019-04-30 14:00,449,428,21
2019-04-30 14:01,451,429,22
2019-04-30 14:02,452,431,21
2019-04-30 14:03,453,432,21
2019-04-30 14:04,455,433,22
2019-04-30 14:05,456,434,22
2019-04-30 14:06,458,435,23
2019-04-30 14:07,459,437,22
2019-04-30 14:08,461,438,23
2019-04-30 14:09,462,439,23
2019-04-30 14:10,463,440,23
2019-04-30 14:11,465,441,24
2019-04-30 14:12,466,442,24
2019-04-30 14:13,467,443,24
2019-04-30 14:14,468,445,23
2019-04-30 14:15,469,446,23
2019-04-30 14:16,471,447,24
2019-04-30 14:17,472,448,24
2019-04-30 14:18,473,449,24
2019-04-30 14:19,475,450,25
2019-04-30 14:20,476,451,25
2019-04-30 14:21,477,452,25
2019-04-30 14:22,478,453,25
2019-04-30 14:23,479,454,25
2019-04-30 14:24,481,455,26
2019-04-30 14:25,482,456,26
2019-04-30 14:26,483,457,26
2019-04-30 14:27,484,458,26
2019-04-30 14:28,485,459,26
2019-04-30 14:29,486,460,26
2019-04-30 14:30,488,461,27
2019-04-30 14:31,488,462,26
2019-04-30 14:32,490,463,27
2019-04-30 14:33,491,464,27
2019-04-30 14:34,492,465,27
2019-04-30 14:35,493,465,28
2019-04-30 14:36,494,466,28
2019-04-30 14:37,495,467,28
2019-04-30 14:38,496,468,28
2019-04-30 14:39,497,469,28
2019-04-30 14:40,498,470,28
2019-04-30 14:41,499,470,29
2019-04-30 14:42,500,471,29
2019-04-30 14:43,501,472,29
2019-04-30 14:44,502,473,29
2019-04-30 14:45,503,473,30
2019-04-30 14:46,504,474,30
2019-04-30 14:47,505,475,30
2019-04-30 14:48,505,476,29
2019-04-30 14:49,506,476,30
2019-04-30 14:50,507,477,30
2019-04-30 14:51,508,478,30
2019-04-30 14:52,509,478,31
2019-04-30 14:53,510,479,31
2019-04-30 14:54,511,480,31
2019-04-30 14:55,511,480,31
2019-04-30 14:56,512,481,31
2019-04-30 14:57,512,481,31
2019-04-30 14:58,513,482,31
2019-04-30 14:59,513,482,31
2019-04-30 15:00,514,483,31
2019-04-30 15:01,515,483,32
2019-04-30 15:02,516,484,32
2019-04-30 15:03,516,484,32
2019-04-30 15:04,517,485,32
2019-04-30 15:05,517,485,32
2019-04-30 15:06,518,486,32
2019-04-30 15:07,518,486,32
2019-04-30 15:08,519,487,32
2019-04-30 15:09,519,487,32
2019-04-30 15:10,520,487,33
2019-04-30 15:11,520,488,32
2019-04-30 15:12,520,488,32
2019-04-30 15:13,521,488,33
2019-04-30 15:14,521,489,32
2019-04-30 15:15,521,489,32
2019-04-30 15:16,521,489,32
2019-04-30 15:17,522,489,33
2019-04-30 15:18,522,490,32
2019-04-30 15:19,522,490,32
2019-04-30 15:20,522,490,32
2019-04-30 15:21,522,490,32
2019-04-30 15:22,522,490,32
2019-04-30 15:23,522,491,31
2019-04-30 15:24,522,491,31
2019-04-30 15:25,522,491,31
2019-04-30 15:26,523,491,32
2019-04-30 15:27,523,491,32
2019-04-30 15:28,523,491,32
2019-04-30 15:29,523,491,32
2019-04-30 15:30,523,491,32
2019-04-30 15:31,523,491,32
2019-04-30 15:32,523,491,32
2019-04-30 15:33,523,491,32
2019-04-30 15:34,523,491,32
2019-04-30 15:35,523,491,32
2019-04-30 15:36,523,491,32
2019-04-30 15:37,523,491,32
2019-04-30 15:38,523,491,32
2019-04-30 15:39,522,491,31
2019-04-30 15:40,522,491,31
2019-04-30 15:41,522,490,32
2019-04-30 15:42,521,490,31
2019-04-30 15:43,521,490,31
2019-04-30 15:44,521,490,31
2019-04-30 15:45,521,490,31
2019-04-30 15:46,520,489,31
2019-04-30 15:47,520,489,31
2019-04-30 15:48,519,489,30
2019-04-30 15:49,518,489,29
2019-04-30 15:50,518,488,30
2019-04-30 15:51,517,488,29
2019-04-30 15:52,517,488,29
2019-04-30 15:53,516,487,29
2019-04-30 15:54,516,487,29
2019-04-30 15:55,515,487,28
2019-04-30 15:56,514,486,28
2019-04-30 15:57,513,486,27
2019-04-30 15:58,513,485,28
2019-04-30 15:59,512,485,27
2019-04-30 16:00,511,484,27
2019-04-30 16:01,510,484,26
2019-04-30 16:02,510,483,27
2019-04-30 16:03,509,483,26
2019-04-30 16:04,508,482,26
2019-04-30 16:05,508,482,26
2019-04-30 16:06,507,481,26
2019-04-30 16:07,506,481,25
2019-04-30 16:08,505,480,25
2019-04-30 16:09,505,480,25
2019-04-30 16:10,504,479,25
2019-04-30 16:11,503,478,25
2019-04-30 16:12,502,478,24
2019-04-30 16:13,501,477,24
2019-04-30 16:14,501,476,25
2019-04-30 16:15,500,476,24
2019-04-30 16:16,499,475,24
2019-04-30 16:17,498,474,24
2019-04-30 16:18,497,474,23
2019-04-30 16:19,496,473,23
2019-04-30 16:20,495,472,23
2019-04-30 16:21,494,471,23
2019-04-30 16:22,493,470,23
2019-04-30 16:23,492,470,22
2019-04-30 16:24,491,469,22
2019-04-30 16:25,491,468,23
2019-04-30 16:26,490,467,23
2019-04-30 16:27,489,466,23
2019-04-30 16:28,488,465,23
2019-04-30 16:29,487,465,22
2019-04-30 16:30,486,464,22
2019-04-30 16:31,485,463,22
2019-04-30 16:32,484,462,22
2019-04-30 16:33,483,461,22
2019-04-30 16:34,482,460,22
2019-04-30 16:35,481,459,22
2019-04-30 16:36,479,458,21
2019-04-30 16:37,478,457,21
2019-04-30 16:38,477,456,21
2019-04-30 16:39,476,455,21
2019-04-30 16:40,475,454,21
2019-04-30 16:41,475,453,22
2019-04-30 16:42,473,452,21
2019-04-30 16:43,472,451,21
2019-04-30 16:44,471,450,21
2019-04-30 16:45,470,449,21
2019-04-30 16:46,469,448,21
2019-04-30 16:47,468,447,21
2019-04-30 16:48,467,446,21
2019-04-30 16:49,466,445,21
2019-04-30 16:50,465,444,21
2019-04-30 16:51,464,442,22
2019-04-30 16:52,463,441,22
2019-04-30 16:53,462,440,22
2019-04-30 16:54,461,439,22
2019-04-30 16:55,460,438,22
2019-04-30 16:56,458,437,21
2019-04-30 16:57,457,436,21
2019-04-30 16:58,456,434,22
2019-04-30 16:59,455,433,22
2019-04-30 17:00,454,432,22
2019-04-30 17:01,453,431,22
2019-04-30 17:02,452,430,22
2019-04-30 17:03,450,428,22
2019-04-30 17:04,449,427,22
2019-04-30 17:05,448,426,22
2019-04-30 17:06,447,425,22
2019-04-30 17:07,446,423,23
2019-04-30 17:08,445,422,23
2019-04-30 17:09,443,421,22
2019-04-30 17:10,442,420,22
2019-04-30 17:11,441,418,23
2019-04-30 17:12,439,417,22
2019-04-30 17:13,438,416,22
2019-04-30 17:14,437,415,22
2019-04-30 17:15,436,413,23
2019-04-30 17:16,434,412,22
2019-04-30 17:17,433,411,22
2019-04-30 17:18,432,409,23
2019-04-30 17:19,431,408,23
2019-04-30 17:20,429,407,22
2019-04-30 17:21,428,405,23
2019-04-30 17:22,427,404,23
2019-04-30 17:23,426,403,23
2019-04-30 17:24,425,401,24
2019-04-30 17:25,423,400,23
2019-04-30 17:26,422,399,23
2019-04-30 17:27,421,397,24
2019-04-30 17:28,420,396,24
2019-04-30 17:29,418,395,23
2019-04-30 17:30,417,393,24
2019-04-30 17:31,416,392,24
2019-04-30 17:32,414,391,23
2019-04-30 17:33,413,389,24
2019-04-30 17:34,412,388,24
2019-04-30 17:35,411,387,24
2019-04-30 17:36,410,385,25
2019-04-30 17:37,409,384,25
2019-04-30 17:38,408,383,25
2019-04-30 17:39,406,381,25
2019-04-30 17:40,405,380,25
2019-04-30 17:41,404,378,26
2019-04-30 17:42,402,377,25
2019-04-30 17:43,401,376,25
2019-04-30 17:44,400,374,26
2019-04-30 17:45,399,373,26
2019-04-30 17:46,397,372,25
2019-04-30 17:47,396,370,26
2019-04-30 17:48,395,369,26
2019-04-30 17:49,394,367,27
2019-04-30 17:50,393,366,27
2019-04-30 17:51,392,365,27
2019-04-30 17:52,390,363,27
2019-04-30 17:53,389,362,27
2019-04-30 17:54,388,361,27
2019-04-30 17:55,386,359,27
2019-04-30 17:56,385,358,27
2019-04-30 17:57,383,356,27
2019-04-30 17:58,382,355,27
2019-04-30 17:59,381,354,27
2019-04-30 18:00,380,352,28
2019-04-30 18:01,378,351,27
2019-04-30 18:02,377,350,27
2019-04-30 18:03,375,348,27
2019-04-30 18:04,374,347,27
2019-04-30 18:05,373,345,28
2019-04-30 18:06,372,344,28
2019-04-30 18:07,371,343,28
2019-04-30 18:08,369,341,28
2019-04-30 18:09,368,340,28
2019-04-30 18:10,367,339,28
2019-04-30 18:11,365,337,28
2019-04-30 18:12,364,336,28
2019-04-30 18:13,363,335,28
2019-04-30 18:14,361,333,28
2019-04-30 18:15,360,332,28
2019-04-30 18:16,359,331,28
2019-04-30 18:17,358,329,29
2019-04-30 18:18,357,328,29
2019-04-30 18:19,355,327,28
2019-04-30 18:20,354,325,29
2019-04-30 18:21,353,324,29
2019-04-30 18:22,352,323,29
2019-04-30 18:23,351,321,30
2019-04-30 18:24,350,320,30
2019-04-30 18:25,348,319,29
2019-04-30 18:26,347,317,30
2019-04-30 18:27,346,316,30
2019-04-30 18:28,344,315,29
2019-04-30 18:29,343,313,30
2019-04-30 18:30,342,312,30
2019-04-30 18:31,341,311,30
2019-04-30 18:32,340,309,31
2019-04-30 18:33,338,308,30
2019-04-30 18:34,337,307,30
2019-04-30 18:35,336,305,31
2019-04-30 18:36,335,304,31
2019-04-30 18:37,334,303,31
2019-04-30 18:38,333,302,31
2019-04-30 18:39,331,300,31
2019-04-30 18:40,330,299,31
2019-04-30 18:41,329,298,31
2019-04-30 18:42,327,297,30
2019-04-30 18:43,326,295,31
2019-04-30 18:44,325,294,31
2019-04-30 18:45,324,293,31
2019-04-30 18:46,322,291,31
2019-04-30 18:47,321,290,31
2019-04-30 18:48,320,289,31
2019-04-30 18:49,319,288,31
2019-04-30 18:50,318,286,32
2019-04-30 18:51,317,285,32
2019-04-30 18:52,316,284,32
2019-04-30 18:53,314,283,31
2019-04-30 18:54,313,282,31
2019-04-30 18:55,312,280,32
2019-04-30 18:56,311,279,32
2019-04-30 18:57,309,278,31
2019-04-30 18:58,308,277,31
2019-04-30 18:59,307,275,32
2019-04-30 19:00,306,274,32
2019-04-30 19:01,304,273,31
2019-04-30 19:02,303,272,31
2019-04-30 19:03,302,271,31
2019-04-30 19:04,301,269,32
2019-04-30 19:05,300,268,32
2019-04-30 19:06,298,267,31
2019-04-30 19:07,297,266,31
2019-04-30 19:08,296,265,31
2019-04-30 19:09,295,264,31
2019-04-30 19:10,294,262,32
2019-04-30 19:11,292,261,31
2019-04-30 19:12,291,260,31
2019-04-30 19:13,290,259,31
2019-04-30 19:14,289,258,31
2019-04-30 19:15,288,257,31
2019-04-30 19:16,287,255,32
2019-04-30 19:17,285,254,31
2019-04-30 19:18,284,253,31
2019-04-30 19:19,283,252,31
2019-04-30 19:20,282,251,31
2019-04-30 19:21,281,250,31
2019-04-30 19:22,280,249,31
2019-04-30 19:23,279,247,32
2019-04-30 19:24,277,246,31
2019-04-30 19:25,276,245,31
2019-04-30 19:26,275,244,31
2019-04-30 19:27,274,243,31
2019-04-30 19:28,273,242,31
2019-04-30 19:29,271,241,30
2019-04-30 19:30,270,240,30
2019-04-30 19:31,269,239,30
2019-04-30 19:32,268,237,31
2019-04-30 19:33,267,236,31
2019-04-30 19:34,266,235,31
2019-04-30 19:35,265,234,31
2019-04-30 19:36,263,233,30
2019-04-30 19:37,262,232,30
2019-04-30 19:38,261,231,30
2019-04-30 19:39,260,230,30
2019-04-30 19:40,259,229,30
2019-04-30 19:41,258,228,30
2019-04-30 19:42,257,227,30
2019-04-30 19:43,256,226,30
2019-04-30 19:44,255,225,30
2019-04-30 19:45,254,224,30
2019-04-30 19:46,252,222,30
2019-04-30 19:47,251,221,30
2019-04-30 19:48,250,220,30
2019-04-30 19:49,249,219,30
2019-04-30 19:50,248,218,30
2019-04-30 19:51,247,217,30
2019-04-30 19:52,246,216,30
2019-04-30 19:53,245,215,30
2019-04-30 19:54,244,214,30
2019-04-30 19:55,243,213,30
2019-04-30 19:56,242,212,30
2019-04-30 19:57,241,211,30
2019-04-30 19:58,240,210,30
2019-04-30 19:59,239,209,30
2019-04-30 20:00,238,208,30
2019-04-30 20:01,237,207,30
2019-04-30 20:02,236,206,30
2019-04-30 20:03,234,205,29
2019-04-30 20:04,233,204,29
2019-04-30 20:05,232,203,29
2019-04-30 20:06,231,202,29
2019-04-30 20:07,230,201,29
2019-04-30 20:08,229,200,29
2019-04-30 20:09,228,199,29
2019-04-30 20:10,227,198,29
2019-04-30 20:11,226,197,29
2019-04-30 20:12,225,196,29
2019-04-30 20:13,224,196,28
2019-04-30 20:14,223,195,28
2019-04-30 20:15,222,194,28
2019-04-30 20:16,221,193,28
2019-04-30 20:17,220,192,28
2019-04-30 20:18,219,191,28
2019-04-30 20:19,218,190,28
2019-04-30 20:20,217,189,28
2019-04-30 20:21,216,188,28
2019-04-30 20:22,215,187,28
2019-04-30 20:23,214,186,28
2019-04-30 20:24,213,185,28
2019-04-30 20:25,212,184,28
2019-04-30 20:26,211,184,27
2019-04-30 20:27,210,183,27
2019-04-30 20:28,209,182,27
2019-04-30 20:29,208,181,27
2019-04-30 20:30,207,180,27
2019-04-30 20:31,206,179,27
2019-04-30 20:32,205,178,27
2019-04-30 20:33,204,177,27
2019-04-30 20:34,203,177,26
2019-04-30 20:35,202,176,26
2019-04-30 20:36,201,175,26
2019-04-30 20:37,200,174,26
2019-04-30 20:38,199,173,26
2019-04-30 20:39,198,172,26
2019-04-30 20:40,197,172,25
2019-04-30 20:41,196,171,25
2019-04-30 20:42,195,170,25
2019-04-30 20:43,194,169,25
2019-04-30 20:44,193,168,25
2019-04-30 20:45,192,167,25
2019-04-30 20:46,191,167,24
2019-04-30 20:47,191,166,25
2019-04-30 20:48,190,165,25
2019-04-30 20:49,189,164,25
2019-04-30 20:50,188,164,24
2019-04-30 20:51,187,163,24
2019-04-30 20:52,186,162,24
2019-04-30 20:53,185,161,24
2019-04-30 20:54,184,161,23
2019-04-30 20:55,184,160,24
2019-04-30 20:56,183,159,24
2019-04-30 20:57,182,158,24
2019-04-30 20:58,181,158,23
2019-04-30 20:59,180,157,23
2019-04-30 21:00,179,156,23
2019-04-30 21:01,178,155,23
2019-04-30 21:02,177,155,22
2019-04-30 21:03,176,154,22
2019-04-30 21:04,175,153,22
2019-04-30 21:05,174,153,21
2019-04-30 21:06,173,152,21
2019-04-30 21:07,172,151,21
2019-04-30 21:08,172,151,21
2019-04-30 21:09,171,150,21
2019-04-30 21:10,170,149,21
2019-04-30 21:11,169,149,20
2019-04-30 21:12,168,148,20
2019-04-30 21:13,167,148,19
2019-04-30 21:14,167,147,20
2019-04-30 21:15,166,146,20
2019-04-30 21:16,165,146,19
2019-04-30 21:17,164,145,19
2019-04-30 21:18,163,145,18
2019-04-30 21:19,163,144,19
2019-04-30 21:20,161,143,18
2019-04-30 21:21,161,143,18
2019-04-30 21:22,159,142,17
2019-04-30 21:23,159,142,17
2019-04-30 21:24,158,141,17
2019-04-30 21:25,157,141,16
2019-04-30 21:26,156,140,16
2019-04-30 21:27,156,140,16
2019-04-30 21:28,155,139,16
2019-04-30 21:29,154,139,15
2019-04-30 21:30,153,138,15
2019-04-30 21:31,152,138,14
2019-04-30 21:32,151,137,14
2019-04-30 21:33,151,137,14
2019-04-30 21:34,150,136,14
2019-04-30 21:35,149,136,13
2019-04-30 21:36,148,136,12
2019-04-30 21:37,148,135,13
2019-04-30 21:38,147,135,12
2019-04-30 21:39,146,134,12
2019-04-30 21:40,146,134,12
2019-04-30 21:41,145,134,11
2019-04-30 21:42,144,133,11
2019-04-30 21:43,143,133,10
2019-04-30 21:44,142,133,9
2019-04-30 21:45,142,132,10
2019-04-30 21:46,141,132,9
2019-04-30 21:47,140,132,8
2019-04-30 21:48,139,131,8
2019-04-30 21:49,138,131,7
2019-04-30 21:50,138,131,7
2019-04-30 21:51,137,130,7
2019-04-30 21:52,136,130,6
2019-04-30 21:53,135,130,5
2019-04-30 21:54,135,130,5
2019-04-30 21:55,134,129,5
2019-04-30 21:56,133,129,4
2019-04-30 21:57,133,129,4
2019-04-30 21:58,132,129,3
2019-04-30 21:59,132,128,4
2019-04-30 22:00,131,128,3
2019-04-30 22:01,130,128,2
2019-04-30 22:02,130,128,2
2019-04-30 22:03,129,128,1
2019-04-30 22:04,129,128,1
2019-04-30 22:05,128,128,0
2019-04-30 22:06,128,127,1
2019-04-30 22:07,127,127,0
2019-04-30 22:08,126,127,-1
2019-04-30 22:09,126,127,-1
2019-04-30 22:10,125,127,-2
2019-04-30 22:11,124,127,-3
2019-04-30 22:12,124,127,-3
2019-04-30 22:13,123,127,-4
2019-04-30 22:14,123,127,-4
2019-04-30 22:15,122,127,-5
2019-04-30 22:16,121,127,-6
2019-04-30 22:17,121,127,-6
2019-04-30 22:18,121,127,-6
2019-04-30 22:19,120,127,-7
2019-04-30 22:20,120,127,-7
2019-04-30 22:21,119,127,-8
2019-04-30 22:22,119,127,-8
2019-04-30 22:23,118,127,-9
2019-04-30 22:24,118,127,-9
2019-04-30 22:25,118,127,-9
2019-04-30 22:26,118,127,-9
2019-04-30 22:27,117,128,-11
2019-04-30 22:28,117,128,-11
2019-04-30 22:29,116,128,-12
2019-04-30 22:30,116,128,-12
2019-04-30 22:31,116,128,-12
2019-04-30 22:32,116,128,-12
2019-04-30 22:33,116,129,-13
2019-04-30 22:34,115,129,-14
2019-04-30 22:35,115,129,-14
2019-04-30 22:36,115,129,-14
2019-04-30 22:37,115,129,-14
2019-04-30 22:38,115,130,-15
2019-04-30 22:39,115,130,-15
2019-04-30 22:40,115,130,-15
2019-04-30 22:41,115,131,-16
2019-04-30 22:42,116,131,-15
2019-04-30 22:43,116,131,-15
2019-04-30 22:44,116,131,-15
2019-04-30 22:45,116,132,-16
2019-04-30 22:46,116,132,-16
2019-04-30 22:47,117,133,-16
2019-04-30 22:48,117,133,-16
2019-04-30 22:49,118,133,-15
2019-04-30 22:50,118,134,-16
2019-04-30 22:51,119,134,-15
2019-04-30 22:52,119,134,-15
2019-04-30 22:53,120,135,-15
2019-04-30 22:54,121,135,-14
2019-04-30 22:55,122,136,-14
2019-04-30 22:56,123,136,-13
2019-04-30 22:57,124,137,-13
2019-04-30 22:58,124,137,-13
2019-04-30 22:59,126,138,-12
2019-04-30 23:00,126,138,-12
2019-04-30 23:01,128,139,-11
2019-04-30 23:02,129,139,-10
2019-04-30 23:03,130,140,-10
2019-04-30 23:04,131,140,-9
2019-04-30 23:05,132,141,-9
2019-04-30 23:06,133,142,-9
2019-04-30 23:07,134,142,-8
2019-04-30 23:08,135,143,-8
2019-04-30 23:09,137,143,-6
2019-04-30 23:10,138,144,-6
2019-04-30 23:11,139,145,-6
2019-04-30 23:12,141,145,-4
2019-04-30 23:13,142,146,-4
2019-04-30 23:14,143,147,-4
2019-04-30 23:15,145,147,-2
2019-04-30 23:16,146,148,-2
2019-04-30 23:17,147,149,-2
2019-04-30 23:18,148,149,-1
2019-04-30 23:19,150,150,0
2019-04-30 23:20,151,151,0
2019-04-30 23:21,152,152,0
2019-04-30 23:22,153,152,1
2019-04-30 23:23,154,153,1
2019-04-30 23:24,155,154,1
2019-04-30 23:25,156,155,1
2019-04-30 23:26,157,156,1
2019-04-30 23:27,158,156,2
2019-04-30 23:28,159,157,2
2019-04-30 23:29,160,158,2
2019-04-30 23:30,161,159,2
2019-04-30 23:31,163,160,3
2019-04-30 23:32,163,161,2
2019-04-30 23:33,164,162,2
2019-04-30 23:34,165,162,3
2019-04-30 23:35,166,163,3
2019-04-30 23:36,166,164,2
2019-04-30 23:37,167,165,2
2019-04-30 23:38,168,166,2
2019-04-30 23:39,169,167,2
2019-04-30 23:40,169,168,1
2019-04-30 23:41,170,169,1
2019-04-30 23:42,171,170,1
2019-04-30 23:43,171,171,0
2019-04-30 23:44,172,172,0
2019-04-30 23:45,173,173,0
2019-04-30 23:46,173,174,-1
2019-04-30 23:47,174,175,-1
2019-04-30 23:48,175,176,-1
2019-04-30 23:49,175,177,-2
2019-04-30 23:50,176,178,-2
2019-04-30 23:51,177,179,-2
2019-04-30 23:52,178,180,-2
2019-04-30 23:53,179,181,-2
2019-04-30 23:54,180,182,-2
2019-04-30 23:55,181,184,-3
2019-04-30 23:56,182,185,-3
2019-04-30 23:57,183,186,-3
2019-04-30 23:58,184,187,-3
2019-04-30 23:59,185,188,-3
2019-05-01 0:00,186,189,-3
2019-05-01 0:01,187,190,-3
2019-05-01 0:02,188,191,-3
2019-05-01 0:03,189,193,-4
2019-05-01 0:04,190,194,-4
2019-05-01 0:05,192,195,-3
2019-05-01 0:06,193,196,-3
2019-05-01 0:07,194,197,-3
2019-05-01 0:08,196,199,-3
2019-05-01 0:09,197,200,-3
2019-05-01 0:10,199,201,-2
2019-05-01 0:11,201,202,-1
2019-05-01 0:12,202,204,-2
2019-05-01 0:13,204,205,-1
2019-05-01 0:14,205,206,-1
2019-05-01 0:15,207,207,0
2019-05-01 0:16,208,209,-1
2019-05-01 0:17,210,210,0
2019-05-01 0:18,212,211,1
2019-05-01 0:19,213,213,0
2019-05-01 0:20,215,214,1
2019-05-01 0:21,217,215,2
2019-05-01 0:22,219,217,2
2019-05-01 0:23,221,218,3
2019-05-01 0:24,222,219,3
2019-05-01 0:25,224,221,3
2019-05-01 0:26,226,222,4
2019-05-01 0:27,227,223,4
2019-05-01 0:28,229,225,4
2019-05-01 0:29,231,226,5
2019-05-01 0:30,233,228,5
2019-05-01 0:31,234,229,5
2019-05-01 0:32,236,230,6
2019-05-01 0:33,238,232,6
2019-05-01 0:34,240,233,7
2019-05-01 0:35,241,235,6
2019-05-01 0:36,243,236,7
2019-05-01 0:37,244,237,7
2019-05-01 0:38,246,239,7
2019-05-01 0:39,247,240,7
2019-05-01 0:40,249,242,7
2019-05-01 0:41,251,243,8
2019-05-01 0:42,252,245,7
2019-05-01 0:43,254,246,8
2019-05-01 0:44,256,248,8
2019-05-01 0:45,257,249,8
2019-05-01 0:46,259,251,8
2019-05-01 0:47,261,252,9
2019-05-01 0:48,262,254,8
2019-05-01 0:49,264,255,9
2019-05-01 0:50,265,257,8
2019-05-01 0:51,267,258,9
2019-05-01 0:52,268,260,8
2019-05-01 0:53,270,261,9
2019-05-01 0:54,272,263,9
2019-05-01 0:55,273,264,9
2019-05-01 0:56,275,266,9
2019-05-01 0:57,277,268,9
2019-05-01 0:58,279,269,10
2019-05-01 0:59,280,271,9
2019-05-01 1:00,282,272,10
2019-05-01 1:01,284,274,10
2019-05-01 1:02,285,275,10
2019-05-01 1:03,287,277,10
2019-05-01 1:04,289,279,10
2019-05-01 1:05,291,280,11
2019-05-01 1:06,293,282,11
2019-05-01 1:07,295,283,12
2019-05-01 1:08,296,285,11
2019-05-01 1:09,298,286,12
2019-05-01 1:10,300,288,12
2019-05-01 1:11,302,290,12
2019-05-01 1:12,303,291,12
2019-05-01 1:13,305,293,12
2019-05-01 1:14,307,295,12
2019-05-01 1:15,309,296,13
2019-05-01 1:16,310,298,12
2019-05-01 1:17,312,299,13
2019-05-01 1:18,314,301,13
2019-05-01 1:19,316,303,13
2019-05-01 1:20,317,304,13
2019-05-01 1:21,319,306,13
2019-05-01 1:22,320,308,12
2019-05-01 1:23,322,309,13
2019-05-01 1:24,324,311,13
2019-05-01 1:25,326,312,14
2019-05-01 1:26,327,314,13
2019-05-01 1:27,329,316,13
2019-05-01 1:28,331,317,14
2019-05-01 1:29,333,319,14
2019-05-01 1:30,334,321,13
2019-05-01 1:31,336,322,14
2019-05-01 1:32,337,324,13
2019-05-01 1:33,339,326,13
2019-05-01 1:34,341,327,14
2019-05-01 1:35,342,329,13
2019-05-01 1:36,344,330,14
2019-05-01 1:37,346,332,14
2019-05-01 1:38,348,334,14
2019-05-01 1:39,350,335,15
2019-05-01 1:40,351,337,14
2019-05-01 1:41,353,339,14
2019-05-01 1:42,355,340,15
2019-05-01 1:43,356,342,14
2019-05-01 1:44,358,344,14
2019-05-01 1:45,360,345,15
2019-05-01 1:46,362,347,15
2019-05-01 1:47,363,349,14
2019-05-01 1:48,365,350,15
2019-05-01 1:49,367,352,15
2019-05-01 1:50,369,353,16
2019-05-01 1:51,371,355,16
2019-05-01 1:52,372,357,15
2019-05-01 1:53,374,358,16
2019-05-01 1:54,376,360,16
2019-05-01 1:55,377,361,16
2019-05-01 1:56,379,363,16
2019-05-01 1:57,381,365,16
2019-05-01 1:58,382,366,16
2019-05-01 1:59,384,368,16
2019-05-01 2:00,386,369,17
2019-05-01 2:01,388,371,17
2019-05-01 2:02,390,373,17
2019-05-01 2:03,391,374,17
2019-05-01 2:04,392,376,16
2019-05-01 2:05,394,377,17
2019-05-01 2:06,396,379,17
2019-05-01 2:07,397,380,17
2019-05-01 2:08,399,382,17
2019-05-01 2:09,401,384,17
2019-05-01 2:10,402,385,17
2019-05-01 2:11,404,387,17
2019-05-01 2:12,406,388,18
2019-05-01 2:13,407,390,17
2019-05-01 2:14,409,391,18
2019-05-01 2:15,411,393,18
2019-05-01 2:16,412,394,18
2019-05-01 2:17,413,396,17
2019-05-01 2:18,415,397,18
2019-05-01 2:19,417,399,18
2019-05-01 2:20,418,400,18
2019-05-01 2:21,420,402,18
2019-05-01 2:22,421,403,18
2019-05-01 2:23,423,404,19
2019-05-01 2:24,425,406,19
2019-05-01 2:25,426,407,19
2019-05-01 2:26,428,409,19
2019-05-01 2:27,429,410,19
2019-05-01 2:28,430,412,18
2019-05-01 2:29,432,413,19
2019-05-01 2:30,433,414,19
2019-05-01 2:31,434,416,18
2019-05-01 2:32,436,417,19
2019-05-01 2:33,437,418,19
2019-05-01 2:34,439,420,19
2019-05-01 2:35,440,421,19
2019-05-01 2:36,442,422,20
2019-05-01 2:37,443,424,19
2019-05-01 2:38,444,425,19
2019-05-01 2:39,446,426,20
2019-05-01 2:40,447,428,19
2019-05-01 2:41,448,429,19
2019-05-01 2:42,449,430,19
2019-05-01 2:43,450,431,19
2019-05-01 2:44,451,433,18
2019-05-01 2:45,453,434,19
2019-05-01 2:46,454,435,19
2019-05-01 2:47,455,436,19
2019-05-01 2:48,456,437,19
2019-05-01 2:49,457,439,18
2019-05-01 2:50,458,440,18
2019-05-01 2:51,460,441,19
2019-05-01 2:52,461,442,19
2019-05-01 2:53,462,443,19
2019-05-01 2:54,463,444,19
2019-05-01 2:55,464,445,19
2019-05-01 2:56,466,446,20
2019-05-01 2:57,467,448,19
2019-05-01 2:58,468,449,19
2019-05-01 2:59,469,450,19
2019-05-01 3:00,470,451,19
2019-05-01 3:01,471,452,19
2019-05-01 3:02,472,453,19
2019-05-01 3:03,473,454,19
2019-05-01 3:04,474,455,19
2019-05-01 3:05,475,455,20
2019-05-01 3:06,476,456,20
2019-05-01 3:07,478,457,21
2019-05-01 3:08,479,458,21
2019-05-01 3:09,480,459,21
2019-05-01 3:10,481,460,21
2019-05-01 3:11,483,461,22
2019-05-01 3:12,483,462,21
2019-05-01 3:13,484,462,22
2019-05-01 3:14,485,463,22
2019-05-01 3:15,486,464,22
2019-05-01 3:16,487,465,22
2019-05-01 3:17,488,466,22
2019-05-01 3:18,488,466,22
2019-05-01 3:19,489,467,22
2019-05-01 3:20,490,468,22
2019-05-01 3:21,491,468,23
2019-05-01 3:22,492,469,23
2019-05-01 3:23,492,470,22
2019-05-01 3:24,493,470,23
2019-05-01 3:25,494,471,23
2019-05-01 3:26,494,472,22
2019-05-01 3:27,496,472,24
2019-05-01 3:28,496,473,23
2019-05-01 3:29,497,473,24
2019-05-01 3:30,497,474,23
2019-05-01 3:31,498,474,24
2019-05-01 3:32,499,475,24
2019-05-01 3:33,499,475,24
2019-05-01 3:34,500,476,24
2019-05-01 3:35,501,476,25
2019-05-01 3:36,501,476,25
2019-05-01 3:37,502,477,25
2019-05-01 3:38,502,477,25
2019-05-01 3:39,502,478,24
2019-05-01 3:40,503,478,25
2019-05-01 3:41,503,478,25
2019-05-01 3:42,504,478,26
2019-05-01 3:43,504,479,25
2019-05-01 3:44,504,479,25
2019-05-01 3:45,504,479,25
2019-05-01 3:46,505,479,26
2019-05-01 3:47,505,480,25
2019-05-01 3:48,505,480,25
2019-05-01 3:49,505,480,25
2019-05-01 3:50,506,480,26
2019-05-01 3:51,506,480,26
2019-05-01 3:52,506,480,26
2019-05-01 3:53,506,481,25
2019-05-01 3:54,506,481,25
2019-05-01 3:55,507,481,26
2019-05-01 3:56,507,481,26
2019-05-01 3:57,507,481,26
2019-05-01 3:58,507,481,26
2019-05-01 3:59,507,481,26
2019-05-01 4:00,507,481,26
2019-05-01 4:01,506,481,25
2019-05-01 4:02,506,480,26
2019-05-01 4:03,506,480,26
2019-05-01 4:04,506,480,26
2019-05-01 4:05,506,480,26
2019-05-01 4:06,505,480,25
2019-05-01 4:07,505,480,25
2019-05-01 4:08,505,480,25
2019-05-01 4:09,504,479,25
2019-05-01 4:10,504,479,25
2019-05-01 4:11,504,479,25
2019-05-01 4:12,504,479,25
2019-05-01 4:13,503,478,25
2019-05-01 4:14,503,478,25
2019-05-01 4:15,502,478,24
2019-05-01 4:16,502,477,25
2019-05-01 4:17,501,477,24
2019-05-01 4:18,501,477,24
2019-05-01 4:19,500,476,24
2019-05-01 4:20,499,476,23
2019-05-01 4:21,499,475,24
2019-05-01 4:22,498,475,23
2019-05-01 4:23,497,474,23
2019-05-01 4:24,497,474,23
2019-05-01 4:25,496,473,23
2019-05-01 4:26,496,473,23
2019-05-01 4:27,495,472,23
2019-05-01 4:28,494,472,22
2019-05-01 4:29,494,471,23
2019-05-01 4:30,493,471,22
2019-05-01 4:31,492,470,22
2019-05-01 4:32,492,469,23
2019-05-01 4:33,491,469,22
2019-05-01 4:34,490,468,22
2019-05-01 4:35,489,467,22
2019-05-01 4:36,488,467,21
2019-05-01 4:37,488,466,22
2019-05-01 4:38,487,465,22
2019-05-01 4:39,486,465,21
2019-05-01 4:40,485,464,21
2019-05-01 4:41,485,463,22
2019-05-01 4:42,484,462,22
2019-05-01 4:43,483,462,21
2019-05-01 4:44,482,461,21
2019-05-01 4:45,481,460,21
2019-05-01 4:46,480,459,21
2019-05-01 4:47,479,458,21
2019-05-01 4:48,478,457,21
2019-05-01 4:49,476,456,20
2019-05-01 4:50,475,456,19
2019-05-01 4:51,474,455,19
2019-05-01 4:52,473,454,19
2019-05-01 4:53,472,453,19
2019-05-01 4:54,471,452,19
2019-05-01 4:55,470,451,19
2019-05-01 4:56,469,450,19
2019-05-01 4:57,468,449,19
2019-05-01 4:58,467,448,19
2019-05-01 4:59,466,447,19
2019-05-01 5:00,465,446,19
2019-05-01 5:01,464,445,19
2019-05-01 5:02,463,444,19
2019-05-01 5:03,462,443,19
2019-05-01 5:04,461,442,19
2019-05-01 5:05,459,441,18
2019-05-01 5:06,458,439,19
2019-05-01 5:07,457,438,19
2019-05-01 5:08,456,437,19
2019-05-01 5:09,455,436,19
2019-05-01 5:10,454,435,19
2019-05-01 5:11,453,434,19
2019-05-01 5:12,452,433,19
2019-05-01 5:13,451,432,19
2019-05-01 5:14,450,430,20
2019-05-01 5:15,449,429,20
2019-05-01 5:16,448,428,20
2019-05-01 5:17,447,427,20
2019-05-01 5:18,446,426,20
2019-05-01 5:19,444,424,20
2019-05-01 5:20,443,423,20
2019-05-01 5:21,442,422,20
2019-05-01 5:22,441,421,20
2019-05-01 5:23,439,419,20
2019-05-01 5:24,438,418,20
2019-05-01 5:25,437,417,20
2019-05-01 5:26,436,416,20
2019-05-01 5:27,435,414,21
2019-05-01 5:28,434,413,21
2019-05-01 5:29,433,412,21
2019-05-01 5:30,431,410,21
2019-05-01 5:31,430,409,21
2019-05-01 5:32,429,408,21
2019-05-01 5:33,428,406,22
2019-05-01 5:34,427,405,22
2019-05-01 5:35,426,404,22
2019-05-01 5:36,424,402,22
2019-05-01 5:37,423,401,22
2019-05-01 5:38,421,400,21
2019-05-01 5:39,420,398,22
2019-05-01 5:40,419,397,22
2019-05-01 5:41,417,396,21
2019-05-01 5:42,416,394,22
2019-05-01 5:43,415,393,22
2019-05-01 5:44,414,391,23
2019-05-01 5:45,413,390,23
2019-05-01 5:46,411,389,22
2019-05-01 5:47,410,387,23
2019-05-01 5:48,409,386,23
2019-05-01 5:49,408,385,23
2019-05-01 5:50,406,383,23
2019-05-01 5:51,405,382,23
2019-05-01 5:52,404,380,24
2019-05-01 5:53,402,379,23
2019-05-01 5:54,401,378,23
2019-05-01 5:55,400,376,24
2019-05-01 5:56,398,375,23
2019-05-01 5:57,397,373,24
2019-05-01 5:58,396,372,24
2019-05-01 5:59,395,370,25
2019-05-01 6:00,393,369,24
2019-05-01 6:01,392,368,24
2019-05-01 6:02,391,366,25
2019-05-01 6:03,390,365,25
2019-05-01 6:04,388,363,25
2019-05-01 6:05,387,362,25
2019-05-01 6:06,385,361,24
2019-05-01 6:07,384,359,25
2019-05-01 6:08,383,358,25
2019-05-01 6:09,381,356,25
2019-05-01 6:10,380,355,25
2019-05-01 6:11,379,353,26
2019-05-01 6:12,377,352,25
2019-05-01 6:13,376,351,25
2019-05-01 6:14,375,349,26
2019-05-01 6:15,373,348,25
2019-05-01 6:16,372,346,26
2019-05-01 6:17,371,345,26
2019-05-01 6:18,369,343,26
2019-05-01 6:19,368,342,26
2019-05-01 6:20,366,341,25
2019-05-01 6:21,365,339,26
2019-05-01 6:22,363,338,25
2019-05-01 6:23,362,336,26
2019-05-01 6:24,361,335,26
2019-05-01 6:25,360,334,26
2019-05-01 6:26,358,332,26
2019-05-01 6:27,357,331,26
2019-05-01 6:28,356,329,27
2019-05-01 6:29,354,328,26
2019-05-01 6:30,353,327,26
2019-05-01 6:31,352,325,27
2019-05-01 6:32,350,324,26
2019-05-01 6:33,349,322,27
2019-05-01 6:34,348,321,27
2019-05-01 6:35,346,320,26
2019-05-01 6:36,344,318,26
2019-05-01 6:37,343,317,26
2019-05-01 6:38,342,315,27
2019-05-01 6:39,341,314,27
2019-05-01 6:40,340,313,27
2019-05-01 6:41,338,311,27
2019-05-01 6:42,337,310,27
2019-05-01 6:43,336,309,27
2019-05-01 6:44,335,307,28
2019-05-01 6:45,333,306,27
2019-05-01 6:46,332,305,27
2019-05-01 6:47,331,303,28
2019-05-01 6:48,329,302,27
2019-05-01 6:49,328,300,28
2019-05-01 6:50,327,299,28
2019-05-01 6:51,325,298,27
2019-05-01 6:52,324,296,28
2019-05-01 6:53,323,295,28
2019-05-01 6:54,321,294,27
2019-05-01 6:55,320,292,28
2019-05-01 6:56,319,291,28
2019-05-01 6:57,318,290,28
2019-05-01 6:58,317,289,28
2019-05-01 6:59,315,287,28
2019-05-01 7:00,314,286,28
2019-05-01 7:01,313,285,28
2019-05-01 7:02,311,283,28
2019-05-01 7:03,310,282,28
2019-05-01 7:04,309,281,28
2019-05-01 7:05,307,279,28
2019-05-01 7:06,306,278,28
2019-05-01 7:07,305,277,28
2019-05-01 7:08,304,276,28
2019-05-01 7:09,302,274,28
2019-05-01 7:10,301,273,28
2019-05-01 7:11,300,272,28
2019-05-01 7:12,299,271,28
2019-05-01 7:13,298,269,29
2019-05-01 7:14,297,268,29
2019-05-01 7:15,296,267,29
2019-05-01 7:16,294,266,28
2019-05-01 7:17,293,264,29
2019-05-01 7:18,291,263,28
2019-05-01 7:19,290,262,28
2019-05-01 7:20,289,261,28
2019-05-01 7:21,288,260,28
2019-05-01 7:22,286,258,28
2019-05-01 7:23,285,257,28
2019-05-01 7:24,284,256,28
2019-05-01 7:25,282,255,27
2019-05-01 7:26,281,253,28
2019-05-01 7:27,280,252,28
2019-05-01 7:28,279,251,28
2019-05-01 7:29,278,250,28
2019-05-01 7:30,277,249,28
2019-05-01 7:31,276,248,28
2019-05-01 7:32,274,246,28
2019-05-01 7:33,273,245,28
2019-05-01 7:34,272,244,28
2019-05-01 7:35,271,243,28
2019-05-01 7:36,269,242,27
2019-05-01 7:37,268,241,27
2019-05-01 7:38,267,239,28
2019-05-01 7:39,266,238,28
2019-05-01 7:40,264,237,27
2019-05-01 7:41,263,236,27
2019-05-01 7:42,262,235,27
2019-05-01 7:43,261,234,27
2019-05-01 7:44,260,233,27
2019-05-01 7:45,259,231,28
2019-05-01 7:46,258,230,28
2019-05-01 7:47,257,229,28
2019-05-01 7:48,256,228,28
2019-05-01 7:49,254,227,27
2019-05-01 7:50,253,226,27
2019-05-01 7:51,252,225,27
2019-05-01 7:52,251,224,27
2019-05-01 7:53,250,223,27
2019-05-01 7:54,248,221,27
2019-05-01 7:55,247,220,27
2019-05-01 7:56,246,219,27
2019-05-01 7:57,245,218,27
2019-05-01 7:58,244,217,27
2019-05-01 7:59,243,216,27
2019-05-01 8:00,242,215,27
2019-05-01 8:01,241,214,27
2019-05-01 8:02,240,213,27
2019-05-01 8:03,239,212,27
2019-05-01 8:04,238,211,27
2019-05-01 8:05,237,210,27
2019-05-01 8:06,235,209,26
2019-05-01 8:07,234,208,26
2019-05-01 8:08,233,207,26
2019-05-01 8:09,232,206,26
2019-05-01 8:10,231,205,26
2019-05-01 8:11,230,204,26
2019-05-01 8:12,229,203,26
2019-05-01 8:13,228,202,26
2019-05-01 8:14,227,201,26
2019-05-01 8:15,226,200,26
2019-05-01 8:16,225,199,26
2019-05-01 8:17,224,198,26
2019-05-01 8:18,223,197,26
2019-05-01 8:19,222,196,26
2019-05-01 8:20,221,195,26
2019-05-01 8:21,220,194,26
2019-05-01 8:22,219,193,26
2019-05-01 8:23,218,192,26
2019-05-01 8:24,217,191,26
2019-05-01 8:25,215,190,25
2019-05-01 8:26,214,189,25
2019-05-01 8:27,213,188,25
2019-05-01 8:28,212,187,25
2019-05-01 8:29,211,186,25
2019-05-01 8:30,210,185,25
2019-05-01 8:31,209,184,25
2019-05-01 8:32,208,183,25
2019-05-01 8:33,207,182,25
2019-05-01 8:34,206,181,25
2019-05-01 8:35,206,180,26
2019-05-01 8:36,205,179,26
2019-05-01 8:37,204,178,26
2019-05-01 8:38,203,177,26
2019-05-01 8:39,202,177,25
2019-05-01 8:40,201,176,25
2019-05-01 8:41,199,175,24
2019-05-01 8:42,199,174,25
2019-05-01 8:43,198,173,25
2019-05-01 8:44,196,172,24
2019-05-01 8:45,196,171,25
2019-05-01 8:46,194,170,24
2019-05-01 8:47,194,169,25
2019-05-01 8:48,193,169,24
2019-05-01 8:49,191,168,23
2019-05-01 8:50,191,167,24
2019-05-01 8:51,190,166,24
2019-05-01 8:52,189,165,24
2019-05-01 8:53,188,164,24
2019-05-01 8:54,187,163,24
2019-05-01 8:55,186,163,23
2019-05-01 8:56,185,162,23
2019-05-01 8:57,184,161,23
2019-05-01 8:58,183,160,23
2019-05-01 8:59,182,159,23
2019-05-01 9:00,181,159,22
2019-05-01 9:01,180,158,22
2019-05-01 9:02,179,157,22
2019-05-01 9:03,178,156,22
2019-05-01 9:04,177,155,22
2019-05-01 9:05,176,155,21
2019-05-01 9:06,175,154,21
2019-05-01 9:07,174,153,21
2019-05-01 9:08,173,152,21
2019-05-01 9:09,172,152,20
2019-05-01 9:10,171,151,20
2019-05-01 9:11,170,150,20
2019-05-01 9:12,170,149,21
2019-05-01 9:13,169,149,20
2019-05-01 9:14,168,148,20
2019-05-01 9:15,167,147,20
2019-05-01 9:16,166,147,19
2019-05-01 9:17,165,146,19
2019-05-01 9:18,164,145,19
2019-05-01 9:19,163,145,18
2019-05-01 9:20,162,144,18
2019-05-01 9:21,161,143,18
2019-05-01 9:22,160,143,17
2019-05-01 9:23,159,142,17
2019-05-01 9:24,158,141,17
2019-05-01 9:25,157,141,16
2019-05-01 9:26,156,140,16
2019-05-01 9:27,155,139,16
2019-05-01 9:28,154,139,15
2019-05-01 9:29,153,138,15
2019-05-01 9:30,152,138,14
2019-05-01 9:31,151,137,14
2019-05-01 9:32,151,136,15
2019-05-01 9:33,150,136,14
2019-05-01 9:34,149,135,14
2019-05-01 9:35,148,135,13
2019-05-01 9:36,147,134,13
2019-05-01 9:37,147,134,13
2019-05-01 9:38,146,133,13
2019-05-01 9:39,145,133,12
2019-05-01 9:40,143,132,11
2019-05-01 9:41,142,132,10
2019-05-01 9:42,141,131,10
2019-05-01 9:43,140,131,9
2019-05-01 9:44,140,130,10
2019-05-01 9:45,139,130,9
2019-05-01 9:46,137,129,8
2019-05-01 9:47,136,129,7
2019-05-01 9:48,135,128,7
2019-05-01 9:49,134,128,6
2019-05-01 9:50,134,128,6
2019-05-01 9:51,132,127,5
2019-05-01 9:52,132,127,5
2019-05-01 9:53,131,126,5
2019-05-01 9:54,130,126,4
2019-05-01 9:55,130,126,4
2019-05-01 9:56,129,125,4
2019-05-01 9:57,128,125,3
2019-05-01 9:58,127,125,2
2019-05-01 9:59,126,124,2
2019-05-01 10:00,125,124,1
2019-05-01 10:01,124,124,0
2019-05-01 10:02,123,123,0
2019-05-01 10:03,123,123,0
2019-05-01 10:04,122,123,-1
2019-05-01 10:05,122,122,0
2019-05-01 10:06,120,122,-2
2019-05-01 10:07,119,122,-3
2019-05-01 10:08,118,122,-4
2019-05-01 10:09,117,122,-5
2019-05-01 10:10,117,121,-4
2019-05-01 10:11,116,121,-5
2019-05-01 10:12,115,121,-6
2019-05-01 10:13,115,121,-6
2019-05-01 10:14,114,121,-7
2019-05-01 10:15,113,120,-7
2019-05-01 10:16,112,120,-8
2019-05-01 10:17,112,120,-8
2019-05-01 10:18,111,120,-9
2019-05-01 10:19,110,120,-10
2019-05-01 10:20,110,120,-10
2019-05-01 10:21,109,120,-11
2019-05-01 10:22,108,120,-12
2019-05-01 10:23,107,120,-13
2019-05-01 10:24,107,120,-13
2019-05-01 10:25,106,120,-14
2019-05-01 10:26,105,120,-15
2019-05-01 10:27,105,120,-15
2019-05-01 10:28,105,120,-15
2019-05-01 10:29,104,120,-16
2019-05-01 10:30,104,120,-16
2019-05-01 10:31,103,120,-17
2019-05-01 10:32,102,120,-18
2019-05-01 10:33,101,120,-19
2019-05-01 10:34,101,120,-19
2019-05-01 10:35,101,120,-19
2019-05-01 10:36,100,120,-20
2019-05-01 10:37,99,120,-21
2019-05-01 10:38,99,120,-21
2019-05-01 10:39,98,120,-22
2019-05-01 10:40,98,120,-22
2019-05-01 10:41,98,121,-23
2019-05-01 10:42,98,121,-23
2019-05-01 10:43,97,121,-24
2019-05-01 10:44,97,121,-24
2019-05-01 10:45,97,121,-24
2019-05-01 10:46,96,122,-26
2019-05-01 10:47,97,122,-25
2019-05-01 10:48,96,122,-26
2019-05-01 10:49,96,122,-26
2019-05-01 10:50,97,123,-26
2019-05-01 10:51,97,123,-26
2019-05-01 10:52,97,123,-26
2019-05-01 10:53,97,123,-26
2019-05-01 10:54,97,124,-27
2019-05-01 10:55,97,124,-27
2019-05-01 10:56,97,124,-27
2019-05-01 10:57,98,125,-27
2019-05-01 10:58,98,125,-27
2019-05-01 10:59,98,126,-28
2019-05-01 11:00,99,126,-27
2019-05-01 11:01,99,126,-27
2019-05-01 11:02,100,127,-27
2019-05-01 11:03,101,127,-26
2019-05-01 11:04,102,128,-26
2019-05-01 11:05,103,128,-25
2019-05-01 11:06,104,129,-25
2019-05-01 11:07,106,129,-23
2019-05-01 11:08,107,130,-23
2019-05-01 11:09,-,130,-
2019-05-01 11:10,109,131,-22
2019-05-01 11:11,110,131,-21
2019-05-01 11:12,112,132,-20
2019-05-01 11:13,112,132,-20
2019-05-01 11:14,114,133,-19
2019-05-01 11:15,114,133,-19
2019-05-01 11:16,117,134,-17
2019-05-01 11:17,118,135,-17
2019-05-01 11:18,119,135,-16
2019-05-01 11:19,120,136,-16
2019-05-01 11:20,121,137,-16
2019-05-01 11:21,122,137,-15
2019-05-01 11:22,124,138,-14
2019-05-01 11:23,124,139,-15
2019-05-01 11:24,126,139,-13
2019-05-01 11:25,127,140,-13
2019-05-01 11:26,128,141,-13
2019-05-01 11:27,130,142,-12
2019-05-01 11:28,131,142,-11
2019-05-01 11:29,132,143,-11
2019-05-01 11:30,133,144,-11
2019-05-01 11:31,134,145,-11
2019-05-01 11:32,135,145,-10
2019-05-01 11:33,136,146,-10
2019-05-01 11:34,137,147,-10
2019-05-01 11:35,139,148,-9
2019-05-01 11:36,140,149,-9
2019-05-01 11:37,141,150,-9
2019-05-01 11:38,142,150,-8
2019-05-01 11:39,143,151,-8
2019-05-01 11:40,145,152,-7
2019-05-01 11:41,146,153,-7
2019-05-01 11:42,146,154,-8
2019-05-01 11:43,147,155,-8
2019-05-01 11:44,148,156,-8
2019-05-01 11:45,149,157,-8
2019-05-01 11:46,150,158,-8
2019-05-01 11:47,150,159,-9
2019-05-01 11:48,151,160,-9
2019-05-01 11:49,152,161,-9
2019-05-01 11:50,153,162,-9
2019-05-01 11:51,154,163,-9
2019-05-01 11:52,155,164,-9
2019-05-01 11:53,155,165,-10
2019-05-01 11:54,156,166,-10
2019-05-01 11:55,157,167,-10
2019-05-01 11:56,158,168,-10
2019-05-01 11:57,159,169,-10
2019-05-01 11:58,159,170,-11
2019-05-01 11:59,161,172,-11
2019-05-01 12:00,162,173,-11
2019-05-01 12:01,163,174,-11
2019-05-01 12:02,164,175,-11
2019-05-01 12:03,165,176,-11
2019-05-01 12:04,165,177,-12
2019-05-01 12:05,166,178,-12
2019-05-01 12:06,167,180,-13
2019-05-01 12:07,168,181,-13
2019-05-01 12:08,169,182,-13
2019-05-01 12:09,170,183,-13
2019-05-01 12:10,171,185,-14
2019-05-01 12:11,171,186,-15
2019-05-01 12:12,172,187,-15
2019-05-01 12:13,174,188,-14
2019-05-01 12:14,175,190,-15
2019-05-01 12:15,176,191,-15
2019-05-01 12:16,177,192,-15
2019-05-01 12:17,178,193,-15
2019-05-01 12:18,180,195,-15
2019-05-01 12:19,181,196,-15
2019-05-01 12:20,182,197,-15
2019-05-01 12:21,184,199,-15
2019-05-01 12:22,186,200,-14
2019-05-01 12:23,188,202,-14
2019-05-01 12:24,189,203,-14
2019-05-01 12:25,190,204,-14
2019-05-01 12:26,192,206,-14
2019-05-01 12:27,194,207,-13
2019-05-01 12:28,196,208,-12
2019-05-01 12:29,198,210,-12
2019-05-01 12:30,200,211,-11
2019-05-01 12:31,202,213,-11
2019-05-01 12:32,203,214,-11
2019-05-01 12:33,205,216,-11
2019-05-01 12:34,207,217,-10
2019-05-01 12:35,209,219,-10
2019-05-01 12:36,211,220,-9
2019-05-01 12:37,213,222,-9
2019-05-01 12:38,215,223,-8
2019-05-01 12:39,217,225,-8
2019-05-01 12:40,219,226,-7
2019-05-01 12:41,221,228,-7
2019-05-01 12:42,223,229,-6
2019-05-01 12:43,225,231,-6
2019-05-01 12:44,227,232,-5
2019-05-01 12:45,229,234,-5
2019-05-01 12:46,231,236,-5
2019-05-01 12:47,233,237,-4
2019-05-01 12:48,235,239,-4
2019-05-01 12:49,237,240,-3
2019-05-01 12:50,239,242,-3
2019-05-01 12:51,241,244,-3
2019-05-01 12:52,243,245,-2
2019-05-01 12:53,245,247,-2
2019-05-01 12:54,246,248,-2
2019-05-01 12:55,248,250,-2
2019-05-01 12:56,250,252,-2
2019-05-01 12:57,252,253,-1
2019-05-01 12:58,254,255,-1
2019-05-01 12:59,256,257,-1
2019-05-01 13:00,258,258,0
2019-05-01 13:01,260,260,0
2019-05-01 13:02,262,262,0
2019-05-01 13:03,263,263,0
2019-05-01 13:04,265,265,0
2019-05-01 13:05,267,267,0
2019-05-01 13:06,269,269,0
2019-05-01 13:07,271,270,1
2019-05-01 13:08,273,272,1
2019-05-01 13:09,275,274,1
2019-05-01 13:10,277,276,1
2019-05-01 13:11,279,277,2
2019-05-01 13:12,281,279,2
2019-05-01 13:13,282,281,1
2019-05-01 13:14,284,283,1
2019-05-01 13:15,286,284,2
2019-05-01 13:16,288,286,2
2019-05-01 13:17,290,288,2
2019-05-01 13:18,292,290,2
2019-05-01 13:19,294,291,3
2019-05-01 13:20,296,293,3
2019-05-01 13:21,298,295,3
2019-05-01 13:22,300,297,3
2019-05-01 13:23,302,299,3
2019-05-01 13:24,304,301,3
2019-05-01 13:25,306,302,4
2019-05-01 13:26,308,304,4
2019-05-01 13:27,310,306,4
2019-05-01 13:28,312,308,4
2019-05-01 13:29,314,310,4
2019-05-01 13:30,316,312,4
2019-05-01 13:31,318,313,5
2019-05-01 13:32,321,315,6
2019-05-01 13:33,322,317,5
2019-05-01 13:34,324,319,5
2019-05-01 13:35,326,321,5
2019-05-01 13:36,329,323,6
2019-05-01 13:37,331,325,6
2019-05-01 13:38,332,326,6
2019-05-01 13:39,335,328,7
2019-05-01 13:40,336,330,6
2019-05-01 13:41,338,332,6
2019-05-01 13:42,340,334,6
2019-05-01 13:43,342,336,6
2019-05-01 13:44,344,338,6
2019-05-01 13:45,346,339,7
2019-05-01 13:46,349,341,8
2019-05-01 13:47,351,343,8
2019-05-01 13:48,353,345,8
2019-05-01 13:49,355,347,8
2019-05-01 13:50,357,349,8
2019-05-01 13:51,359,351,8
2019-05-01 13:52,361,353,8
2019-05-01 13:53,363,355,8
2019-05-01 13:54,365,356,9
2019-05-01 13:55,367,358,9
2019-05-01 13:56,369,360,9
2019-05-01 13:57,371,362,9
2019-05-01 13:58,373,364,9
2019-05-01 13:59,375,366,9
2019-05-01 14:00,377,368,9
2019-05-01 14:01,379,370,9
2019-05-01 14:02,381,372,9
2019-05-01 14:03,383,373,10
2019-05-01 14:04,385,375,10
2019-05-01 14:05,387,377,10
2019-05-01 14:06,389,379,10
2019-05-01 14:07,391,381,10
2019-05-01 14:08,393,383,10
2019-05-01 14:09,395,385,10
2019-05-01 14:10,397,387,10
2019-05-01 14:11,399,388,11
2019-05-01 14:12,401,390,11
2019-05-01 14:13,403,392,11
2019-05-01 14:14,405,394,11
2019-05-01 14:15,407,396,11
2019-05-01 14:16,409,398,11
2019-05-01 14:17,411,399,12
2019-05-01 14:18,413,401,12
2019-05-01 14:19,415,403,12
2019-05-01 14:20,417,405,12
2019-05-01 14:21,419,407,12
2019-05-01 14:22,421,409,12
2019-05-01 14:23,423,410,13
2019-05-01 14:24,425,412,13
2019-05-01 14:25,427,414,13
2019-05-01 14:26,429,416,13
2019-05-01 14:27,430,418,12
2019-05-01 14:28,432,419,13
2019-05-01 14:29,434,421,13
2019-05-01 14:30,436,423,13
2019-05-01 14:31,438,425,13
2019-05-01 14:32,440,426,14
2019-05-01 14:33,442,428,14
2019-05-01 14:34,444,430,14
2019-05-01 14:35,446,432,14
2019-05-01 14:36,447,433,14
2019-05-01 14:37,449,435,14
2019-05-01 14:38,451,437,14
2019-05-01 14:39,453,439,14
2019-05-01 14:40,455,440,15
2019-05-01 14:41,457,442,15
2019-05-01 14:42,458,444,14
2019-05-01 14:43,460,445,15
2019-05-01 14:44,462,447,15
2019-05-01 14:45,464,449,15
2019-05-01 14:46,465,450,15
2019-05-01 14:47,467,452,15
2019-05-01 14:48,469,453,16
2019-05-01 14:49,470,455,15
2019-05-01 14:50,472,457,15
2019-05-01 14:51,474,458,16
2019-05-01 14:52,475,460,15
2019-05-01 14:53,477,461,16
2019-05-01 14:54,479,463,16
2019-05-01 14:55,481,464,17
2019-05-01 14:56,483,466,17
2019-05-01 14:57,484,467,17
2019-05-01 14:58,486,469,17
2019-05-01 14:59,487,470,17
2019-05-01 15:00,489,472,17
2019-05-01 15:01,491,473,18
2019-05-01 15:02,492,475,17
2019-05-01 15:03,494,476,18
2019-05-01 15:04,496,478,18
2019-05-01 15:05,497,479,18
2019-05-01 15:06,499,480,19
2019-05-01 15:07,501,482,19
2019-05-01 15:08,503,483,20
2019-05-01 15:09,504,485,19
2019-05-01 15:10,506,486,20
2019-05-01 15:11,507,487,20
2019-05-01 15:12,509,488,21
2019-05-01 15:13,510,490,20
2019-05-01 15:14,512,491,21
2019-05-01 15:15,513,492,21
2019-05-01 15:16,515,494,21
2019-05-01 15:17,517,495,22
2019-05-01 15:18,518,496,22
2019-05-01 15:19,520,497,23
2019-05-01 15:20,521,498,23
2019-05-01 15:21,523,499,24
2019-05-01 15:22,524,501,23
2019-05-01 15:23,525,502,23
2019-05-01 15:24,527,503,24
2019-05-01 15:25,528,504,24
2019-05-01 15:26,529,505,24
2019-05-01 15:27,531,506,25
2019-05-01 15:28,532,507,25
2019-05-01 15:29,534,508,26
2019-05-01 15:30,535,509,26
2019-05-01 15:31,537,510,27
2019-05-01 15:32,538,511,27
2019-05-01 15:33,539,512,27
2019-05-01 15:34,540,513,27
2019-05-01 15:35,541,514,27
2019-05-01 15:36,542,515,27
2019-05-01 15:37,543,516,27
2019-05-01 15:38,544,516,28
2019-05-01 15:39,545,517,28
2019-05-01 15:40,546,518,28
2019-05-01 15:41,547,519,28
2019-05-01 15:42,548,520,28
2019-05-01 15:43,549,520,29
2019-05-01 15:44,550,521,29
2019-05-01 15:45,551,522,29
2019-05-01 15:46,551,523,28
2019-05-01 15:47,552,523,29
2019-05-01 15:48,553,524,29
2019-05-01 15:49,554,525,29
2019-05-01 15:50,555,525,30
2019-05-01 15:51,555,526,29
2019-05-01 15:52,556,526,30
2019-05-01 15:53,557,527,30
2019-05-01 15:54,557,527,30
2019-05-01 15:55,558,528,30
2019-05-01 15:56,559,528,31
2019-05-01 15:57,559,529,30
2019-05-01 15:58,560,529,31
2019-05-01 15:59,560,530,30
2019-05-01 16:00,561,530,31
2019-05-01 16:01,561,531,30
2019-05-01 16:02,562,531,31
2019-05-01 16:03,562,531,31
2019-05-01 16:04,562,532,30
2019-05-01 16:05,563,532,31
2019-05-01 16:06,563,532,31
2019-05-01 16:07,564,532,32
2019-05-01 16:08,564,533,31
2019-05-01 16:09,564,533,31
2019-05-01 16:10,564,533,31
2019-05-01 16:11,565,533,32
2019-05-01 16:12,565,533,32
2019-05-01 16:13,565,534,31
2019-05-01 16:14,565,534,31
2019-05-01 16:15,565,534,31
2019-05-01 16:16,565,534,31
2019-05-01 16:17,565,534,31
2019-05-01 16:18,565,534,31
2019-05-01 16:19,565,534,31
2019-05-01 16:20,565,534,31
2019-05-01 16:21,565,534,31
2019-05-01 16:22,565,534,31
2019-05-01 16:23,564,534,30
2019-05-01 16:24,564,534,30
2019-05-01 16:25,564,534,30
2019-05-01 16:26,563,533,30
2019-05-01 16:27,563,533,30
2019-05-01 16:28,563,533,30
2019-05-01 16:29,563,533,30
2019-05-01 16:30,562,533,29
2019-05-01 16:31,562,532,30
2019-05-01 16:32,561,532,29
2019-05-01 16:33,561,532,29
2019-05-01 16:34,560,531,29
2019-05-01 16:35,559,531,28
2019-05-01 16:36,558,531,27
2019-05-01 16:37,557,530,27
2019-05-01 16:38,556,530,26
2019-05-01 16:39,556,530,26
2019-05-01 16:40,555,529,26
2019-05-01 16:41,554,529,25
2019-05-01 16:42,553,528,25
2019-05-01 16:43,552,528,24
2019-05-01 16:44,551,527,24
2019-05-01 16:45,550,527,23
2019-05-01 16:46,549,526,23
2019-05-01 16:47,549,526,23
2019-05-01 16:48,548,525,23
2019-05-01 16:49,547,525,22
2019-05-01 16:50,546,524,22
2019-05-01 16:51,545,523,22
2019-05-01 16:52,544,523,21
2019-05-01 16:53,543,522,21
2019-05-01 16:54,542,521,21
2019-05-01 16:55,541,521,20
2019-05-01 16:56,540,520,20
2019-05-01 16:57,539,519,20
2019-05-01 16:58,538,518,20
2019-05-01 16:59,537,518,19
2019-05-01 17:00,536,517,19
2019-05-01 17:01,535,516,19
2019-05-01 17:02,534,515,19
2019-05-01 17:03,532,514,18
2019-05-01 17:04,531,513,18
2019-05-01 17:05,530,513,17
2019-05-01 17:06,529,512,17
2019-05-01 17:07,527,511,16
2019-05-01 17:08,526,510,16
2019-05-01 17:09,525,509,16
2019-05-01 17:10,524,508,16
2019-05-01 17:11,523,507,16
2019-05-01 17:12,522,506,16
2019-05-01 17:13,520,505,15
2019-05-01 17:14,519,504,15
2019-05-01 17:15,518,503,15
2019-05-01 17:16,517,502,15
2019-05-01 17:17,516,501,15
2019-05-01 17:18,515,500,15
2019-05-01 17:19,513,499,14
2019-05-01 17:20,512,498,14
2019-05-01 17:21,511,496,15
2019-05-01 17:22,510,495,15
2019-05-01 17:23,508,494,14
2019-05-01 17:24,507,493,14
2019-05-01 17:25,505,492,13
2019-05-01 17:26,504,491,13
2019-05-01 17:27,503,490,13
2019-05-01 17:28,502,488,14
2019-05-01 17:29,501,487,14
2019-05-01 17:30,500,486,14
2019-05-01 17:31,499,485,14
2019-05-01 17:32,498,483,15
2019-05-01 17:33,497,482,15
2019-05-01 17:34,495,481,14
2019-05-01 17:35,494,480,14
2019-05-01 17:36,493,478,15
2019-05-01 17:37,492,477,15
2019-05-01 17:38,490,476,14
2019-05-01 17:39,489,474,15
2019-05-01 17:40,488,473,15
2019-05-01 17:41,487,472,15
2019-05-01 17:42,486,470,16
2019-05-01 17:43,484,469,15
2019-05-01 17:44,483,468,15
2019-05-01 17:45,481,466,15
2019-05-01 17:46,480,465,15
2019-05-01 17:47,478,464,14
2019-05-01 17:48,477,462,15
2019-05-01 17:49,475,461,14
2019-05-01 17:50,474,459,15
2019-05-01 17:51,472,458,14
2019-05-01 17:52,471,457,14
2019-05-01 17:53,469,455,14
2019-05-01 17:54,468,454,14
2019-05-01 17:55,467,452,15
2019-05-01 17:56,465,451,14
2019-05-01 17:57,464,449,15
2019-05-01 17:58,462,448,14
2019-05-01 17:59,461,446,15
2019-05-01 18:00,459,445,14
2019-05-01 18:01,458,443,15
2019-05-01 18:02,457,442,15
2019-05-01 18:03,455,441,14
2019-05-01 18:04,453,439,14
2019-05-01 18:05,452,438,14
2019-05-01 18:06,451,436,15
2019-05-01 18:07,450,435,15
2019-05-01 18:08,448,433,15
2019-05-01 18:09,447,432,15
2019-05-01 18:10,446,430,16
2019-05-01 18:11,445,429,16
2019-05-01 18:12,443,427,16
2019-05-01 18:13,442,425,17
2019-05-01 18:14,440,424,16
2019-05-01 18:15,439,422,17
2019-05-01 18:16,438,421,17
2019-05-01 18:17,436,419,17
2019-05-01 18:18,435,418,17
2019-05-01 18:19,433,416,17
2019-05-01 18:20,432,415,17
2019-05-01 18:21,430,413,17
2019-05-01 18:22,429,412,17
2019-05-01 18:23,427,410,17
2019-05-01 18:24,425,409,16
2019-05-01 18:25,424,407,17
2019-05-01 18:26,423,405,18
2019-05-01 18:27,421,404,17
2019-05-01 18:28,419,402,17
2019-05-01 18:29,418,401,17
2019-05-01 18:30,417,399,18
2019-05-01 18:31,415,398,17
2019-05-01 18:32,414,396,18
2019-05-01 18:33,412,395,17
2019-05-01 18:34,411,393,18
2019-05-01 18:35,410,391,19
2019-05-01 18:36,408,390,18
2019-05-01 18:37,407,388,19
2019-05-01 18:38,405,387,18
2019-05-01 18:39,403,385,18
2019-05-01 18:40,402,384,18
2019-05-01 18:41,400,382,18
2019-05-01 18:42,399,381,18
2019-05-01 18:43,397,379,18
2019-05-01 18:44,396,378,18
2019-05-01 18:45,395,376,19
2019-05-01 18:46,393,374,19
2019-05-01 18:47,392,373,19
2019-05-01 18:48,390,371,19
2019-05-01 18:49,389,370,19
2019-05-01 18:50,388,368,20
2019-05-01 18:51,386,367,19
2019-05-01 18:52,384,365,19
2019-05-01 18:53,383,364,19
2019-05-01 18:54,381,362,19
2019-05-01 18:55,379,361,18
2019-05-01 18:56,378,359,19
2019-05-01 18:57,377,358,19
2019-05-01 18:58,375,356,19
2019-05-01 18:59,375,354,21
2019-05-01 19:00,373,353,20
2019-05-01 19:01,371,351,20
2019-05-01 19:02,370,350,20
2019-05-01 19:03,368,348,20
2019-05-01 19:04,367,347,20
2019-05-01 19:05,366,345,21
2019-05-01 19:06,364,344,20
2019-05-01 19:07,363,342,21
2019-05-01 19:08,361,341,20
2019-05-01 19:09,360,339,21
2019-05-01 19:10,358,338,20
2019-05-01 19:11,357,336,21
2019-05-01 19:12,356,335,21
2019-05-01 19:13,355,333,22
2019-05-01 19:14,353,332,21
2019-05-01 19:15,352,330,22
2019-05-01 19:16,351,329,22
2019-05-01 19:17,349,327,22
2019-05-01 19:18,348,326,22
2019-05-01 19:19,347,324,23
2019-05-01 19:20,345,323,22
2019-05-01 19:21,344,322,22
2019-05-01 19:22,342,320,22
2019-05-01 19:23,341,319,22
2019-05-01 19:24,339,317,22
2019-05-01 19:25,338,316,22
2019-05-01 19:26,337,314,23
2019-05-01 19:27,336,313,23
2019-05-01 19:28,335,311,24
2019-05-01 19:29,333,310,23
2019-05-01 19:30,332,308,24
2019-05-01 19:31,330,307,23
2019-05-01 19:32,329,306,23
2019-05-01 19:33,327,304,23
2019-05-01 19:34,326,303,23
2019-05-01 19:35,324,301,23
2019-05-01 19:36,323,300,23
2019-05-01 19:37,321,298,23
2019-05-01 19:38,320,297,23
2019-05-01 19:39,319,296,23
2019-05-01 19:40,318,294,24
2019-05-01 19:41,317,293,24
2019-05-01 19:42,315,291,24
2019-05-01 19:43,314,290,24
2019-05-01 19:44,312,288,24
2019-05-01 19:45,311,287,24
2019-05-01 19:46,310,286,24
2019-05-01 19:47,308,284,24
2019-05-01 19:48,306,283,23
2019-05-01 19:49,305,281,24
2019-05-01 19:50,304,280,24
2019-05-01 19:51,303,279,24
2019-05-01 19:52,301,277,24
2019-05-01 19:53,300,276,24
2019-05-01 19:54,299,275,24
2019-05-01 19:55,297,273,24
2019-05-01 19:56,297,272,25
2019-05-01 19:57,295,270,25
2019-05-01 19:58,294,269,25
2019-05-01 19:59,293,268,25
2019-05-01 20:00,291,266,25
2019-05-01 20:01,290,265,25
2019-05-01 20:02,289,264,25
2019-05-01 20:03,287,262,25
2019-05-01 20:04,285,261,24
2019-05-01 20:05,285,260,25
2019-05-01 20:06,283,258,25
2019-05-01 20:07,282,257,25
2019-05-01 20:08,281,255,26
2019-05-01 20:09,280,254,26
2019-05-01 20:10,279,253,26
2019-05-01 20:11,277,251,26
2019-05-01 20:12,276,250,26
2019-05-01 20:13,275,249,26
2019-05-01 20:14,274,247,27
2019-05-01 20:15,272,246,26
2019-05-01 20:16,271,245,26
2019-05-01 20:17,270,243,27
2019-05-01 20:18,269,242,27
2019-05-01 20:19,267,241,26
2019-05-01 20:20,266,240,26
2019-05-01 20:21,265,238,27
2019-05-01 20:22,264,237,27
2019-05-01 20:23,263,236,27
2019-05-01 20:24,261,234,27
2019-05-01 20:25,260,233,27
2019-05-01 20:26,259,232,27
2019-05-01 20:27,258,230,28
2019-05-01 20:28,256,229,27
2019-05-01 20:29,255,228,27
2019-05-01 20:30,254,227,27
2019-05-01 20:31,252,225,27
2019-05-01 20:32,251,224,27
2019-05-01 20:33,250,223,27
2019-05-01 20:34,249,221,28
2019-05-01 20:35,248,220,28
2019-05-01 20:36,246,219,27
2019-05-01 20:37,245,218,27
2019-05-01 20:38,244,216,28
2019-05-01 20:39,243,215,28
2019-05-01 20:40,242,214,28
2019-05-01 20:41,241,212,29
2019-05-01 20:42,240,211,29
2019-05-01 20:43,239,210,29
2019-05-01 20:44,237,209,28
2019-05-01 20:45,236,207,29
2019-05-01 20:46,235,206,29
2019-05-01 20:47,234,205,29
2019-05-01 20:48,233,204,29
2019-05-01 20:49,231,203,28
2019-05-01 20:50,230,201,29
2019-05-01 20:51,229,200,29
2019-05-01 20:52,228,199,29
2019-05-01 20:53,227,198,29
2019-05-01 20:54,226,196,30
2019-05-01 20:55,225,195,30
2019-05-01 20:56,224,194,30
2019-05-01 20:57,223,193,30
2019-05-01 20:58,222,192,30
2019-05-01 20:59,220,190,30
2019-05-01 21:00,218,189,29
2019-05-01 21:01,217,188,29
2019-05-01 21:02,217,187,30
2019-05-01 21:03,216,186,30
2019-05-01 21:04,214,184,30
2019-05-01 21:05,213,183,30
2019-05-01 21:06,213,182,31
2019-05-01 21:07,211,181,30
2019-05-01 21:08,209,180,29
2019-05-01 21:09,208,179,29
2019-05-01 21:10,208,177,31
2019-05-01 21:11,206,176,30
2019-05-01 21:12,205,175,30
2019-05-01 21:13,205,174,31
2019-05-01 21:14,204,173,31
2019-05-01 21:15,203,172,31
2019-05-01 21:16,201,171,30
2019-05-01 21:17,200,169,31
2019-05-01 21:18,199,168,31
2019-05-01 21:19,199,167,32
2019-05-01 21:20,198,166,32
2019-05-01 21:21,196,165,31
2019-05-01 21:22,195,164,31
2019-05-01 21:23,194,163,31
2019-05-01 21:24,193,162,31
2019-05-01 21:25,192,161,31
2019-05-01 21:26,191,160,31
2019-05-01 21:27,190,158,32
2019-05-01 21:28,189,157,32
2019-05-01 21:29,188,156,32
2019-05-01 21:30,188,155,33
2019-05-01 21:31,186,154,32
2019-05-01 21:32,185,153,32
2019-05-01 21:33,185,152,33
2019-05-01 21:34,184,151,33
2019-05-01 21:35,183,150,33
2019-05-01 21:36,182,149,33
2019-05-01 21:37,181,148,33
2019-05-01 21:38,180,147,33
2019-05-01 21:39,178,146,32
2019-05-01 21:40,177,145,32
2019-05-01 21:41,176,144,32
2019-05-01 21:42,175,143,32
2019-05-01 21:43,174,142,32
2019-05-01 21:44,173,141,32
2019-05-01 21:45,172,140,32
2019-05-01 21:46,171,139,32
2019-05-01 21:47,171,138,33
2019-05-01 21:48,169,138,31
2019-05-01 21:49,168,137,31
2019-05-01 21:50,167,136,31
2019-05-01 21:51,167,135,32
2019-05-01 21:52,165,134,31
2019-05-01 21:53,164,133,31
2019-05-01 21:54,163,132,31
2019-05-01 21:55,163,131,32
2019-05-01 21:56,162,130,32
2019-05-01 21:57,161,130,31
2019-05-01 21:58,160,129,31
2019-05-01 21:59,159,128,31
2019-05-01 22:00,157,127,30
2019-05-01 22:01,157,126,31
2019-05-01 22:02,156,126,30
2019-05-01 22:03,153,125,28
2019-05-01 22:04,153,124,29
2019-05-01 22:05,153,123,30
2019-05-01 22:06,151,122,29
2019-05-01 22:07,151,122,29
2019-05-01 22:08,150,121,29
2019-05-01 22:09,149,120,29
2019-05-01 22:10,148,120,28
2019-05-01 22:11,147,119,28
2019-05-01 22:12,146,118,28
2019-05-01 22:13,145,117,28
2019-05-01 22:14,144,117,27
2019-05-01 22:15,143,116,27
2019-05-01 22:16,142,115,27
2019-05-01 22:17,141,115,26
2019-05-01 22:18,140,114,26
2019-05-01 22:19,139,114,25
2019-05-01 22:20,138,113,25
2019-05-01 22:21,137,112,25
2019-05-01 22:22,136,112,24
2019-05-01 22:23,135,111,24
2019-05-01 22:24,134,111,23
2019-05-01 22:25,133,110,23
2019-05-01 22:26,132,110,22
2019-05-01 22:27,131,109,22
2019-05-01 22:28,131,109,22
2019-05-01 22:29,130,108,22
2019-05-01 22:30,129,108,21
2019-05-01 22:31,129,107,22
2019-05-01 22:32,127,107,20
2019-05-01 22:33,127,106,21
2019-05-01 22:34,126,106,20
2019-05-01 22:35,125,105,20
2019-05-01 22:36,124,105,19
2019-05-01 22:37,123,105,18
2019-05-01 22:38,122,104,18
2019-05-01 22:39,121,104,17
2019-05-01 22:40,121,103,18
2019-05-01 22:41,119,103,16
2019-05-01 22:42,119,103,16
2019-05-01 22:43,118,102,16
2019-05-01 22:44,117,102,15
2019-05-01 22:45,116,102,14
2019-05-01 22:46,115,102,13
2019-05-01 22:47,114,101,13
2019-05-01 22:48,114,101,13
2019-05-01 22:49,113,101,12
2019-05-01 22:50,112,101,11
2019-05-01 22:51,111,100,11
2019-05-01 22:52,111,100,11
2019-05-01 22:53,110,100,10
2019-05-01 22:54,109,100,9
2019-05-01 22:55,108,100,8
2019-05-01 22:56,107,100,7
2019-05-01 22:57,106,100,6
2019-05-01 22:58,106,99,7
2019-05-01 22:59,105,99,6
2019-05-01 23:00,104,99,5
2019-05-01 23:01,104,99,5
2019-05-01 23:02,103,99,4
2019-05-01 23:03,103,99,4
2019-05-01 23:04,102,99,3
2019-05-01 23:05,101,99,2
2019-05-01 23:06,100,99,1
2019-05-01 23:07,100,99,1
2019-05-01 23:08,99,99,0
2019-05-01 23:09,98,99,-1
2019-05-01 23:10,98,99,-1
2019-05-01 23:11,97,99,-2
2019-05-01 23:12,97,99,-2
2019-05-01 23:13,96,100,-4
2019-05-01 23:14,95,100,-5
2019-05-01 23:15,95,100,-5
2019-05-01 23:16,95,100,-5
2019-05-01 23:17,94,100,-6
2019-05-01 23:18,94,100,-6
2019-05-01 23:19,93,101,-8
2019-05-01 23:20,93,101,-8
2019-05-01 23:21,92,101,-9
2019-05-01 23:22,92,101,-9
2019-05-01 23:23,92,101,-9
2019-05-01 23:24,92,102,-10
2019-05-01 23:25,91,102,-11
2019-05-01 23:26,91,102,-11
2019-05-01 23:27,91,103,-12
2019-05-01 23:28,91,103,-12
2019-05-01 23:29,91,103,-12
2019-05-01 23:30,91,104,-13
2019-05-01 23:31,91,104,-13
2019-05-01 23:32,91,105,-14
2019-05-01 23:33,91,105,-14
2019-05-01 23:34,91,105,-14
2019-05-01 23:35,91,106,-15
2019-05-01 23:36,91,106,-15
2019-05-01 23:37,91,107,-16
2019-05-01 23:38,92,107,-15
2019-05-01 23:39,92,108,-16
2019-05-01 23:40,93,108,-15
2019-05-01 23:41,94,109,-15
2019-05-01 23:42,94,109,-15
2019-05-01 23:43,95,110,-15
2019-05-01 23:44,96,110,-14
2019-05-01 23:45,97,111,-14
2019-05-01 23:46,98,112,-14
2019-05-01 23:47,99,112,-13
2019-05-01 23:48,100,113,-13
2019-05-01 23:49,101,114,-13
2019-05-01 23:50,102,114,-12
2019-05-01 23:51,103,115,-12
2019-05-01 23:52,105,116,-11
2019-05-01 23:53,106,116,-10
2019-05-01 23:54,108,117,-9
2019-05-01 23:55,109,118,-9
2019-05-01 23:56,110,119,-9
2019-05-01 23:57,111,119,-8
2019-05-01 23:58,113,120,-7
2019-05-01 23:59,114,121,-7
2019-05-02 0:00,-,122,-
