,날짜,이산화질소농도,오존농도,이산화탄소농도,아황산가스,미세먼지,초미세먼지,평균기온,최고기온,일강수량,최대풍속,평균풍속,최소상대습도,평균상대습도,가조시간,합계일조시간,1시간최다일사량,합계일사량,일최심적설,평균전운량,99강수,안개계속시간,미세먼지_기준,초미세먼지_기준,강수여부,적설여부,안개여부,휴일여부,따릉이
0,2019-01-01,0.033,0.016,0.5,0.003,42,27,-5.0,-0.6,0.0,4.3,2.1,34,49.5,9.6,7.5,1.42,7.84,0.0,3.4,0.0,0.0,2,2,0,0,0,1,0
1,2019-01-02,0.043,0.01,0.6,0.004,36,24,-4.9,0.2,0.0,3.6,1.7,20,42.8,9.6,8.7,1.81,10.48,0.0,0.0,0.0,0.0,2,2,0,0,0,0,0
2,2019-01-03,0.049,0.008,0.6,0.004,33,22,-3.5,3.2,0.0,2.9,1.4,18,38.8,9.7,8.7,1.79,10.28,0.0,0.1,0.0,0.0,2,2,0,0,0,0,0
3,2019-01-04,0.065,0.005,1.0,0.005,55,42,-1.1,4.1,0.0,3.0,1.2,34,55.5,9.7,3.9,1.27,6.2,0.0,5.5,0.0,0.0,2,3,0,0,0,0,0
4,2019-01-05,0.034,0.017,0.6,0.004,60,41,-2.8,1.1,0.0,4.3,2.2,20,40.3,9.7,8.6,1.78,10.05,0.0,0.5,0.0,0.0,2,3,0,0,0,1,0
5,2019-01-06,0.045,0.009,0.6,0.004,49,26,-2.8,2.7,0.0,3.2,1.2,19,35.0,9.7,7.7,1.79,9.64,0.0,3.1,0.0,0.0,2,2,0,0,0,1,0
6,2019-01-07,0.058,0.008,0.9,0.005,56,40,-1.9,3.1,0.0,4.7,1.4,28,46.4,9.7,7.0,1.59,8.71,0.0,4.0,0.0,0.0,2,3,0,0,0,0,0
7,2019-01-08,0.029,0.019,0.5,0.004,42,23,-3.5,0.5,0.0,6.5,2.6,20,31.0,9.7,8.7,1.82,10.46,0.0,0.0,0.0,0.0,2,2,0,0,0,0,0
8,2019-01-09,0.044,0.008,0.6,0.005,51,25,-4.7,1.3,0.0,3.5,1.3,17,28.8,9.7,7.4,1.3,8.47,0.0,4.9,0.0,0.0,2,2,0,0,0,0,0
9,2019-01-10,0.049,0.006,0.6,0.004,50,32,-0.6,3.0,0.0,3.8,1.3,27,48.8,9.8,3.1,1.47,5.92,0.0,8.1,0.0,0.0,2,2,0,0,0,0,0
10,2019-01-11,0.063,0.005,0.9,0.005,86,65,2.4,7.2,0.0,2.6,1.0,39,58.8,9.8,6.9,1.64,8.53,0.0,6.1,0.0,0.0,3,3,0,0,0,0,0
11,2019-01-12,0.066,0.009,1.0,0.005,97,75,2.8,8.0,0.0,3.5,1.3,32,47.6,9.8,6.0,1.41,7.71,0.0,3.9,0.0,0.0,3,4,0,0,0,1,0
12,2019-01-13,0.058,0.013,1.1,0.005,121,93,1.2,7.6,0.0,3.2,1.4,21,54.3,9.8,8.6,1.72,9.97,0.0,0.0,0.0,0.0,3,4,0,0,0,1,0
13,2019-01-14,0.071,0.006,1.3,0.005,169,137,1.4,5.3,0.0,2.5,0.9,50,68.6,9.8,0.4,1.08,6.03,0.0,4.5,0.0,0.0,4,4,0,0,0,0,0
14,2019-01-15,0.034,0.02,0.8,0.004,132,89,-1.7,2.6,0.0,6.1,2.7,30,58.8,9.9,4.7,1.32,6.93,0.0,3.8,0.0,0.0,3,4,0,0,0,0,0
15,2019-01-16,0.029,0.016,0.4,0.004,45,19,-5.2,-1.1,0.0,4.3,2.3,17,45.9,9.9,8.6,1.87,10.36,0.0,4.1,0.0,0.0,2,2,0,0,0,0,0
16,2019-01-17,0.042,0.012,0.6,0.004,44,25,-0.3,4.0,0.0,5.0,1.7,19,45.8,9.9,8.7,1.91,11.07,0.0,1.8,0.0,0.0,2,2,0,0,0,0,0
17,2019-01-18,0.056,0.009,0.8,0.005,60,40,0.6,6.7,0.0,4.5,1.3,21,44.0,9.9,8.5,1.79,10.4,0.0,3.0,0.0,0.0,2,3,0,0,0,0,0
18,2019-01-19,0.059,0.01,0.9,0.005,89,66,3.6,8.5,0.0,3.0,1.2,44,59.8,9.9,2.9,1.27,6.27,0.0,7.8,0.0,0.0,3,3,0,0,0,1,0
19,2019-01-20,0.021,0.026,0.5,0.004,64,37,-1.4,4.0,0.0,5.5,3.2,19,38.5,10.0,8.8,1.94,11.56,0.0,1.1,0.0,0.0,2,3,0,0,0,1,0
20,2019-01-21,0.039,0.014,0.5,0.004,40,20,-1.2,4.2,0.0,4.3,1.6,40,57.8,10.0,1.0,0.52,3.07,0.0,4.1,0.0,0.0,2,2,0,0,0,0,0
21,2019-01-22,0.048,0.015,0.8,0.004,61,32,1.7,7.1,0.0,4.4,1.7,42,62.0,10.0,8.5,1.72,9.85,0.0,1.1,0.0,0.0,2,2,0,0,0,0,0
22,2019-01-23,0.042,0.017,0.7,0.004,74,46,2.0,7.0,0.0,5.1,2.3,17,48.9,10.0,8.6,1.86,10.85,0.0,0.9,0.0,0.0,2,3,0,0,0,0,0
23,2019-01-24,0.046,0.011,0.6,0.004,40,21,0.1,6.5,0.0,3.5,1.7,11,34.9,10.1,8.8,1.96,11.71,0.0,2.1,0.0,0.0,2,2,0,0,0,0,0
24,2019-01-25,0.035,0.018,0.5,0.004,47,22,-1.2,2.6,0.0,5.5,2.6,18,27.6,10.1,8.7,1.94,11.56,0.0,1.3,0.0,0.0,2,2,0,0,0,0,0
25,2019-01-26,0.024,0.023,0.4,0.004,44,23,-2.5,2.4,0.0,4.4,2.4,20,30.9,10.1,8.8,2.03,12.29,0.0,0.0,0.0,0.0,2,2,0,0,0,1,0
26,2019-01-27,0.032,0.02,0.5,0.004,31,18,-0.1,5.1,0.0,3.7,1.7,28,52.5,10.2,6.7,1.93,10.31,0.0,4.3,0.0,0.0,2,2,0,0,0,1,0
27,2019-01-28,0.024,0.025,0.4,0.004,77,25,1.2,4.5,0.0,6.8,3.1,17,40.4,10.2,8.7,1.98,11.76,0.0,1.3,0.0,0.0,2,2,0,0,0,0,0
28,2019-01-29,0.049,0.009,0.6,0.004,63,23,-0.2,7.0,0.0,3.7,1.5,18,35.5,10.2,8.7,2.0,11.87,0.0,2.1,0.0,0.0,2,2,0,0,0,0,0
29,2019-01-30,0.059,0.008,0.7,0.005,57,32,1.8,6.6,0.0,3.8,1.5,39,54.6,10.3,7.7,1.54,9.13,0.0,6.9,0.0,0.0,2,2,0,0,0,0,0
30,2019-01-31,0.028,0.017,0.4,0.004,67,22,-2.0,2.3,0.0,4.7,2.9,18,29.0,10.3,3.4,1.38,5.97,0.0,7.0,0.0,0.0,2,2,0,0,0,0,0
31,2019-02-01,0.035,0.015,0.5,0.003,36,18,-2.1,2.8,0.3,4.9,1.7,27,47.6,10.3,5.7,2.04,9.71,0.2,3.0,0.3,0.0,2,2,1,1,0,0,0
32,2019-02-02,0.047,0.011,0.6,0.003,59,35,1.4,6.1,0.0,1.8,1.0,46,60.0,10.3,1.6,0.83,4.48,0.2,7.5,9.0,0.0,2,3,0,0,0,1,0
33,2019-02-03,0.035,0.017,0.7,0.003,40,31,3.3,4.9,16.0,4.0,1.7,53,92.9,10.4,0.0,0.1,0.54,0.0,9.3,7.0,1.08,2,2,1,0,1,1,0
34,2019-02-04,0.023,0.025,0.5,0.003,74,39,-0.6,3.0,0.0,4.9,2.1,17,40.4,10.4,8.6,2.16,12.74,0.0,2.4,0.0,0.0,2,3,0,0,0,1,0
35,2019-02-05,0.046,0.014,0.6,0.004,87,29,2.8,10.1,0.0,2.9,1.0,17,37.1,10.5,7.8,2.05,11.81,0.0,3.9,0.0,0.0,3,2,0,0,0,1,0
36,2019-02-06,0.048,0.017,0.7,0.004,98,37,5.1,9.3,0.0,3.1,1.3,34,54.9,10.5,3.3,1.49,6.87,0.0,8.1,0.5,0.0,3,3,0,0,0,1,0
37,2019-02-07,0.018,0.028,0.4,0.003,65,35,-2.1,6.3,0.5,5.5,3.5,18,45.5,10.5,8.7,2.21,13.09,0.0,4.3,0.0,0.0,2,3,1,0,0,0,0
38,2019-02-08,0.032,0.015,0.4,0.003,37,21,-6.1,-1.3,0.0,4.7,2.3,18,31.5,10.6,8.4,1.97,12.08,0.0,6.1,0.0,0.0,2,2,0,0,0,0,0
39,2019-02-09,0.02,0.025,0.4,0.003,41,22,-5.4,-1.9,0.0,4.9,2.7,20,30.0,10.6,9.3,2.24,13.27,0.0,4.4,0.0,0.0,2,2,0,0,0,1,0
40,2019-02-10,0.033,0.016,0.5,0.004,46,28,-5.0,-1.9,0.0,3.6,1.7,22,31.3,10.6,2.2,1.57,7.83,0.0,7.5,0.0,0.0,2,2,0,0,0,1,0
41,2019-02-11,0.029,0.023,0.5,0.004,41,29,-3.0,2.0,0.0,4.9,2.3,19,34.9,10.7,9.4,2.32,14.53,0.0,0.4,0.0,0.0,2,2,0,0,0,0,0
42,2019-02-12,0.036,0.022,0.7,0.004,62,46,-0.6,3.7,0.0,4.3,1.9,22,35.5,10.7,8.5,1.97,12.34,0.0,5.6,0.0,0.0,2,3,0,0,0,0,0
43,2019-02-13,0.031,0.022,0.5,0.004,43,26,-2.1,2.5,0.0,5.1,2.4,15,26.6,10.7,9.2,2.26,14.15,0.0,1.8,0.0,0.0,2,2,0,0,0,0,0
44,2019-02-14,0.052,0.009,0.6,0.005,57,34,-0.5,6.3,0.0,3.2,1.4,16,24.3,10.8,9.2,2.34,14.39,0.0,5.3,1.4,0.0,2,2,0,0,0,0,0
45,2019-02-15,0.038,0.019,0.5,0.004,41,32,-0.8,0.9,2.2,4.0,1.9,30,72.8,10.8,0.0,0.78,3.57,2.4,9.1,1.0,0.0,2,2,1,1,0,0,0
46,2019-02-16,0.024,0.031,0.7,0.004,64,54,-2.7,1.5,0.2,4.6,2.6,38,59.0,10.9,8.8,2.25,13.19,0.7,2.4,0.0,0.0,2,3,1,1,0,1,0
47,2019-02-17,0.029,0.025,0.5,0.004,37,27,-1.8,4.6,0.0,4.2,1.9,23,47.4,10.9,9.8,2.44,16.08,0.0,0.1,0.0,0.0,2,2,0,0,0,1,0
48,2019-02-18,0.057,0.006,0.7,0.004,42,27,0.9,5.9,0.0,2.8,1.3,27,43.5,10.9,5.6,2.0,10.19,0.0,7.4,1.4,0.0,2,2,0,0,0,0,0
49,2019-02-19,0.05,0.008,0.6,0.003,45,36,1.4,3.0,4.6,3.9,1.4,36,80.8,11.0,0.6,0.85,3.43,3.3,9.4,3.2,0.0,2,3,1,1,0,0,0
50,2019-02-20,0.035,0.024,0.6,0.003,64,55,1.7,4.5,0.0,4.1,2.1,48,67.8,11.0,2.2,1.32,6.26,0.4,6.5,0.0,0.0,2,3,0,0,0,0,0
51,2019-02-21,0.05,0.016,0.8,0.004,76,65,2.4,9.0,0.0,3.4,1.5,32,59.4,11.0,9.6,2.28,14.6,0.0,0.0,0.0,0.0,2,3,0,0,0,0,0
52,2019-02-22,0.062,0.012,0.9,0.004,77,62,4.0,10.8,0.0,3.7,1.5,28,56.1,11.1,9.5,2.34,15.33,0.0,5.4,0.0,0.0,2,3,0,0,0,0,0
53,2019-02-23,0.055,0.015,0.8,0.004,57,44,6.8,14.5,0.0,2.9,1.1,15,41.0,11.1,9.1,2.54,16.04,0.0,2.9,0.0,0.0,2,3,0,0,0,1,0
54,2019-02-24,0.05,0.027,0.8,0.005,68,57,6.3,13.7,0.0,4.9,1.8,20,45.0,11.2,10.0,2.42,16.07,0.0,1.6,0.0,0.0,2,3,0,0,0,1,0
55,2019-02-25,0.039,0.026,0.6,0.004,78,59,4.7,10.2,0.0,4.8,2.3,26,55.8,11.2,8.0,2.32,14.21,0.0,4.8,0.0,0.0,2,3,0,0,0,0,0
56,2019-02-26,0.046,0.016,0.5,0.004,51,29,5.2,12.0,0.0,4.9,1.6,16,32.8,11.2,9.5,2.39,16.25,0.0,3.6,0.0,0.0,2,2,0,0,0,0,0
57,2019-02-27,0.059,0.018,0.7,0.006,72,52,7.8,14.0,0.0,4.3,1.6,21,31.3,11.3,7.8,2.14,12.84,0.0,7.5,0.0,0.0,2,3,0,0,0,0,0
58,2019-02-28,0.06,0.02,0.7,0.005,91,64,6.6,12.8,0.0,4.7,2.0,24,39.5,11.3,8.1,2.21,14.07,0.0,3.3,0.0,0.0,3,3,0,0,0,0,0
59,2019-03-01,0.047,0.036,0.8,0.005,120,88,6.6,13.0,0.0,4.4,2.1,22,42.3,11.3,9.9,2.31,15.38,0.0,0.3,0.0,0.0,3,4,0,0,0,1,0
60,2019-03-02,0.068,0.019,1.0,0.005,129,95,7.8,14.7,0.0,3.3,1.1,19,37.6,11.4,7.5,2.17,13.57,0.0,5.8,0.0,0.0,3,4,0,0,0,1,0
61,2019-03-03,0.053,0.031,0.9,0.004,113,84,9.4,16.1,0.0,3.3,1.5,15,36.4,11.4,7.9,2.55,15.37,0.0,4.8,0.0,0.0,3,4,0,0,0,1,0
62,2019-03-04,0.055,0.032,1.0,0.005,183,136,9.9,16.3,0.0,4.7,1.9,19,46.1,11.5,9.2,2.3,14.87,0.0,2.3,0.0,0.0,4,4,0,0,0,0,0
63,2019-03-05,0.032,0.042,0.8,0.005,181,135,8.4,12.9,0.0,3.9,2.0,40,66.3,11.5,2.5,1.81,9.21,0.0,8.6,0.0,0.0,4,4,0,0,0,0,0
64,2019-03-06,0.048,0.031,0.8,0.004,140,102,8.4,12.4,0.0,4.3,2.0,43,55.0,11.5,3.0,1.61,10.39,0.0,6.3,0.0,0.0,3,4,0,0,0,0,0
65,2019-03-07,0.037,0.03,0.6,0.003,62,45,7.0,12.7,0.0,5.1,2.2,26,51.1,11.6,10.1,2.45,15.76,0.0,1.5,0.0,0.0,2,3,0,0,0,0,0
66,2019-03-08,0.037,0.027,0.5,0.004,42,25,6.1,13.4,0.0,4.2,1.9,17,39.4,11.6,10.7,2.71,18.67,0.0,0.1,0.0,0.0,2,2,0,0,0,0,0
67,2019-03-09,0.056,0.015,0.6,0.005,40,27,7.2,14.9,0.0,3.0,1.3,10,31.8,11.7,9.7,1.91,14.44,0.0,5.4,0.0,0.0,2,2,0,0,0,1,0
68,2019-03-10,0.045,0.024,0.6,0.004,51,34,10.1,15.3,0.0,2.9,1.2,12,26.4,11.7,0.3,1.62,8.91,0.0,7.1,0.0,0.0,2,2,0,0,0,1,0
69,2019-03-11,0.044,0.021,0.6,0.004,67,47,6.6,10.0,0.0,4.3,1.8,38,61.0,11.8,3.6,1.51,9.72,0.0,4.9,0.0,0.0,2,3,0,0,0,0,0
70,2019-03-12,0.025,0.036,0.5,0.003,81,51,3.9,7.9,0.0,6.0,2.7,21,55.1,11.8,1.8,1.16,5.15,0.0,4.9,0.0,0.0,3,3,0,0,0,0,0
71,2019-03-13,0.022,0.032,0.3,0.003,40,12,3.5,8.5,0.0,7.2,3.3,14,38.5,11.8,10.1,2.8,17.87,0.0,1.8,0.0,0.0,2,1,0,0,0,0,0
72,2019-03-14,0.029,0.032,0.4,0.003,41,19,5.0,10.0,0.0,3.8,1.9,18,45.3,11.9,7.0,2.34,14.02,0.0,5.5,0.0,0.0,2,2,0,0,0,0,0
73,2019-03-15,0.035,0.028,0.4,0.003,56,32,5.5,11.3,3.5,5.4,1.6,24,72.8,11.9,2.8,1.58,9.93,0.0,7.4,3.5,0.0,2,2,1,0,0,0,0
74,2019-03-16,0.026,0.029,0.4,0.003,43,30,4.3,9.2,0.0,5.1,1.8,38,69.9,12.0,5.0,2.39,11.76,0.0,5.5,0.0,0.0,2,2,0,0,0,1,0
75,2019-03-17,0.025,0.032,0.4,0.003,37,23,6.3,12.4,0.0,4.4,2.0,24,55.4,12.0,9.9,2.87,19.62,0.0,2.0,0.0,0.0,2,2,0,0,0,1,0
76,2019-03-18,0.047,0.016,0.5,0.005,36,21,7.1,14.4,0.0,4.7,1.4,20,43.8,12.0,8.7,2.55,16.33,0.0,6.3,0.0,0.0,2,2,0,0,0,0,0
77,2019-03-19,0.055,0.02,0.7,0.006,63,41,10.0,16.7,0.0,3.3,1.4,20,52.0,12.1,8.3,2.3,15.01,0.0,1.4,0.0,0.0,2,3,0,0,0,0,0
78,2019-03-20,0.057,0.018,0.8,0.004,91,69,10.3,14.6,16.5,3.9,1.4,42,79.0,12.1,0.0,0.78,4.38,0.0,8.8,19.8,0.0,3,3,1,0,0,0,0
79,2019-03-21,0.023,0.037,0.4,0.003,34,26,7.1,11.1,3.3,5.5,2.9,49,77.4,12.2,3.9,1.33,7.51,0.0,7.9,0.0,1.4,2,2,1,0,1,0,0
80,2019-03-22,0.016,0.037,0.3,0.002,36,21,3.3,8.3,0.0,5.0,2.8,20,40.9,12.2,11.1,3.05,21.87,0.0,0.8,0.0,0.0,2,2,0,0,0,0,0
81,2019-03-23,0.022,0.033,0.4,0.003,25,16,3.3,8.2,1.7,6.3,2.4,25,46.9,12.2,7.9,2.05,12.62,0.0,3.0,1.7,0.0,1,2,1,0,0,1,0
82,2019-03-24,0.019,0.037,0.3,0.003,29,15,4.3,9.7,0.0,4.9,2.3,27,45.4,12.3,11.3,2.98,22.16,0.0,0.1,0.0,0.0,1,2,0,0,0,1,0
83,2019-03-25,0.031,0.037,0.4,0.004,46,29,7.3,11.5,0.0,5.1,2.0,43,56.1,12.3,1.7,1.05,7.53,0.0,6.6,0.0,0.0,2,2,0,0,0,0,0
84,2019-03-26,0.035,0.034,0.4,0.004,55,35,11.4,17.6,0.0,4.7,2.0,23,51.1,12.4,9.9,2.96,20.42,0.0,2.6,0.0,0.0,2,3,0,0,0,0,0
85,2019-03-27,0.023,0.056,0.5,0.005,87,60,11.6,16.2,0.0,6.4,3.0,44,66.4,12.4,3.4,2.08,10.84,0.0,8.5,0.0,0.0,3,3,0,0,0,0,0
86,2019-03-28,0.031,0.035,0.5,0.004,79,52,9.4,14.6,0.0,4.8,2.6,16,49.9,12.4,9.9,2.79,18.21,0.0,6.1,0.0,0.0,2,3,0,0,0,0,0
87,2019-03-29,0.027,0.038,0.4,0.003,39,21,9.2,15.1,0.0,4.7,2.1,17,33.1,12.5,10.5,3.01,21.22,0.0,4.6,1.6,0.0,2,2,0,0,0,0,0
88,2019-03-30,0.019,0.041,0.4,0.002,36,25,5.2,8.4,1.8,6.3,2.9,35,72.0,12.5,3.0,1.34,6.76,0.0,9.4,0.2,0.0,2,2,1,0,0,1,0
89,2019-03-31,0.016,0.039,0.4,0.002,44,29,4.4,8.4,0.0,5.5,3.2,20,46.0,12.6,3.2,2.02,8.22,0.0,5.1,0.0,0.0,2,2,0,0,0,1,0
90,2019-04-01,0.024,0.034,0.3,0.003,24,13,5.5,11.3,0.0,5.8,2.5,15,39.8,12.6,11.7,3.23,23.42,0.0,1.3,0.0,0.0,1,1,0,0,0,0,0
91,2019-04-02,0.027,0.034,0.4,0.003,31,18,6.7,13.0,0.0,6.1,2.2,15,36.9,12.6,11.7,3.08,22.96,0.0,0.3,0.0,0.0,2,2,0,0,0,0,0
92,2019-04-03,0.031,0.034,0.4,0.003,37,23,7.6,13.6,0.0,5.0,2.3,14,36.1,12.7,11.7,3.0,22.61,0.0,0.3,0.0,0.0,2,2,0,0,0,0,0
93,2019-04-04,0.024,0.041,0.4,0.004,34,20,9.2,15.7,0.0,5.0,2.5,21,43.0,12.7,11.7,3.06,22.72,0.0,0.0,0.0,0.0,2,2,0,0,0,0,0
94,2019-04-05,0.026,0.041,0.4,0.003,74,25,11.4,17.2,0.0,5.4,2.9,13,41.0,12.8,9.3,3.03,20.11,0.0,3.0,0.0,0.0,2,2,0,0,0,0,0
95,2019-04-06,0.049,0.015,0.5,0.003,57,20,9.3,12.2,0.8,2.8,1.1,21,39.9,12.8,0.5,0.91,4.48,0.0,8.5,0.8,0.0,2,2,1,0,0,1,0
96,2019-04-07,0.03,0.03,0.4,0.003,39,18,12.6,20.3,0.0,4.8,1.7,12,43.1,12.8,11.4,2.99,21.77,0.0,4.4,0.0,0.0,2,2,0,0,0,1,1
97,2019-04-08,0.025,0.035,0.3,0.003,36,13,11.6,17.2,0.0,5.2,2.5,10,25.6,12.9,10.9,3.25,23.74,0.0,3.3,0.0,0.0,2,1,0,0,0,0,1
98,2019-04-09,0.029,0.028,0.3,0.003,26,12,9.2,13.9,17.4,4.4,2.4,16,49.1,12.9,0.8,1.22,5.64,0.0,9.4,21.6,0.0,1,1,1,0,0,0,0
99,2019-04-10,0.025,0.031,0.3,0.002,8,4,7.1,10.2,5.6,3.1,1.8,61,78.4,12.9,1.1,1.14,6.98,0.0,8.3,1.4,0.0,1,1,1,0,0,0,0
100,2019-04-11,0.035,0.025,0.4,0.003,26,16,9.5,15.7,0.0,4.7,1.9,17,58.0,13.0,9.8,3.1,20.94,0.0,4.6,0.0,0.0,1,2,0,0,0,0,0
101,2019-04-12,0.035,0.037,0.4,0.004,45,28,11.4,18.4,0.0,5.1,2.2,19,48.5,13.0,11.4,3.17,23.73,0.0,1.8,0.0,0.0,2,2,0,0,0,0,1
102,2019-04-13,0.032,0.044,0.4,0.003,40,25,11.8,17.9,0.0,5.0,1.8,14,34.0,13.1,10.8,3.06,22.96,0.0,5.6,0.1,0.0,2,2,0,0,0,1,1
103,2019-04-14,0.023,0.043,0.4,0.003,39,21,9.6,13.6,1.7,7.3,2.2,20,45.5,13.1,5.0,1.89,8.35,0.0,6.0,1.6,0.0,2,2,1,0,0,1,0
104,2019-04-15,0.034,0.034,0.4,0.004,49,16,11.6,18.1,0.0,4.7,1.8,13,30.9,13.2,12.1,3.09,24.07,0.0,0.0,0.0,0.0,2,2,0,0,0,0,1
105,2019-04-16,0.046,0.029,0.5,0.004,45,21,14.9,22.6,0.0,4.1,1.6,10,26.3,13.2,11.5,3.28,23.58,0.0,4.8,0.0,0.0,2,2,0,0,0,0,1
106,2019-04-17,0.039,0.034,0.5,0.004,38,19,15.3,21.8,0.0,4.9,1.9,16,37.5,13.2,12.2,3.23,24.94,0.0,3.9,0.0,0.0,2,2,0,0,0,0,1
107,2019-04-18,0.03,0.029,0.4,0.004,37,21,12.6,16.2,0.0,5.3,2.0,55,74.4,13.3,1.5,1.05,5.88,0.0,6.3,0.0,0.0,2,2,0,0,0,0,0
108,2019-04-19,0.03,0.025,0.4,0.002,43,21,13.8,19.7,0.0,3.2,1.6,31,57.5,13.3,5.9,2.96,15.84,0.0,4.8,0.0,0.0,2,2,0,0,0,0,1
109,2019-04-20,0.024,0.036,0.4,0.003,44,22,14.3,19.1,1.2,4.5,1.9,40,66.9,13.3,5.0,2.55,14.63,0.0,7.1,1.5,0.0,2,2,1,0,0,1,0
110,2019-04-21,0.021,0.036,0.4,0.002,29,21,14.8,20.2,0.3,4.2,1.9,53,77.8,13.4,4.1,2.5,13.42,0.0,7.9,0.0,0.0,1,2,1,0,0,1,1
111,2019-04-22,0.049,0.025,0.6,0.003,87,36,19.3,28.2,0.0,4.2,1.4,18,50.6,13.4,11.1,3.09,23.42,0.0,2.3,0.0,0.0,3,3,0,0,0,0,1
112,2019-04-23,0.042,0.037,0.6,0.005,78,37,20.4,25.5,0.0,3.8,1.3,36,52.0,13.4,4.2,2.16,13.14,0.0,8.4,4.1,0.0,2,3,0,0,0,0,1
113,2019-04-24,0.032,0.026,0.5,0.003,50,32,19.5,25.9,4.1,4.5,1.6,42,70.4,13.5,8.0,2.74,18.91,0.0,5.0,0.0,0.0,2,2,1,0,0,0,1
114,2019-04-25,0.029,0.02,0.4,0.003,38,17,13.2,17.2,11.3,3.6,2.0,51,75.9,13.5,0.0,0.69,3.48,0.0,9.4,15.3,0.0,2,2,1,0,0,0,0
115,2019-04-26,0.022,0.029,0.3,0.002,13,6,8.4,9.9,4.9,3.5,1.5,65,82.1,13.6,0.0,0.48,3.51,0.0,8.0,0.9,0.0,1,1,1,0,0,0,0
116,2019-04-27,0.028,0.026,0.4,0.002,20,10,11.6,18.2,0.0,3.6,1.7,25,52.6,13.6,10.3,3.24,23.24,0.0,4.8,0.0,0.0,1,1,0,0,0,1,1
117,2019-04-28,0.022,0.035,0.4,0.003,20,12,12.9,16.6,0.0,3.7,1.6,33,48.8,13.6,3.4,2.56,12.09,0.0,8.1,0.0,0.0,1,1,0,0,0,1,1
118,2019-04-29,0.044,0.019,0.5,0.003,26,16,13.0,17.3,0.0,2.0,0.9,36,52.9,13.7,3.3,1.35,9.81,0.0,5.8,0.0,0.0,1,2,0,0,0,0,1
119,2019-04-30,0.039,0.03,0.5,0.003,33,19,15.5,22.5,0.0,4.2,1.6,29,52.8,13.7,11.2,2.67,21.75,0.0,4.4,0.0,0.0,2,2,0,0,0,0,1
120,2019-05-01,0.025,0.04,0.4,0.004,57,24,16.4,22.2,0.0,4.8,2.3,28,48.9,13.7,10.9,3.15,24.41,0.0,1.9,0.0,0.0,2,2,0,0,0,0,1
121,2019-05-02,0.021,0.04,0.4,0.003,51,15,17.1,25.3,0.0,5.1,2.3,14,28.5,13.8,12.7,3.4,27.27,0.0,0.0,0.0,0.0,2,2,0,0,0,0,1
122,2019-05-03,0.037,0.044,0.5,0.005,58,28,17.9,26.1,0.0,4.4,1.6,17,37.5,13.8,12.4,3.19,25.59,0.0,0.0,0.0,0.0,2,2,0,0,0,0,1
123,2019-05-04,0.044,0.048,0.6,0.005,81,51,19.5,27.4,0.0,4.1,1.7,18,40.4,13.8,10.7,2.85,22.12,0.0,4.9,0.0,0.0,3,3,0,0,0,1,1
124,2019-05-05,0.032,0.051,0.5,0.004,59,36,19.2,26.5,0.0,5.3,2.2,12,35.8,13.9,11.1,3.29,25.14,0.0,5.1,0.0,0.0,2,3,0,0,0,1,1
125,2019-05-06,0.013,0.04,0.3,0.003,36,10,14.5,19.8,0.0,5.3,3.1,12,27.1,13.9,12.8,3.46,28.25,0.0,0.3,0.0,0.0,2,1,0,0,0,0,1
126,2019-05-07,0.025,0.041,0.4,0.004,43,16,15.0,21.9,0.0,5.0,2.3,16,33.4,13.9,12.9,3.36,27.02,0.0,0.0,0.0,0.0,2,2,0,0,0,0,1
127,2019-05-08,0.023,0.049,0.4,0.004,46,22,15.6,21.3,0.0,5.1,2.3,31,48.3,14.0,12.2,3.12,23.39,0.0,6.1,0.0,0.0,2,2,0,0,0,0,1
128,2019-05-09,0.024,0.043,0.4,0.004,39,21,16.6,22.9,0.0,4.5,2.2,19,43.3,14.0,12.1,3.17,25.46,0.0,3.1,0.0,0.0,2,2,0,0,0,0,1
129,2019-05-10,0.042,0.04,0.5,0.004,56,32,17.8,26.8,0.0,4.1,1.9,28,48.0,14.0,12.3,3.2,25.19,0.0,3.5,0.0,0.0,2,2,0,0,0,0,1
130,2019-05-11,0.046,0.035,0.6,0.004,57,33,20.3,28.3,0.0,3.9,1.8,22,39.0,14.1,12.7,3.19,25.19,0.0,2.0,0.0,0.0,2,2,0,0,0,1,1
131,2019-05-12,0.033,0.05,0.5,0.004,50,33,21.6,28.9,0.0,3.1,1.5,24,36.0,14.1,12.0,2.61,21.82,0.0,4.3,0.0,0.0,2,2,0,0,0,1,1
132,2019-05-13,0.038,0.039,0.5,0.005,54,33,18.7,22.8,0.0,4.9,1.6,29,43.4,14.1,1.0,0.97,8.51,0.0,8.3,0.0,0.0,2,2,0,0,0,0,1
133,2019-05-14,0.027,0.04,0.4,0.006,47,33,19.6,26.9,0.0,4.1,1.6,24,44.5,14.2,13.0,3.25,25.35,0.0,1.6,0.0,0.0,2,2,0,0,0,0,1
134,2019-05-15,0.034,0.041,0.5,0.005,61,42,20.7,28.0,0.0,3.9,1.7,23,48.1,14.2,8.4,2.93,21.24,0.0,4.5,0.0,0.0,2,3,0,0,0,0,1
135,2019-05-16,0.036,0.037,0.5,0.005,64,42,23.5,30.0,0.0,4.1,1.5,25,43.8,14.2,12.5,3.06,25.19,0.0,2.5,0.0,0.0,2,3,0,0,0,0,1
136,2019-05-17,0.052,0.029,0.5,0.005,60,44,23.6,28.3,0.0,3.2,1.2,31,44.9,14.2,4.2,1.96,14.72,0.0,7.5,0.0,0.0,2,3,0,0,0,0,1
137,2019-05-18,0.02,0.034,0.3,0.004,32,20,22.8,25.9,0.0,4.8,2.1,38,46.8,14.3,4.3,1.99,16.28,0.0,8.5,5.1,0.0,2,2,0,0,0,1,1
138,2019-05-19,0.013,0.021,0.3,0.002,17,10,19.4,21.6,22.0,2.7,1.2,55,93.0,14.3,0.0,1.1,5.22,0.0,10.0,25.6,0.0,1,1,1,0,0,1,0
139,2019-05-20,0.014,0.033,0.3,0.003,35,10,16.4,20.2,8.7,6.1,3.4,33,63.6,14.3,10.5,3.59,24.95,0.0,4.5,0.0,0.0,2,1,1,0,0,0,1
140,2019-05-21,0.018,0.047,0.4,0.004,48,16,17.2,23.8,0.0,5.9,2.9,22,52.0,14.3,13.1,3.46,28.89,0.0,0.0,0.0,0.0,2,2,0,0,0,0,1
141,2019-05-22,0.021,0.052,0.4,0.004,50,24,19.5,26.5,0.0,5.4,2.4,19,46.0,14.4,12.6,3.42,27.5,0.0,1.4,0.0,0.0,2,2,0,0,0,0,1
142,2019-05-23,0.028,0.054,0.6,0.006,64,38,22.1,29.2,0.0,3.5,1.7,16,45.0,14.4,13.2,3.29,27.36,0.0,0.0,0.0,0.0,2,3,0,0,0,0,1
143,2019-05-24,0.042,0.059,0.6,0.005,79,51,24.2,33.4,0.0,4.1,1.7,27,46.4,14.4,12.7,3.21,26.13,0.0,1.4,0.0,0.0,2,3,0,0,0,0,1
144,2019-05-25,0.025,0.051,0.6,0.005,73,52,23.4,28.6,0.0,4.2,1.6,15,45.6,14.4,7.1,2.45,18.83,0.0,7.9,0.0,0.0,2,3,0,0,0,1,1
145,2019-05-26,0.02,0.046,0.4,0.004,38,24,24.5,31.1,0.0,4.5,1.8,21,39.0,14.5,11.0,3.22,25.81,0.0,6.0,3.6,0.0,2,2,0,0,0,1,1
146,2019-05-27,0.015,0.032,0.3,0.002,23,14,17.8,22.3,7.1,5.3,2.4,42,80.9,14.5,0.0,0.34,2.33,0.0,8.6,3.5,0.0,1,1,1,0,0,0,0
147,2019-05-28,0.017,0.036,0.3,0.003,22,9,18.1,24.6,0.0,4.9,2.6,20,45.9,14.5,13.0,3.51,28.01,0.0,2.1,0.0,0.0,1,1,0,0,0,0,1
148,2019-05-29,0.027,0.044,0.4,0.004,42,21,20.3,26.5,0.0,4.9,2.0,21,48.4,14.5,13.3,3.42,28.48,0.0,0.4,0.0,0.0,2,2,0,0,0,0,1
149,2019-05-30,0.025,0.048,0.4,0.004,42,23,19.6,24.5,0.0,5.4,2.4,31,48.0,14.5,7.0,2.83,18.28,0.0,7.9,0.0,0.0,2,2,0,0,0,0,1
150,2019-05-31,0.015,0.046,0.3,0.003,20,10,19.1,23.3,0.0,5.4,2.8,35,49.6,14.6,12.3,3.42,27.46,0.0,2.3,0.0,0.0,1,1,0,0,0,0,1
151,2019-06-01,0.018,0.044,0.3,0.004,32,21,18.9,23.7,0.0,4.2,1.9,40,60.5,14.6,9.4,2.54,21.1,0.0,5.5,0.0,0.0,2,2,0,0,0,1,1
152,2019-06-02,0.026,0.043,0.5,0.004,34,20,21.1,27.8,0.0,4.6,1.7,22,42.1,14.6,13.0,3.26,26.48,0.0,0.6,0.0,0.0,2,2,0,0,0,1,1
153,2019-06-03,0.031,0.042,0.4,0.004,35,21,23.1,29.5,0.0,5.0,1.8,27,42.9,14.6,12.3,3.08,25.57,0.0,0.6,0.0,0.0,2,2,0,0,0,0,1
154,2019-06-04,0.021,0.032,0.4,0.004,28,18,22.6,29.0,0.0,4.4,2.2,34,56.4,14.6,12.8,3.15,26.21,0.0,3.0,0.0,0.0,1,2,0,0,0,0,1
155,2019-06-05,0.029,0.036,0.4,0.003,48,34,23.0,29.6,0.0,4.3,1.8,38,63.8,14.6,8.9,3.23,24.14,0.0,5.4,0.0,0.0,2,2,0,0,0,0,1
156,2019-06-06,0.039,0.023,0.5,0.004,55,34,21.2,25.1,7.5,4.1,1.2,56,75.9,14.7,0.0,0.82,5.33,0.0,9.1,42.1,0.0,2,2,1,0,0,1,0
157,2019-06-07,0.016,0.046,0.3,0.002,17,8,20.0,24.7,35.3,3.5,1.9,50,77.3,14.7,3.7,2.06,13.41,0.0,7.4,0.7,0.0,1,1,1,0,0,0,1
158,2019-06-08,0.026,0.038,0.4,0.003,27,16,21.9,27.6,0.0,4.0,1.4,28,57.5,14.7,9.3,2.67,21.14,0.0,5.9,0.0,0.0,1,2,0,0,0,1,1
159,2019-06-09,0.019,0.042,0.4,0.005,35,26,21.6,26.5,2.5,4.0,1.8,47,66.1,14.7,4.2,2.6,16.87,0.0,8.9,12.0,0.0,2,2,1,0,0,1,1
160,2019-06-10,0.016,0.026,0.3,0.002,13,5,18.4,21.9,9.5,2.4,1.6,49,70.3,14.7,0.6,1.32,11.01,0.0,8.0,0.0,0.0,1,1,1,0,0,0,1
161,2019-06-11,0.021,0.031,0.3,0.002,14,6,20.5,26.1,0.0,3.0,1.4,32,51.1,14.7,10.7,3.07,21.58,0.0,3.5,0.0,0.0,1,1,0,0,0,0,1
162,2019-06-12,0.028,0.028,0.4,0.003,28,16,21.5,26.4,0.0,4.6,1.8,40,57.1,14.7,13.0,2.83,25.26,0.0,1.1,0.0,0.0,1,2,0,0,0,0,1
163,2019-06-13,0.026,0.036,0.3,0.004,29,18,23.0,28.8,0.0,4.0,1.7,33,51.9,14.7,12.3,3.27,27.4,0.0,3.1,0.0,0.0,1,2,0,0,0,0,1
164,2019-06-14,0.022,0.038,0.4,0.003,32,21,23.0,28.4,0.0,4.2,1.8,30,54.8,14.8,6.1,3.14,19.46,0.0,6.1,0.0,0.0,2,2,0,0,0,0,1
165,2019-06-15,0.016,0.036,0.3,0.002,34,19,21.9,27.4,2.1,5.3,2.4,37,61.5,14.8,12.2,3.34,25.94,0.0,3.1,2.1,0.0,2,2,1,0,0,1,1
166,2019-06-16,0.016,0.037,0.3,0.002,18,11,22.0,27.2,0.0,4.7,1.6,34,55.4,14.8,11.1,2.57,22.45,0.0,3.9,0.0,0.0,1,1,0,0,0,1,1
167,2019-06-17,0.015,0.036,0.3,0.004,21,13,21.7,26.2,0.0,4.1,2.3,35,59.1,14.8,12.7,2.92,25.36,0.0,4.5,9.9,0.0,1,1,0,0,0,0,1
168,2019-06-18,0.02,0.03,0.4,0.003,27,18,20.8,24.8,13.8,4.0,1.5,54,78.6,14.8,2.0,1.92,11.26,0.0,9.5,4.1,0.0,1,2,1,0,0,0,0
169,2019-06-19,0.018,0.04,0.4,0.002,33,24,21.4,25.4,0.2,4.1,1.9,55,77.8,14.8,0.9,2.16,11.24,0.0,9.4,0.0,0.0,2,2,1,0,0,0,1
170,2019-06-20,0.019,0.038,0.4,0.002,29,20,22.7,27.8,0.0,4.2,1.9,45,70.6,14.8,6.9,3.04,20.91,0.0,8.0,0.0,0.0,1,2,0,0,0,0,1
171,2019-06-21,0.019,0.033,0.4,0.002,26,17,22.1,26.1,0.2,3.7,1.7,55,72.9,14.8,3.4,2.4,12.51,0.0,7.3,0.2,0.0,1,2,1,0,0,0,1
172,2019-06-22,0.014,0.036,0.3,0.002,15,7,24.2,30.6,0.0,2.9,1.5,25,42.3,14.8,13.0,3.44,27.01,0.0,2.1,0.0,0.0,1,1,0,0,0,1,1
173,2019-06-23,0.012,0.038,0.2,0.002,15,8,25.0,31.0,0.0,4.4,1.8,28,40.4,14.8,12.9,3.15,26.05,0.0,3.0,0.0,0.0,1,1,0,0,0,1,1
174,2019-06-24,0.021,0.037,0.3,0.003,25,15,25.2,30.9,0.0,4.1,2.0,28,46.9,14.8,13.6,3.35,27.57,0.0,1.6,0.0,0.0,1,2,0,0,0,0,1
175,2019-06-25,0.028,0.046,0.4,0.004,35,23,25.6,32.8,0.0,4.2,1.6,24,49.1,14.8,13.4,3.21,27.13,0.0,1.3,0.0,0.0,2,2,0,0,0,0,1
176,2019-06-26,0.032,0.034,0.4,0.003,38,26,25.5,29.5,0.0,3.1,1.3,34,52.6,14.8,1.1,1.57,12.11,0.0,9.5,1.4,0.0,2,2,0,0,0,0,1
177,2019-06-27,0.018,0.035,0.3,0.002,24,16,25.5,31.2,1.4,3.5,1.4,39,70.5,14.8,3.9,2.17,14.79,0.0,8.3,0.0,0.0,1,2,1,0,0,0,1
178,2019-06-28,0.022,0.032,0.4,0.004,35,26,24.7,29.0,0.0,3.8,1.7,49,67.3,14.8,2.4,2.31,10.92,0.0,8.5,1.5,0.0,2,2,0,0,0,0,1
179,2019-06-29,0.019,0.028,0.3,0.003,28,20,23.1,27.7,1.5,3.2,1.2,44,72.0,14.8,4.1,2.48,12.49,0.0,8.1,0.0,0.0,1,2,1,0,0,1,1
180,2019-06-30,0.011,0.036,0.3,0.003,37,28,23.9,28.5,0.0,4.5,2.3,47,73.5,14.7,5.2,2.98,16.32,0.0,6.9,0.0,0.0,2,2,0,0,0,1,1
181,2019-07-01,0.014,0.045,0.4,0.003,37,26,23.9,28.9,0.0,5.2,2.3,36,64.4,14.7,10.9,2.36,20.33,0.0,4.9,0.0,0.0,2,2,0,0,0,0,1
182,2019-07-02,0.014,0.043,0.3,0.003,32,23,24.4,30.1,0.0,4.3,2.3,33,63.5,14.7,11.9,2.7,21.13,0.0,4.0,0.0,0.0,2,2,0,0,0,0,1
183,2019-07-03,0.023,0.033,0.4,0.003,36,24,24.1,27.4,0.0,3.8,1.7,46,64.6,14.7,3.3,2.38,12.62,0.0,6.4,0.0,0.0,2,2,0,0,0,0,1
184,2019-07-04,0.026,0.03,0.4,0.003,34,22,25.4,32.8,0.0,4.5,1.9,27,59.6,14.7,12.7,3.32,27.41,0.0,2.4,0.0,0.0,2,2,0,0,0,0,1
185,2019-07-05,0.033,0.039,0.4,0.003,39,26,27.6,35.0,0.0,4.3,1.5,24,42.1,14.7,11.8,3.21,24.78,0.0,3.8,0.0,0.0,2,2,0,0,0,0,1
186,2019-07-06,0.021,0.042,0.4,0.003,36,26,29.7,36.1,0.0,3.9,1.7,24,40.9,14.7,11.8,3.31,25.87,0.0,3.4,0.0,0.0,2,2,0,0,0,1,1
187,2019-07-07,0.009,0.037,0.3,0.002,21,16,26.7,32.5,0.0,3.3,2.2,28,43.3,14.7,9.8,3.03,22.4,0.0,7.5,0.0,0.0,1,1,0,0,0,1,1
188,2019-07-08,0.013,0.03,0.2,0.002,13,6,25.1,31.0,0.0,3.3,2.0,32,46.6,14.6,9.3,2.83,20.54,0.0,6.0,0.0,0.0,1,1,0,0,0,0,1
189,2019-07-09,0.013,0.028,0.2,0.002,13,7,25.0,30.0,0.0,3.1,1.8,32,46.4,14.6,7.7,2.65,18.2,0.0,4.9,0.0,0.0,1,1,0,0,0,0,1
190,2019-07-10,0.013,0.024,0.2,0.002,14,7,22.7,27.3,8.5,3.3,2.0,41,64.1,14.6,3.1,2.63,13.4,0.0,8.4,11.4,0.0,1,1,1,0,0,0,0
191,2019-07-11,0.015,0.017,0.3,0.002,10,4,21.9,25.9,2.9,2.8,1.3,58,76.9,14.6,0.0,1.47,8.59,0.0,9.9,0.0,0.0,1,1,1,0,0,0,1
192,2019-07-12,0.014,0.025,0.3,0.003,17,10,23.6,28.7,0.0,4.4,2.0,44,65.5,14.6,7.0,2.87,18.43,0.0,6.8,0.0,0.0,1,1,0,0,0,0,1
193,2019-07-13,0.016,0.033,0.4,0.003,33,26,24.9,29.7,0.0,3.9,1.7,43,67.3,14.6,4.1,2.86,15.0,0.0,6.4,0.0,0.0,2,2,0,0,0,1,1
194,2019-07-14,0.015,0.039,0.5,0.003,48,40,25.9,31.6,0.0,3.8,1.6,38,64.6,14.5,7.8,3.33,20.36,0.0,4.5,0.0,0.0,2,3,0,0,0,1,1
195,2019-07-15,0.027,0.027,0.5,0.002,47,38,23.8,27.4,7.7,3.0,1.1,59,80.0,14.5,0.1,1.14,7.32,0.0,7.5,12.1,0.0,2,3,1,0,0,0,1
196,2019-07-16,0.024,0.026,0.4,0.002,41,30,24.7,28.8,6.3,3.4,1.3,52,79.0,14.5,4.0,2.08,13.41,0.0,7.3,1.9,0.0,2,2,1,0,0,0,1
197,2019-07-17,0.025,0.032,0.5,0.003,68,54,25.6,29.2,0.7,2.9,1.2,54,73.9,14.5,1.0,1.68,11.19,0.0,9.0,0.7,0.0,2,3,1,0,0,0,1
198,2019-07-18,0.026,0.044,0.6,0.004,73,62,26.9,32.1,0.0,3.2,1.2,41,65.0,14.5,3.2,2.38,12.78,0.0,6.4,0.0,0.0,2,3,0,0,0,0,1
199,2019-07-19,0.02,0.025,0.4,0.003,30,23,28.6,35.0,0.0,4.6,1.5,37,61.3,14.4,9.8,3.11,21.8,0.0,4.6,1.0,0.0,2,2,0,0,0,0,1
200,2019-07-20,0.011,0.013,0.2,0.002,10,5,28.0,31.9,1.1,3.6,2.1,50,66.9,14.4,1.2,1.77,10.92,0.0,9.5,4.3,0.0,1,1,1,0,0,1,1
201,2019-07-21,0.009,0.019,0.3,0.003,20,13,25.1,27.0,6.2,4.4,2.2,74,87.1,14.4,0.6,1.14,6.18,0.0,9.4,2.1,0.0,1,1,1,0,0,1,0
202,2019-07-22,0.015,0.037,0.3,0.003,49,39,26.7,31.0,0.1,3.6,2.2,54,74.6,14.4,6.1,2.49,13.12,0.0,7.5,0.0,0.0,2,3,1,0,0,0,1
203,2019-07-23,0.016,0.019,0.3,0.003,30,20,28.1,32.9,0.0,3.6,1.7,48,70.8,14.4,4.0,2.1,13.34,0.0,8.6,0.7,0.0,2,2,0,0,0,0,1
204,2019-07-24,0.018,0.013,0.3,0.003,29,20,26.5,27.2,1.0,3.4,1.6,75,82.3,14.3,0.0,0.58,3.17,0.0,9.6,2.7,0.0,1,2,1,0,0,0,1
205,2019-07-25,0.022,0.018,0.4,0.003,33,24,26.3,27.4,9.7,3.4,1.2,79,90.1,14.3,0.0,0.62,3.47,0.0,9.9,42.8,0.0,2,2,1,0,0,0,0
206,2019-07-26,0.02,0.025,0.4,0.003,22,15,25.1,25.9,60.0,4.5,1.7,91,95.3,14.3,0.0,0.51,2.35,0.0,9.9,25.1,0.0,1,2,1,0,0,0,0
207,2019-07-27,0.017,0.03,0.4,0.003,20,15,28.4,33.4,0.6,3.9,1.3,48,76.6,14.3,4.7,2.34,15.31,0.0,7.6,12.6,0.0,1,2,1,0,0,1,0
208,2019-07-28,0.008,0.024,0.2,0.002,18,12,26.1,28.2,25.6,4.8,2.2,77,88.3,14.2,0.0,0.82,2.87,0.0,9.8,13.5,0.0,1,1,1,0,0,1,0
209,2019-07-29,0.009,0.013,0.2,0.003,18,9,27.5,30.0,0.5,5.0,2.6,63,74.5,14.2,2.6,1.62,9.43,0.0,8.0,0.3,0.0,1,1,1,0,0,0,1
210,2019-07-30,0.009,0.018,0.2,0.003,24,14,28.1,30.8,1.2,5.9,3.4,64,75.3,14.2,1.6,1.9,8.26,0.0,8.8,39.8,0.0,1,1,1,0,0,0,1
211,2019-07-31,0.015,0.019,0.2,0.002,24,13,25.8,27.5,62.3,5.3,2.2,79,91.1,14.1,0.0,0.54,3.01,0.0,9.8,49.6,0.0,1,1,1,0,0,0,0
212,2019-08-01,0.015,0.017,0.2,0.002,17,11,26.3,30.1,26.9,4.6,1.7,66,86.4,14.1,4.9,2.22,13.55,0.0,7.8,0.7,0.0,1,1,1,0,0,0,1
213,2019-08-02,0.016,0.023,0.3,0.002,23,15,28.4,33.1,0.0,3.0,1.2,48,74.6,14.1,8.3,2.55,15.74,0.0,3.5,0.0,0.0,1,2,0,0,0,0,1
214,2019-08-03,0.021,0.03,0.3,0.002,27,18,29.4,36.0,3.0,4.5,1.3,39,69.0,14.0,10.6,3.03,21.04,0.0,3.6,3.0,0.0,1,2,1,0,0,1,0
215,2019-08-04,0.022,0.04,0.4,0.002,36,26,28.3,34.4,8.6,3.3,1.2,48,75.9,14.0,8.6,2.63,17.53,0.0,5.8,8.6,0.0,2,2,1,0,0,1,0
216,2019-08-05,0.027,0.031,0.4,0.003,47,36,30.5,35.9,0.0,3.2,1.1,38,65.5,14.0,11.2,2.83,20.66,0.0,2.5,0.0,0.0,2,3,0,0,0,0,1
217,2019-08-06,0.02,0.027,0.3,0.003,34,25,31.6,36.8,0.0,2.8,1.5,31,51.4,13.9,9.9,2.9,22.91,0.0,6.8,7.4,0.0,2,2,0,0,0,0,1
218,2019-08-07,0.017,0.023,0.3,0.003,27,18,26.9,30.3,8.0,2.8,1.2,51,78.1,13.9,1.9,1.3,6.91,0.0,8.0,0.6,0.0,1,2,1,0,0,0,0
219,2019-08-08,0.018,0.027,0.3,0.003,47,38,28.9,32.7,0.0,3.6,1.6,52,71.4,13.9,7.5,2.5,15.87,0.0,6.6,0.0,0.0,2,3,0,0,0,0,1
220,2019-08-09,0.022,0.018,0.3,0.004,31,21,29.8,34.6,0.0,4.1,1.3,46,69.0,13.9,10.8,2.48,19.37,0.0,4.9,0.0,0.0,2,2,0,0,0,0,1
221,2019-08-10,0.018,0.028,0.3,0.003,28,17,31.5,36.5,0.0,3.4,1.5,40,57.9,13.8,11.6,3.05,22.69,0.0,5.1,0.0,0.0,1,2,0,0,0,1,1
222,2019-08-11,0.008,0.023,0.2,0.003,21,13,30.4,35.7,6.7,4.1,2.5,34,53.6,13.8,9.8,3.15,21.52,0.0,6.8,43.8,0.0,1,1,1,0,0,1,0
223,2019-08-12,0.017,0.013,0.3,0.002,22,16,26.6,28.5,56.2,2.3,1.3,79,91.8,13.7,0.3,0.9,4.8,0.0,8.9,19.1,0.0,1,2,1,0,0,0,0
224,2019-08-13,0.02,0.028,0.3,0.003,32,21,29.2,35.3,6.4,4.7,1.5,43,76.9,13.7,7.3,2.52,16.91,0.0,7.4,6.4,0.0,2,2,1,0,0,0,1
225,2019-08-14,0.019,0.021,0.4,0.003,28,18,30.4,35.7,0.0,3.1,1.5,42,63.9,13.7,9.2,3.25,20.99,0.0,4.0,0.1,0.0,1,2,0,0,0,0,1
226,2019-08-15,0.012,0.013,0.2,0.002,11,5,25.9,28.6,16.2,2.7,1.3,61,82.0,13.7,0.1,0.8,5.51,0.0,9.1,16.2,0.0,1,1,1,0,0,1,0
227,2019-08-16,0.012,0.029,0.4,0.003,21,11,25.9,29.5,0.1,5.0,2.2,59,74.5,13.6,7.5,2.09,14.1,0.0,6.3,0.0,0.0,1,1,1,0,0,0,1
228,2019-08-17,0.011,0.049,0.4,0.003,35,23,25.9,28.8,0.0,4.6,2.5,45,69.5,13.6,8.1,1.74,13.25,0.0,5.0,0.0,0.0,2,2,0,0,0,1,1
229,2019-08-18,0.011,0.04,0.4,0.003,26,15,25.6,30.7,0.0,3.2,1.7,37,66.5,13.5,10.7,2.54,18.61,0.0,4.5,0.0,0.0,1,2,0,0,0,1,1
230,2019-08-19,0.025,0.032,0.5,0.003,31,19,26.3,31.3,0.0,2.7,1.1,35,60.6,13.5,11.1,2.56,18.16,0.0,4.6,0.0,0.0,2,2,0,0,0,0,1
231,2019-08-20,0.024,0.034,0.4,0.003,34,24,28.2,32.8,0.0,3.2,1.5,39,56.3,13.5,10.5,2.8,21.06,0.0,2.6,0.0,0.0,2,2,0,0,0,0,1
232,2019-08-21,0.024,0.032,0.4,0.003,41,29,27.0,30.4,1.3,3.2,1.2,49,67.3,13.4,3.2,2.2,11.43,0.0,7.6,1.3,0.0,2,2,1,0,0,0,1
233,2019-08-22,0.025,0.028,0.5,0.003,49,34,26.9,31.4,0.0,4.4,1.7,36,66.5,13.4,10.7,3.07,23.16,0.0,6.3,0.0,0.0,2,2,0,0,0,0,1
234,2019-08-23,0.016,0.037,0.5,0.003,36,21,26.2,30.5,0.0,4.4,2.1,28,58.4,13.4,12.0,3.22,23.84,0.0,4.4,0.0,0.0,2,2,0,0,0,0,1
235,2019-08-24,0.017,0.028,0.4,0.003,27,12,24.1,27.3,0.0,3.5,1.5,46,60.9,13.3,3.0,1.41,8.25,0.0,5.5,0.0,0.0,1,1,0,0,0,1,1
236,2019-08-25,0.013,0.032,0.4,0.003,25,13,25.0,29.9,0.0,4.0,1.5,43,66.6,13.3,9.9,2.71,17.85,0.0,3.4,0.0,0.0,1,1,0,0,0,1,1
237,2019-08-26,0.018,0.038,0.4,0.003,30,19,26.4,32.1,0.0,4.0,1.2,34,63.8,13.2,9.2,2.9,18.4,0.0,6.4,20.0,0.0,2,2,0,0,0,0,1
238,2019-08-27,0.021,0.037,0.4,0.003,32,22,25.7,29.3,20.0,2.5,1.0,44,71.1,13.2,5.6,1.85,13.22,0.0,8.1,0.0,0.0,2,2,1,0,0,0,1
239,2019-08-28,0.017,0.036,0.4,0.003,34,21,26.1,30.2,0.0,4.3,1.9,37,66.2,13.2,5.25,1.895,14.76,0.0,5.9,0.0,0.0,2,2,0,0,0,0,1
240,2019-08-29,0.018,0.033,0.4,0.003,32,24,23.4,26.4,36.9,7.5,2.2,54,77.1,13.1,4.9,1.94,16.3,0.0,5.6,36.9,0.0,2,2,1,0,0,0,1
241,2019-08-30,0.016,0.024,0.3,0.003,21,11,22.6,27.0,0.2,5.0,2.4,42,66.3,13.1,8.8,2.62,17.84,0.0,5.3,0.2,0.0,1,1,1,0,0,0,1
242,2019-08-31,0.016,0.029,0.3,0.003,20,11,23.5,28.9,0.0,4.7,1.9,38,65.0,13.1,12.1,2.72,21.07,0.0,2.3,0.0,0.0,1,1,0,0,0,1,1
243,2019-09-01,0.018,0.027,0.4,0.003,22,14,23.7,27.8,0.0,2.9,1.4,37,64.0,13.0,6.9,2.34,15.17,0.0,6.1,0.0,0.0,1,1,0,0,0,1,1
244,2019-09-02,0.031,0.019,0.5,0.003,29,18,24.4,29.7,0.0,3.5,1.6,34,56.6,13.0,7.4,2.57,16.85,0.0,6.1,0.0,0.0,1,2,0,0,0,0,1
245,2019-09-03,0.027,0.017,0.4,0.003,29,15,24.1,28.0,0.0,3.8,2.3,50,67.6,12.9,2.9,1.96,11.6,0.0,8.5,1.8,0.0,1,2,0,0,0,0,1
246,2019-09-04,0.024,0.013,0.4,0.002,13,4,22.8,25.5,22.7,4.5,2.5,73,89.0,12.9,1.1,1.57,5.68,0.0,9.3,21.9,0.0,1,1,1,0,0,0,0
247,2019-09-05,0.022,0.008,0.3,0.002,11,5,23.0,27.6,36.4,5.0,2.0,66,91.4,12.9,1.5,1.53,6.07,0.0,9.0,35.4,0.0,1,1,1,0,0,0,0
248,2019-09-06,0.026,0.011,0.4,0.003,27,11,25.3,29.1,2.4,3.4,2.1,63,79.8,12.8,0.4,1.59,9.29,0.0,10.0,2.9,0.0,1,1,1,0,0,0,0
249,2019-09-07,0.008,0.017,0.2,0.002,23,6,25.7,29.5,2.8,11.8,6.0,58,72.9,12.8,0.0,0.78,2.95,0.0,10.0,2.3,0.0,1,1,1,0,0,1,0
250,2019-09-08,0.015,0.03,0.4,0.003,56,24,24.7,27.3,0.0,4.8,1.9,62,76.9,12.7,1.4,1.83,9.31,0.0,9.3,0.0,0.0,2,2,0,0,0,1,0
251,2019-09-09,0.032,0.013,0.5,0.003,60,26,25.1,28.0,0.0,3.6,1.7,55,74.3,12.7,2.0,2.1,10.04,0.0,9.3,32.3,0.0,2,2,0,0,0,0,1
252,2019-09-10,0.03,0.015,0.4,0.002,27,11,23.8,26.5,63.2,4.0,2.4,73,93.4,12.7,1.0,1.68,5.74,0.0,9.8,38.5,0.0,1,1,1,0,0,0,0
253,2019-09-11,0.016,0.029,0.3,0.002,15,5,24.3,28.7,7.6,4.7,3.1,54,71.4,12.6,6.9,2.7,16.56,0.0,7.9,0.0,0.0,1,1,1,0,0,0,1
254,2019-09-12,0.014,0.019,0.3,0.002,16,5,21.0,22.9,3.9,4.8,2.6,56,72.3,12.6,0.0,0.81,4.09,0.0,9.8,4.0,0.0,1,1,1,0,0,1,0
255,2019-09-13,0.014,0.024,0.3,0.002,24,7,23.3,29.3,0.1,3.5,1.7,34,60.4,12.5,10.9,2.9,21.35,0.0,4.3,0.0,0.0,1,1,1,0,0,1,1
256,2019-09-14,0.018,0.02,0.3,0.002,23,10,22.4,24.1,0.3,2.9,1.2,61,80.0,12.5,0.2,0.73,3.34,0.0,8.8,0.3,0.0,1,1,1,0,0,1,0
257,2019-09-15,0.014,0.025,0.4,0.002,24,11,24.2,30.0,0.0,4.1,1.7,40,70.4,12.5,10.6,2.58,18.19,0.0,5.5,0.0,0.0,1,1,0,0,0,1,1
258,2019-09-16,0.022,0.017,0.3,0.002,16,6,24.5,30.5,0.0,4.5,2.1,28,53.0,12.4,9.4,2.92,19.91,0.0,3.6,0.0,0.0,1,1,0,0,0,0,1
259,2019-09-17,0.026,0.029,0.4,0.003,24,11,23.5,29.0,0.0,4.4,2.1,24,41.6,12.4,10.6,3.02,20.01,0.0,6.4,0.0,0.0,1,1,0,0,0,0,1
260,2019-09-18,0.018,0.026,0.4,0.003,36,14,21.0,25.4,0.0,4.9,3.1,27,46.0,12.4,11.7,3.0,21.9,0.0,1.1,0.0,0.0,2,1,0,0,0,0,1
261,2019-09-19,0.022,0.021,0.3,0.003,31,11,19.5,26.0,0.0,4.3,1.9,32,46.5,12.3,10.2,2.74,19.83,0.0,3.5,0.0,0.0,2,1,0,0,0,0,1
262,2019-09-20,0.029,0.012,0.4,0.003,27,11,19.6,24.2,0.0,3.5,2.1,39,52.8,12.3,1.3,1.72,8.64,0.0,9.4,0.0,0.0,1,1,0,0,0,0,1
263,2019-09-21,0.024,0.016,0.4,0.003,18,8,19.6,22.1,0.0,3.7,2.0,48,60.3,12.2,0.0,1.06,4.44,0.0,9.6,0.2,0.0,1,1,0,0,0,1,1
264,2019-09-22,0.009,0.031,0.2,0.002,10,3,18.6,19.6,0.4,6.4,3.8,54,63.4,12.2,0.0,0.43,3.2,0.0,9.4,0.2,0.0,1,1,1,0,0,1,0
265,2019-09-23,0.016,0.025,0.3,0.002,20,7,20.0,24.6,0.0,5.0,2.2,33,51.1,12.2,9.0,2.94,16.92,0.0,3.1,0.0,0.0,1,1,0,0,0,0,1
266,2019-09-24,0.029,0.019,0.4,0.003,32,13,19.8,26.5,0.0,3.5,1.8,31,61.3,12.1,11.4,2.84,20.17,0.0,0.0,0.0,0.0,2,1,0,0,0,0,1
267,2019-09-25,0.031,0.02,0.4,0.003,36,16,20.9,27.4,0.0,3.0,1.4,34,64.4,12.1,8.8,2.51,16.44,0.0,5.9,0.0,0.0,2,2,0,0,0,0,1
268,2019-09-26,0.045,0.003,0.6,0.003,51,25,22.9,29.0,0.0,3.3,1.9,31,59.3,12.0,8.1,2.44,15.5,0.0,8.4,0.0,0.0,2,2,0,0,0,0,1
269,2019-09-27,0.035,0.013,0.4,0.003,30,13,22.9,27.0,0.0,3.1,1.9,35,57.5,12.0,3.5,1.7,10.42,0.0,8.6,0.0,0.0,2,1,0,0,0,0,1
270,2019-09-28,0.029,0.018,0.4,0.003,34,17,23.7,29.2,0.0,3.3,1.7,35,58.9,12.0,10.1,2.64,15.97,0.0,3.8,0.0,0.0,2,2,0,0,0,1,1
271,2019-09-29,0.021,0.01,0.3,0.003,45,33,22.6,28.6,0.0,4.0,1.7,28,60.6,11.9,11.1,2.73,18.83,0.0,0.3,0.0,0.0,2,2,0,0,0,1,1
272,2019-09-30,0.01975,0.01175,0.3,0.003,51,31,22.4,29.9,0.0,3.4,1.6,29,61.0,11.9,10.5,2.69,18.37,0.0,0.0,0.0,0.0,1,1,0,0,0,0,1
273,2019-10-01,0.0185,0.0135,0.3,0.003,57,29,23.1,28.2,0.0,4.4,1.8,46,67.1,11.8,7.5,1.93,13.05,0.0,6.8,4.6,0.0,2,2,0,0,0,0,1
274,2019-10-02,0.01725,0.01525,0.3,0.003,24,9,21.6,24.2,23.1,5.5,3.0,66,88.0,11.8,0.0,0.58,3.4,0.0,9.9,23.1,0.0,1,1,1,0,0,0,0
275,2019-10-03,0.016,0.017,0.3,0.003,14,5,22.4,27.3,4.6,4.9,2.8,45,73.4,11.8,6.0,1.95,10.14,0.0,6.3,0.0,0.0,1,1,1,0,0,1,1
276,2019-10-04,0.025,0.008,0.4,0.003,20,9,22.4,27.8,0.0,3.9,2.1,50,71.5,11.7,9.9,2.33,16.23,0.0,3.6,0.6,0.0,1,1,0,0,0,0,1
277,2019-10-05,0.015,0.022,0.4,0.003,47,25,18.7,21.9,0.6,4.6,2.9,59,72.6,11.7,2.3,1.66,8.24,0.0,7.0,0.0,0.0,2,2,1,0,0,1,1
278,2019-10-06,0.013,0.025,0.2,0.003,16,6,18.1,22.7,0.0,4.8,2.9,38,53.4,11.6,9.4,2.36,16.17,0.0,6.1,10.4,0.0,1,1,0,0,0,1,1
279,2019-10-07,0.025,0.011,0.3,0.003,14,7,14.8,17.9,25.4,3.6,1.8,58,92.0,11.6,0.0,0.28,1.49,0.0,9.5,15.0,0.0,1,1,1,0,0,0,0
280,2019-10-08,0.019,0.022,0.4,0.003,27,11,14.7,19.8,0.0,6.2,2.6,26,58.8,11.6,10.3,2.69,16.78,0.0,2.6,0.0,0.0,1,1,0,0,0,0,1
281,2019-10-09,0.028,0.013,0.4,0.003,27,9,13.6,20.4,0.0,3.8,1.7,23,48.3,11.5,10.6,2.63,17.42,0.0,1.9,0.0,0.0,1,1,0,0,0,1,1
282,2019-10-10,0.044,0.008,0.6,0.003,32,17,15.2,19.8,0.0,2.8,1.3,39,60.9,11.5,1.1,1.78,8.06,0.0,9.0,0.0,0.0,2,2,0,0,0,0,1
283,2019-10-11,0.028,0.023,0.5,0.003,36,21,18.8,26.1,0.0,4.9,1.9,30,60.0,11.4,10.3,2.45,16.44,0.0,0.9,0.0,0.0,2,2,0,0,0,0,1
284,2019-10-12,0.017,0.027,0.3,0.003,28,13,17.9,23.3,0.0,6.7,3.5,34,49.3,11.4,10.5,2.54,17.37,0.0,0.6,0.0,0.0,1,1,0,0,0,1,1
285,2019-10-13,0.018,0.023,0.3,0.003,22,11,17.2,23.8,0.0,4.1,1.9,32,52.6,11.4,10.6,2.47,16.52,0.0,2.1,0.0,0.0,1,1,0,0,0,1,1
286,2019-10-14,0.02,0.021,0.4,0.003,38,18,14.4,19.6,0.0,5.1,2.5,33,56.9,11.3,10.1,2.35,14.54,0.0,1.9,0.0,0.0,2,2,0,0,0,0,1
287,2019-10-15,0.027,0.015,0.4,0.003,24,10,14.5,20.4,0.0,4.3,1.6,38,55.6,11.3,7.7,2.48,14.07,0.0,3.0,0.0,0.0,1,1,0,0,0,0,1
288,2019-10-16,0.035,0.016,0.5,0.003,31,16,14.6,20.8,0.0,3.6,1.6,32,58.3,11.2,9.8,2.52,15.6,0.0,5.3,0.0,0.0,2,2,0,0,0,0,1
289,2019-10-17,0.039,0.013,0.5,0.003,37,20,15.4,21.6,0.0,3.5,1.7,31,56.0,11.2,7.4,1.86,12.02,0.0,4.8,0.0,0.0,2,2,0,0,0,0,1
290,2019-10-18,0.032,0.014,0.4,0.003,22,11,17.0,22.7,0.0,4.3,2.4,43,58.3,11.2,8.0,2.01,12.08,0.0,7.1,0.0,0.0,1,1,0,0,0,0,1
291,2019-10-19,0.028,0.019,0.4,0.003,25,12,17.0,23.1,0.0,3.7,1.8,38,63.8,11.1,10.2,2.3,15.17,0.0,0.8,0.0,0.0,1,1,0,0,0,1,1
292,2019-10-20,0.027,0.021,0.5,0.003,41,27,16.5,22.9,0.0,3.0,1.3,38,70.3,11.1,9.3,2.29,14.67,0.0,0.6,0.0,0.0,2,2,0,0,0,1,1
293,2019-10-21,0.044,0.014,0.6,0.003,45,29,17.1,24.6,0.0,2.4,1.0,28,61.0,11.1,9.6,2.2,14.4,0.0,2.1,0.0,0.0,2,2,0,0,0,0,1
294,2019-10-22,0.042,0.014,0.6,0.003,43,28,18.1,24.4,0.0,3.3,1.6,35,56.1,11.0,9.1,2.15,13.66,0.0,4.4,0.0,0.0,2,2,0,0,0,0,1
295,2019-10-23,0.04,0.011,0.5,0.003,30,19,17.0,20.7,0.0,4.4,2.4,42,57.3,11.0,0.7,1.33,8.08,0.0,8.0,0.0,0.0,2,2,0,0,0,0,1
296,2019-10-24,0.025,0.024,0.4,0.003,31,18,18.3,23.8,0.0,5.1,2.7,33,47.6,10.9,6.6,2.24,11.56,0.0,4.5,0.0,0.0,2,2,0,0,0,0,1
297,2019-10-25,0.027,0.02,0.4,0.003,30,14,16.7,22.0,0.0,5.6,2.4,34,58.0,10.9,7.1,2.11,12.29,0.0,6.6,0.0,0.0,2,1,0,0,0,0,1
298,2019-10-26,0.016,0.019,0.3,0.003,26,15,10.0,14.9,0.0,5.2,2.5,39,60.0,10.9,8.7,2.39,13.08,0.0,2.3,0.0,0.0,1,2,0,0,0,1,1
299,2019-10-27,0.022,0.02,0.4,0.003,26,16,11.0,17.4,0.0,4.2,1.6,34,59.0,10.8,9.8,2.31,14.45,0.0,0.9,0.0,0.0,1,2,0,0,0,1,1
300,2019-10-28,0.027,0.021,0.4,0.004,31,19,12.9,17.7,1.7,4.7,2.5,39,65.9,10.8,7.3,2.18,11.62,0.0,5.6,1.8,0.0,2,2,1,0,0,0,1
301,2019-10-29,0.023,0.017,0.4,0.003,104,20,12.5,17.6,0.1,5.2,2.3,32,61.0,10.8,9.0,2.12,12.41,0.0,1.6,0.0,0.0,3,2,1,0,0,0,1
302,2019-10-30,0.031,0.013,0.4,0.003,28,12,11.2,17.7,0.0,3.8,1.6,37,60.3,10.7,9.6,2.24,14.08,0.0,0.3,0.0,0.0,1,1,0,0,0,0,1
303,2019-10-31,0.031,0.022,0.5,0.004,88,27,14.8,19.7,0.0,5.2,2.3,55,73.8,10.7,8.0,1.98,10.34,0.0,4.6,0.0,0.0,3,2,0,0,0,0,1
304,2019-11-01,0.037,0.021,0.6,0.003,104,38,14.9,20.5,0.0,3.9,1.8,25,57.9,10.7,9.5,2.18,13.85,0.0,1.9,0.0,0.0,3,3,0,0,0,0,1
305,2019-11-02,0.053,0.012,0.7,0.005,80,45,13.6,18.7,0.0,2.9,1.5,45,57.3,10.6,3.3,1.22,7.69,0.0,8.1,0.0,0.0,3,3,0,0,0,1,1
306,2019-11-03,0.032,0.017,0.5,0.003,57,38,14.7,22.1,0.0,4.7,2.1,36,57.8,10.6,7.8,2.04,12.51,0.0,4.0,0.0,0.0,2,3,0,0,0,1,1
307,2019-11-04,0.035,0.011,0.4,0.003,19,9,13.8,20.3,0.0,3.7,2.1,33,57.8,10.6,9.7,2.16,13.83,0.0,0.0,0.0,0.0,1,1,0,0,0,0,1
308,2019-11-05,0.039,0.015,0.5,0.004,36,23,12.4,18.4,0.0,3.8,1.6,35,65.1,10.5,8.0,1.96,11.04,0.0,1.4,0.0,0.0,2,2,0,0,0,0,1
309,2019-11-06,0.044,0.013,0.6,0.004,52,34,11.0,16.5,0.0,4.4,1.8,29,63.6,10.5,7.5,1.89,10.63,0.0,5.0,0.0,0.0,2,2,0,0,0,0,1
310,2019-11-07,0.025,0.022,0.4,0.004,53,26,9.2,13.6,0.0,5.3,2.7,19,42.8,10.4,9.5,2.15,13.4,0.0,1.6,0.0,0.0,2,2,0,0,0,0,1
311,2019-11-08,0.038,0.012,0.5,0.004,45,21,6.8,13.0,0.0,4.4,1.9,14,31.4,10.4,9.7,2.24,13.98,0.0,0.0,0.0,0.0,2,2,0,0,0,0,1
312,2019-11-09,0.045,0.011,0.6,0.004,44,24,9.5,17.2,0.0,4.2,1.6,20,41.4,10.4,9.7,2.1,13.15,0.0,0.3,0.0,0.0,2,2,0,0,0,1,1
313,2019-11-10,0.039,0.014,0.6,0.004,42,29,10.0,15.3,11.8,3.8,2.1,31,59.6,10.3,3.3,1.29,6.6,0.0,8.9,12.9,0.0,2,2,1,0,0,1,0
314,2019-11-11,0.023,0.023,0.5,0.003,27,16,11.2,15.1,1.1,4.8,2.4,47,71.6,10.3,7.2,1.7,8.97,0.0,5.9,0.0,0.0,1,2,1,0,0,0,1
315,2019-11-12,0.04,0.008,0.6,0.003,39,22,9.3,14.5,0.0,2.7,1.4,38,63.6,10.3,5.7,1.35,8.06,0.0,3.6,0.0,0.0,2,2,0,0,0,0,1
316,2019-11-13,0.035,0.011,0.6,0.004,39,25,7.2,11.3,7.5,6.0,2.8,51,72.3,10.2,0.0,0.33,1.25,0.0,8.5,7.5,0.0,2,2,1,0,0,0,0
317,2019-11-14,0.022,0.019,0.3,0.003,25,9,1.3,5.0,0.0,5.8,2.9,21,30.6,10.2,9.7,2.16,13.15,0.0,1.0,11.1,0.0,1,1,0,0,0,0,0
318,2019-11-15,0.042,0.007,0.5,0.003,27,16,5.6,7.6,18.8,3.5,2.0,39,87.4,10.2,0.1,0.33,1.92,0.0,8.1,7.7,0.0,1,2,1,0,0,0,0
319,2019-11-16,0.045,0.005,0.7,0.003,34,25,6.8,12.7,0.0,3.0,1.6,46,81.3,10.2,5.6,1.95,8.92,0.0,5.5,0.0,5.33,2,2,0,0,1,1,0
320,2019-11-17,0.041,0.006,0.6,0.003,31,19,8.3,10.5,21.1,6.4,3.1,55,79.4,10.1,0.0,0.32,1.32,0.0,9.3,35.8,0.0,2,2,1,0,0,1,0
321,2019-11-18,0.015,0.026,0.4,0.003,31,9,4.6,12.7,14.7,7.0,3.9,30,59.8,10.1,8.0,1.92,10.26,0.0,7.1,0.0,0.0,2,1,1,0,0,0,0
322,2019-11-19,0.018,0.019,0.3,0.003,37,12,0.2,4.0,0.0,5.8,2.8,31,48.0,10.1,9.4,2.03,11.93,0.0,1.4,0.0,0.0,2,1,0,0,0,0,0
323,2019-11-20,0.035,0.011,0.5,0.003,28,14,0.5,6.3,0.0,4.6,1.8,18,35.5,10.1,9.4,2.06,12.18,0.0,0.0,0.0,0.0,1,1,0,0,0,0,0
324,2019-11-21,0.052,0.004,0.7,0.004,45,22,4.2,9.0,0.0,4.2,1.9,26,37.4,10.0,5.7,1.57,7.4,0.0,6.1,0.0,0.0,2,2,0,0,0,0,0
325,2019-11-22,0.054,0.006,0.7,0.004,49,27,9.7,17.3,0.0,4.8,2.1,16,34.1,10.0,9.0,1.95,11.2,0.0,1.4,0.0,0.0,2,2,0,0,0,0,1
326,2019-11-23,0.052,0.007,0.7,0.004,37,21,12.1,17.7,0.0,3.6,1.8,39,52.0,10.0,8.0,1.29,8.5,0.0,6.1,0.0,0.0,2,2,0,0,0,1,1
327,2019-11-24,0.037,0.01,0.7,0.004,32,21,9.8,15.6,3.8,6.0,2.2,49,74.6,9.9,1.8,1.15,3.84,0.0,7.1,3.8,0.0,2,2,1,0,0,1,0
328,2019-11-25,0.028,0.011,0.5,0.003,35,20,1.9,6.0,0.0,5.9,2.7,48,62.1,9.9,5.8,1.51,7.87,0.0,4.4,0.0,0.0,2,2,0,0,0,0,0
329,2019-11-26,0.038,0.007,0.6,0.003,29,18,6.6,13.7,0.0,4.5,2.0,42,64.0,9.9,7.9,1.88,9.78,0.0,3.9,0.0,0.0,1,2,0,0,0,0,1
330,2019-11-27,0.029,0.011,0.5,0.004,47,29,3.1,6.8,0.0,4.6,2.7,33,50.8,9.9,8.3,1.95,10.43,0.0,4.0,0.0,0.0,2,2,0,0,0,0,0
331,2019-11-28,0.039,0.007,0.6,0.003,44,27,3.5,10.4,0.0,4.3,2.0,35,52.4,9.8,9.0,1.88,11.21,0.0,1.8,0.0,0.0,2,2,0,0,0,0,0
332,2019-11-29,0.042,0.008,0.5,0.004,49,28,1.5,6.9,0.0,4.0,2.0,21,42.8,9.8,9.3,1.91,11.4,0.0,0.9,0.0,0.0,2,2,0,0,0,0,0
333,2019-11-30,0.053,0.005,0.7,0.005,50,33,4.1,9.3,0.0,3.4,1.7,22,42.6,9.8,5.3,1.88,8.01,0.0,6.0,0.1,0.0,2,2,0,0,0,1,0
334,2019-12-01,0.044,0.007,0.6,0.003,49,38,4.6,6.2,3.3,4.1,1.6,51,79.4,9.8,0.0,0.56,1.89,0.0,9.3,3.2,0.0,2,3,1,0,0,1,0
335,2019-12-02,0.02,0.019,0.4,0.003,27,16,-0.1,2.8,0.0,6.2,3.1,25,48.0,9.8,8.8,1.91,10.42,0.0,2.4,0.0,0.0,1,2,0,0,0,0,0
336,2019-12-03,0.041,0.006,0.5,0.003,32,20,0.5,4.2,0.6,3.6,1.6,41,61.3,9.8,3.1,0.95,5.01,0.0,6.3,0.6,0.0,2,2,1,0,0,0,0
337,2019-12-04,0.04,0.009,0.5,0.004,34,20,2.0,7.2,0.0,4.4,1.8,21,41.6,9.7,8.7,1.84,10.18,0.0,1.0,0.0,0.0,2,2,0,0,0,0,0
338,2019-12-05,0.018,0.018,0.3,0.003,28,16,-4.4,-0.2,0.0,6.0,3.2,17,31.9,9.7,9.2,1.95,11.34,0.0,0.0,0.0,0.0,1,2,0,0,0,0,0
339,2019-12-06,0.034,0.009,0.5,0.003,36,21,-5.9,-1.0,0.0,3.8,1.7,19,34.5,9.7,9.3,1.95,11.24,0.0,0.6,0.0,0.0,2,2,0,0,0,0,0
340,2019-12-07,0.055,0.003,0.8,0.004,55,36,-2.4,1.2,0.1,3.1,1.7,48,65.0,9.7,1.1,0.55,2.86,0.0,6.6,0.1,0.0,2,3,1,0,0,1,0
341,2019-12-08,0.056,0.005,0.9,0.004,65,47,-0.9,4.9,0.0,3.2,1.4,30,65.1,9.7,8.9,1.75,10.65,0.0,1.1,0.0,0.0,2,3,0,0,0,1,0
342,2019-12-09,0.05,0.007,0.7,0.004,72,53,3.2,8.0,0.0,3.9,2.5,48,56.8,9.7,1.4,0.83,3.46,0.0,7.9,1.7,0.0,2,3,0,0,0,0,0
343,2019-12-10,0.048,0.014,0.8,0.004,109,81,8.1,10.8,1.7,3.5,1.2,65,82.3,9.7,2.0,1.19,5.03,0.0,8.9,0.2,0.0,3,4,1,0,0,0,0
344,2019-12-11,0.022,0.024,0.7,0.003,75,53,6.3,9.8,0.2,7.2,3.4,36,62.0,9.6,5.2,1.3,5.75,0.0,5.9,0.0,0.0,2,3,1,0,0,0,0
345,2019-12-12,0.026,0.012,0.4,0.003,25,17,-0.7,3.4,0.0,4.2,1.8,23,45.4,9.6,9.1,1.84,10.73,0.0,0.0,0.0,0.0,1,2,0,0,0,0,0
346,2019-12-13,0.043,0.006,0.5,0.004,28,17,2.1,5.9,1.0,4.3,2.0,35,53.6,9.6,3.4,1.45,6.07,0.0,6.8,1.0,0.0,1,2,1,0,0,0,0
347,2019-12-14,0.023,0.015,0.4,0.003,37,22,2.7,6.4,0.0,5.3,2.3,36,58.3,9.6,8.3,1.78,10.07,0.0,3.0,0.0,0.0,2,2,0,0,0,1,0
348,2019-12-15,0.048,0.005,0.7,0.003,42,30,5.3,11.0,0.0,3.6,2.0,36,52.5,9.6,7.3,1.68,8.91,0.0,2.9,0.0,0.0,2,2,0,0,0,1,0
349,2019-12-16,0.056,0.003,0.9,0.004,44,29,7.8,12.9,0.0,3.2,1.9,41,58.9,9.6,6.6,1.61,7.71,0.0,6.1,9.7,0.0,2,2,0,0,0,0,0
350,2019-12-17,0.033,0.011,0.5,0.003,28,21,7.7,10.2,9.8,4.5,2.3,57,81.4,9.6,0.0,0.33,1.17,0.0,8.6,0.1,0.67,1,2,1,0,1,0,0
351,2019-12-18,0.032,0.01,0.5,0.003,45,32,0.8,5.2,0.0,4.2,2.5,46,64.6,9.6,8.4,1.77,9.83,0.0,3.5,0.0,0.0,2,2,0,0,0,0,0
352,2019-12-19,0.029,0.013,0.4,0.003,27,18,-0.8,3.1,0.0,4.8,2.4,29,47.8,9.6,8.5,1.78,9.96,0.0,1.8,0.0,0.0,1,2,0,0,0,0,0
353,2019-12-20,0.03,0.013,0.5,0.003,33,23,-1.1,2.0,0.0,3.9,2.3,19,45.3,9.6,8.9,1.86,10.45,0.0,1.4,0.0,0.0,2,2,0,0,0,0,0
354,2019-12-21,0.047,0.005,0.6,0.003,35,26,-1.2,1.5,0.6,2.9,1.7,42,68.1,9.6,1.9,1.03,3.35,0.0,5.5,0.6,0.0,2,2,1,0,0,1,0
355,2019-12-22,0.046,0.008,0.7,0.004,63,49,4.1,8.4,0.3,3.5,1.7,47,63.4,9.6,5.2,1.47,7.2,0.0,7.8,3.2,0.0,2,3,1,0,0,1,0
356,2019-12-23,0.038,0.011,0.7,0.003,55,45,3.4,5.2,2.9,4.2,2.0,57,80.4,9.6,2.4,1.13,5.1,0.0,6.1,0.0,0.0,2,3,1,0,0,0,0
357,2019-12-24,0.053,0.005,0.9,0.003,76,59,0.8,6.5,0.0,3.1,1.4,43,67.9,9.6,8.0,1.65,9.43,0.0,0.8,0.0,0.0,2,3,0,0,0,0,0
358,2019-12-25,0.049,0.006,0.8,0.003,49,37,2.0,6.6,0.0,3.2,1.0,34,60.8,9.6,3.3,1.42,6.64,0.0,5.9,0.1,0.0,2,3,0,0,0,1,0
359,2019-12-26,0.038,0.012,0.6,0.003,54,39,2.0,4.1,0.3,5.2,2.4,42,59.0,9.6,1.3,0.77,3.72,0.0,5.4,0.2,0.0,2,3,1,0,0,0,0
360,2019-12-27,0.034,0.014,0.5,0.003,38,26,-1.7,2.6,0.0,4.3,2.1,23,45.4,9.6,9.0,1.78,10.36,0.0,0.0,0.0,0.0,2,2,0,0,0,0,0
361,2019-12-28,0.046,0.006,0.6,0.004,43,26,1.1,6.1,0.0,3.7,2.0,34,47.6,9.6,5.8,1.63,8.09,0.0,3.5,0.0,0.0,2,2,0,0,0,1,0
362,2019-12-29,0.042,0.007,0.6,0.003,49,31,3.8,6.2,1.4,4.4,2.9,37,52.5,9.6,0.0,0.55,3.28,0.0,9.0,1.5,0.0,2,2,1,0,0,1,0
363,2019-12-30,0.034,0.011,0.5,0.003,42,29,2.7,6.8,0.4,7.4,2.9,43,70.3,9.6,0.0,0.43,2.24,0.0,7.5,0.3,0.0,2,2,1,0,0,0,0
364,2019-12-31,0.013,0.02,0.3,0.003,30,19,-7.9,-4.5,0.0,7.5,3.1,26,39.3,9.6,9.1,1.91,11.11,0.0,1.3,0.0,0.0,2,2,0,0,0,0,0
