ÀÏÀÚ,°æº¹±Ã(À¯·á),°æº¹±Ã(¹«·á),°æº¹±Ã(³»±¹ÀÎ),°æº¹±Ã(¿µ¾î±Ç),°æº¹±Ã(ÀÏº»¾î±Ç),°æº¹±Ã(Áß±¹¾î±Ç),°æº¹±Ã(±âÅ¸¿Ü±¹ÀÎ),´ö¼ö±Ã(À¯·á),´ö¼ö±Ã(¹«·á),´ö¼ö±Ã(³»±¹ÀÎ),´ö¼ö±Ã(¿µ¾î±Ç),´ö¼ö±Ã(ÀÏº»¾î±Ç),´ö¼ö±Ã(Áß±¹¾î±Ç),´ö¼ö±Ã(±âÅ¸¿Ü±¹ÀÎ),Ã¢°æ±Ã(À¯·á),Ã¢°æ±Ã(¹«·á),Ã¢°æ±Ã(³»±¹ÀÎ),Ã¢°æ±Ã(¿µ¾î±Ç),Ã¢°æ±Ã(ÀÏº»¾î±Ç),Ã¢°æ±Ã(Áß±¹¾î±Ç),Ã¢°æ±Ã(±âÅ¸¿Ü±¹ÀÎ),Ã¢´ö±Ã(À¯·á),Ã¢´ö±Ã(¹«·á),Ã¢´ö±Ã(³»±¹ÀÎ),Ã¢´ö±Ã(¿µ¾î±Ç),Ã¢´ö±Ã(ÀÏº»¾î±Ç),Ã¢´ö±Ã(Áß±¹¾î±Ç),Ã¢´ö±Ã(±âÅ¸¿Ü±¹ÀÎ)
2017-01-01,13622,5025,11143,434,330,6004,736,2137,2357,3532,161,130,522,149,897,497,1225,63,33,73,0,3571,1592,2961,775,245,214,968
2017-01-02,9030,2649,6474,189,124,4195,697,0,0,0,0,0,0,0,0,0,0,0,0,0,0,0,0,0,0,0,0,0
2017-01-03,0,0,0,0,0,0,0,1995,1685,2535,208,78,810,49,488,500,848,65,34,16,25,3345,1696,2528,1319,288,281,625
2017-01-04,6970,2749,5154,351,159,3529,526,1159,1836,2449,111,83,237,115,431,363,639,58,41,37,19,1660,946,1416,515,139,40,496
2017-01-05,5933,2453,5136,419,170,2254,407,915,1678,2289,102,64,59,79,345,427,695,38,26,6,7,1711,880,1658,523,90,44,276
2017-01-06,6864,2649,4912,349,166,3548,538,1349,2003,2926,100,63,211,52,443,476,836,36,18,21,8,1691,1355,1991,701,69,64,221
2017-01-07,7326,3829,7665,319,90,2607,474,1922,3402,4998,112,24,138,52,886,625,1357,81,18,49,6,2555,1687,3085,652,191,84,230
2017-01-08,8568,3641,8548,137,146,2874,504,1849,2657,4052,63,77,193,121,805,619,1348,43,13,7,13,2546,1779,3058,529,148,139,451
2017-01-09,5708,2374,4445,379,142,2915,201,0,0,0,0,0,0,0,0,0,0,0,0,0,0,0,0,0,0,0,0,0
2017-01-10,0,0,0,0,0,0,0,1676,1646,2205,68,81,809,159,339,333,574,48,9,36,5,2935,1261,2068,380,120,421,1207
2017-01-11,6134,1896,3872,135,83,3744,196,758,1208,1617,55,18,242,34,191,212,353,24,16,10,0,1076,835,1224,154,61,83,389
2017-01-12,6010,2006,4283,224,127,2650,732,694,1176,1597,62,27,100,84,181,277,432,14,6,6,0,1082,530,912,269,52,172,207
2017-01-13,5944,1771,2950,233,114,3621,797,873,1217,1765,46,18,178,83,303,262,499,18,33,13,2,1405,538,1145,324,60,95,319
2017-01-14,6668,2038,3799,240,142,3955,570,895,1507,2072,128,41,127,34,311,222,437,52,3,36,5,1526,669,1322,267,81,158,367
2017-01-15,8859,2491,4736,385,153,5262,814,894,1431,1901,162,46,132,84,255,237,426,46,4,13,3,1983,684,1295,458,102,105,707
2017-01-16,7296,1982,3570,167,154,4808,579,0,0,0,0,0,0,0,0,0,0,0,0,0,0,0,0,0,0,0,0,0
2017-01-17,0,0,0,0,0,0,0,2020,1568,2278,172,50,1061,27,313,331,544,79,6,14,1,2838,1165,1667,915,190,506,725
2017-01-18,10238,2908,3829,446,163,8038,670,1179,1533,2055,99,48,483,27,223,253,422,37,13,4,0,1433,676,1081,287,99,151,491
2017-01-19,8192,2998,6260,275,120,4195,340,1455,1265,2292,135,34,211,48,213,315,485,26,4,13,0,1402,737,1072,236,62,163,606
2017-01-20,8774,2572,4981,203,160,5495,507,1604,1404,2453,130,52,283,90,789,469,1118,68,2,70,0,2377,972,2227,319,90,231,482
2017-01-21,9405,3207,7080,218,139,4673,502,593,1403,1767,53,33,105,38,516,373,803,64,5,15,2,2169,937,1990,511,101,139,365
2017-01-22,11461,2782,6564,173,82,6958,466,2117,1384,2474,113,54,712,148,630,331,902,32,14,5,8,2706,972,2177,665,152,173,511
2017-01-23,7570,1592,3039,57,117,5377,572,0,0,0,0,0,0,0,0,0,0,0,0,0,0,0,0,0,0,0,0,0
2017-01-24,0,0,0,0,0,0,0,1483,1073,1395,99,58,940,64,155,228,337,12,3,27,4,2470,801,970,868,160,251,1022
2017-01-25,0,9408,2668,549,172,5095,924,0,3037,2540,92,28,171,206,0,1087,927,0,0,0,160,239,2615,1609,856,102,283,4
2017-01-26,5172,1350,3538,263,69,2450,202,1205,801,1611,133,16,221,25,208,224,371,40,0,14,7,881,412,576,257,11,198,251
2017-01-27,8948,2609,6465,383,51,3939,719,1571,1349,2167,143,17,522,71,426,246,579,20,0,64,9,1801,887,1610,345,29,234,470
2017-01-28,0,40634,25964,775,287,8139,5469,0,9459,7913,342,26,465,713,0,6461,5862,0,0,0,599,811,12316,9654,1858,308,1265,42
2017-01-29,13186,3167,6877,595,57,7822,1002,2694,1493,2687,192,45,1058,205,694,391,1028,41,0,13,3,2773,1084,2399,597,28,221,612
2017-01-30,13638,4566,11285,442,31,5618,828,1992,731,2108,120,9,460,26,744,416,1092,34,2,20,12,2420,1222,2930,582,14,74,42
2017-01-31,0,0,0,0,0,0,0,2146,1316,1724,112,16,1594,16,306,317,511,55,20,30,7,2742,1572,2164,761,37,525,827
2017-02-01,12279,2519,4901,403,102,8663,729,1229,1341,1765,61,17,518,209,265,261,431,17,11,51,16,991,933,1192,242,42,221,227
2017-02-02,10014,2528,4550,400,114,7024,454,1209,1360,1779,75,45,591,79,308,273,485,10,8,67,11,1098,710,1050,462,44,160,92
2017-02-03,10148,2796,5228,101,95,7039,481,1288,1737,2283,59,29,562,92,348,462,725,27,19,20,19,1554,1056,1467,529,97,177,340
2017-02-04,10226,4028,7608,260,250,5573,563,1614,3542,4598,89,71,368,30,609,586,1111,25,15,31,13,2151,1346,2377,733,98,187,102
2017-02-05,9776,2582,6741,279,246,4193,899,1650,1339,2088,92,47,638,124,356,225,541,16,7,10,7,1641,568,1215,672,83,117,122
2017-02-06,9972,2410,5952,626,179,5029,596,0,0,0,0,0,0,0,0,0,0,0,0,0,0,0,0,0,0,0,0,0
2017-02-07,0,0,0,0,0,0,0,1861,1408,2022,96,42,942,167,428,449,741,64,8,26,38,2979,1480,1848,1107,147,571,786
2017-02-08,9563,2438,5134,298,327,5466,776,1048,1312,1804,61,20,428,47,298,304,541,25,7,25,4,1369,796,1350,562,87,68,98
2017-02-09,7351,2131,4266,267,237,4017,695,852,1032,1230,111,82,380,81,207,234,361,25,12,38,5,1133,445,575,633,123,43,204
2017-02-10,7194,1871,2962,375,204,4981,543,880,1010,1169,84,105,464,68,229,278,451,11,10,31,4,1150,512,803,601,70,126,62
2017-02-11,7182,2950,5680,301,171,3157,823,1175,3035,3628,147,97,254,84,517,453,867,32,23,13,35,1816,1029,1993,644,53,40,115
2017-02-12,9173,3814,7028,501,407,4103,948,1994,2008,2890,216,107,673,116,727,486,1151,29,7,13,13,2071,1106,2213,395,66,53,450
2017-02-13,6648,2730,4915,201,160,3540,562,0,0,0,0,0,0,0,0,0,0,0,0,0,0,0,0,0,0,0,0,0
2017-02-14,0,0,0,0,0,0,0,2265,1750,2270,153,165,1330,97,510,571,980,29,18,29,25,3195,1938,2937,910,170,193,923
2017-02-15,8333,3421,5615,229,295,4775,840,1344,1873,2687,92,23,343,72,442,501,850,47,32,13,1,1474,983,1354,693,112,105,193
2017-02-16,7429,3279,4869,250,265,4442,882,1390,1673,2423,94,79,397,70,343,431,723,30,17,4,0,1533,766,1483,507,27,113,169
2017-02-17,8673,3440,5562,434,242,5048,827,1447,1493,1961,171,108,638,62,367,398,647,49,9,37,23,1657,807,1570,553,105,59,177
2017-02-18,9999,4694,8933,358,219,4466,717,1553,3370,4315,178,96,249,85,807,716,1449,23,16,13,22,2565,1543,3063,714,105,67,159
2017-02-19,9471,4881,9488,408,226,3144,1086,2212,2642,3628,211,159,577,279,649,486,1052,33,3,25,22,2477,1117,2715,533,65,80,201
2017-02-20,6828,2558,5726,387,221,2655,397,0,0,0,0,0,0,0,0,0,0,0,0,0,0,0,0,0,0,0,0,0
2017-02-21,0,0,0,0,0,0,0,2203,1909,2495,171,156,1109,181,465,643,1000,45,12,48,3,3034,2336,3412,1184,143,170,461
2017-02-22,0,9219,2314,447,277,5151,1030,0,2639,1925,106,50,120,438,0,712,588,0,0,0,124,265,2057,1388,493,139,290,12
2017-02-23,7740,3250,6584,487,249,3027,643,1272,1532,2036,173,77,445,73,322,430,695,40,8,9,0,1566,1044,1666,380,152,90,322
2017-02-24,8080,3709,8048,218,172,2792,559,1675,1900,2572,202,121,595,85,421,350,690,50,11,5,15,1726,1081,1862,273,142,54,476
2017-02-25,10372,5256,10034,347,267,4030,950,2349,5174,6206,288,173,631,225,1189,800,1879,60,19,31,0,2997,1791,3979,416,87,58,248
2017-02-26,12293,6158,14029,554,243,2979,646,3455,3720,5685,326,168,673,323,1678,1021,2581,91,15,7,5,3847,1961,4460,786,167,106,289
2017-02-27,7935,5130,8847,338,256,2962,662,0,0,0,0,0,0,0,0,0,0,0,0,0,0,0,0,0,0,0,0,0
2017-02-28,0,0,0,0,0,0,0,3294,2794,4381,218,150,1038,301,790,843,1538,49,25,8,13,3049,2838,4246,813,116,214,498
2017-03-01,0,0,0,0,0,0,0,1392,3767,4451,148,180,290,90,1214,976,2113,62,12,2,1,3907,2250,4655,292,82,180,948
2017-03-02,7616,1717,5162,152,161,3532,326,1255,900,1123,352,103,426,151,298,278,487,31,25,26,7,1077,633,918,302,97,74,319
2017-03-03,7093,1974,4165,189,240,4073,400,1335,1098,1460,135,114,637,87,482,430,782,51,28,48,3,1491,930,1629,427,92,22,251
2017-03-04,8542,4157,9043,439,287,2685,245,676,3867,3829,248,161,165,140,1495,943,2320,78,24,16,0,3111,1432,3463,625,149,139,167
2017-03-05,10466,4875,9577,614,402,3859,889,2156,2378,3162,273,268,477,354,1218,735,1861,55,17,12,8,3028,1299,3083,503,148,50,543
2017-03-06,7416,1729,4465,385,475,3167,653,0,0,0,0,0,0,0,0,0,0,0,0,0,0,0,0,0,0,0,0,0
2017-03-07,0,0,0,0,0,0,0,1457,938,999,183,140,816,257,356,291,477,46,33,87,4,2284,1062,1389,664,327,241,725
2017-03-08,6756,1669,4306,391,263,3013,452,1394,1242,1306,117,138,669,406,284,228,449,29,11,23,0,1120,622,905,178,160,107,392
2017-03-09,7109,1909,4584,329,390,2842,873,885,956,1113,158,130,382,58,372,287,555,37,11,56,0,1412,565,872,330,160,107,508
2017-03-10,2997,896,1430,350,305,1483,325,1326,1448,1684,223,144,354,369,391,405,736,33,15,12,0,872,592,819,211,161,84,189
2017-03-11,8251,3842,8992,541,268,1914,378,834,3858,3791,256,239,269,137,1534,980,2410,52,9,43,0,3180,1818,3652,747,146,64,389
2017-03-12,9365,3147,7732,516,436,2928,900,2248,2507,3249,273,270,631,332,1124,751,1793,67,15,0,0,3211,1528,3324,524,296,93,502
2017-03-13,5822,2290,5012,523,327,1190,1060,0,0,0,0,0,0,0,0,0,0,0,0,0,0,0,0,0,0,0,0,0
2017-03-14,0,0,0,0,0,0,0,1836,1446,1635,247,361,549,490,530,446,853,88,12,18,5,3071,1783,2977,935,311,451,180
2017-03-15,6295,2327,5827,490,208,1103,994,1342,1407,1765,137,206,445,196,509,433,832,80,11,19,0,1834,925,1979,623,120,37,0
2017-03-16,5520,2044,5091,449,502,1039,483,1327,1328,1773,264,230,260,128,585,392,875,86,4,12,0,1689,814,1688,651,65,73,26
2017-03-17,5813,2256,4137,1024,498,1336,1074,1722,1441,1950,307,152,433,321,514,464,894,62,10,10,2,2450,1047,2500,702,137,43,115
2017-03-18,9818,4892,11091,880,409,1045,1285,1413,3978,4365,343,224,129,330,1503,1238,2586,107,14,28,6,4026,2069,4358,827,229,102,579
2017-03-19,10543,5944,12367,1096,612,907,1505,2970,3774,5280,335,305,325,499,1750,1170,2639,169,29,76,7,4238,2074,4466,825,479,138,404
2017-03-20,6063,1837,4208,972,505,953,1262,0,0,0,0,0,0,0,0,0,0,0,0,0,0,0,0,0,0,0,0,0
2017-03-21,0,0,0,0,0,0,0,1524,1498,1760,313,231,391,327,570,471,910,69,24,33,5,2719,1211,1891,585,295,91,1068
2017-03-22,5873,2610,5604,727,305,597,1250,1482,1355,1842,179,172,373,271,605,585,1080,42,11,42,15,1902,1206,1940,426,183,72,487
2017-03-23,5105,2828,5420,366,225,863,1059,1648,1644,1851,257,151,666,367,451,489,840,37,19,28,16,1824,1019,1763,765,116,21,178
2017-03-24,5633,2998,4500,1308,421,780,1622,1530,1736,2148,265,157,242,454,532,632,1047,66,8,25,18,2533,1577,2464,1239,198,44,165
2017-03-25,9080,5372,10584,1199,383,902,1384,1761,3253,3953,393,161,315,192,1515,948,2242,132,23,45,21,3989,2277,4523,933,242,87,481
2017-03-26,10567,5477,11982,1285,490,816,1471,2442,2889,3745,471,261,481,373,1347,951,2078,161,9,28,22,4227,2242,4308,1525,288,54,294
2017-03-27,6708,2380,4919,1527,318,1016,1308,0,0,0,0,0,0,0,0,0,0,0,0,0,0,0,0,0,0,0,0,0
2017-03-28,0,0,0,0,0,0,0,1971,1563,1816,357,326,306,729,715,589,1040,147,37,37,43,3517,1833,3247,1356,289,55,403
2017-03-29,0,11134,5332,1592,672,161,3377,0,5924,4658,390,252,154,470,0,3967,3477,0,0,0,490,774,6997,5238,1879,369,241,44
2017-03-30,6376,3436,5947,1096,364,844,1561,1389,1659,2118,296,206,137,291,712,1003,1545,80,32,12,46,2720,1512,2751,1048,175,79,179
2017-03-31,4471,2166,3666,881,263,320,1507,1075,1150,1379,216,114,178,338,340,371,543,81,20,50,17,1886,838,1475,798,75,89,287
2017-04-01,12095,6313,11517,1347,465,1086,3993,1661,3342,3916,438,166,134,349,1843,1224,2783,91,29,76,88,4834,3198,6043,1259,203,109,418
2017-04-02,12211,6372,14029,1187,367,940,2060,3102,3059,4505,559,279,184,634,2774,1515,3914,181,23,43,128,6630,2806,6771,1659,181,137,688
2017-04-03,8996,4749,8943,1391,381,1137,1893,0,0,0,0,0,0,0,0,0,0,0,0,0,0,0,0,0,0,0,0,0
2017-04-04,0,0,0,0,0,0,0,2558,2217,3008,456,213,282,816,1538,1494,2583,141,39,109,160,4874,5211,7049,2128,231,86,591
2017-04-05,5142,5571,7052,724,271,653,2013,1057,1062,1201,285,104,87,442,392,409,625,63,6,87,20,2627,1679,2710,774,130,61,631
2017-04-06,6906,4716,7188,1387,158,1306,1583,1618,1337,1707,376,132,108,632,856,513,1075,111,3,173,7,3254,1988,3393,1048,131,150,520
2017-04-07,7907,7368,10245,1131,352,1170,2377,2818,2988,4527,501,128,157,493,1716,1871,3263,156,18,149,1,4541,3524,6279,904,62,62,758
2017-04-08,13920,8225,16909,1589,231,1202,2214,3229,4479,6226,441,203,218,620,4423,2746,6679,145,25,249,71,6799,5773,10662,1414,64,110,322
2017-04-09,13479,8026,17570,1150,212,764,1809,4804,3966,6645,658,190,113,1164,4805,2310,6711,127,20,252,5,6952,4999,9617,1654,87,111,482
2017-04-10,8388,6472,11783,925,99,958,1095,0,0,0,0,0,0,0,0,0,0,0,0,0,0,0,0,0,0,0,0,0
2017-04-11,0,0,0,0,0,0,0,4167,2706,4943,572,143,440,775,2489,1780,3705,182,14,244,124,5490,5247,7989,1709,91,142,806
2017-04-12,8888,10206,13885,1194,181,947,2887,3391,2709,4709,341,119,180,751,1848,1935,3295,162,12,131,183,4453,3628,5760,1623,103,135,460
2017-04-13,8141,8885,11841,2382,284,409,2110,2902,2182,3575,382,141,322,664,1718,1695,3002,229,9,61,112,3964,3950,6175,1235,82,55,367
2017-04-14,6215,5404,6952,2504,193,840,1130,1668,1466,1876,410,111,319,418,707,1038,1481,109,12,119,24,2962,2349,3668,1426,61,18,138
2017-04-15,14784,7308,14563,3227,340,553,3409,3044,4391,5923,516,262,183,551,3462,1981,5036,144,10,131,122,6563,4170,8367,1911,98,84,273
2017-04-16,16081,7885,16684,2862,389,1557,2474,4081,3462,5564,510,183,595,691,6294,1846,6729,246,28,158,979,5642,2920,6436,1481,89,81,475
2017-04-17,8156,5672,10018,1601,209,681,1319,0,0,0,0,0,0,0,0,0,0,0,0,0,0,0,0,0,0,0,0,0
2017-04-18,0,0,0,0,0,0,0,1575,2154,2611,267,116,441,294,3336,1406,4379,269,21,72,1,3577,4983,6764,1091,163,46,496
2017-04-19,10692,11329,16802,1939,197,613,2470,2248,2177,3245,352,97,322,409,3913,1100,4679,203,13,110,8,3729,3513,5258,1487,73,31,393
2017-04-20,9296,10152,14781,2395,285,1271,716,1308,1995,2367,341,95,121,379,3709,1329,4748,91,10,174,15,2813,3695,5124,701,86,37,560
2017-04-21,9755,8442,13025,1354,550,937,2331,2206,2685,3543,424,147,418,359,4351,1593,5748,167,6,18,5,3876,3627,6180,449,140,75,659
2017-04-22,12230,6732,13871,1976,277,1031,1807,4201,4416,6971,456,173,299,718,6038,2021,7780,145,14,105,15,6303,2963,7722,671,144,104,625
2017-04-23,14805,7069,16905,1600,237,494,2638,3897,3398,5537,427,186,438,707,5946,1843,7462,293,15,9,10,5818,2584,6874,1002,85,78,363
2017-04-24,11976,9475,15127,2208,202,779,3135,0,0,0,0,0,0,0,0,0,0,0,0,0,0,0,0,0,0,0,0,0
2017-04-25,0,0,0,0,0,0,0,2635,5207,6089,421,131,336,865,3556,2168,5493,122,10,70,29,3539,4061,6137,713,31,39,680
2017-04-26,3077,14662,12980,1357,287,144,2971,0,9064,7551,378,58,293,784,2899,4928,5791,0,0,0,2036,1234,9596,8824,1119,585,228,74
2017-04-27,7121,15993,20889,1051,107,411,656,1796,4070,5036,242,52,225,311,4049,2512,6439,59,12,15,36,2908,3861,5658,483,43,23,562
2017-04-28,5102,10607,12443,1374,123,507,1262,2098,3467,4649,320,81,178,337,1054,1809,2717,104,5,24,13,3156,3116,5092,801,47,45,287
2017-04-29,11950,7614,15977,1494,123,536,1434,4124,5128,8109,564,117,185,277,5406,1746,6916,171,9,22,34,5910,2965,7719,566,52,45,493
2017-04-30,16043,7845,19658,1584,151,910,1585,4093,3798,6707,395,129,288,372,4468,1464,5745,127,12,30,18,6025,2159,6717,788,64,89,526
2017-05-01,12984,8067,18098,1263,127,556,1007,2161,1691,3442,233,40,19,118,2571,735,3200,91,0,13,2,3623,1651,4534,478,39,35,188
2017-05-02,6508,3658,9381,274,26,200,285,2224,3713,4779,528,122,142,366,2907,2924,5738,59,5,19,10,4283,4102,6843,827,56,30,629
2017-05-03,16365,14619,28527,944,267,520,726,4829,5154,8907,432,144,117,383,5345,2073,7272,54,11,71,10,6210,3925,9166,747,57,15,150
2017-05-04,15083,13958,26109,893,364,632,1043,4427,4580,7915,297,306,98,391,4246,1749,5918,63,8,3,3,6046,3620,8019,960,149,29,509
2017-05-05,14339,24329,33348,1039,329,315,3637,4079,7817,10746,447,197,207,299,5251,3809,8914,61,19,42,24,6322,6234,11210,668,193,55,430
2017-05-06,10419,8438,16707,811,141,409,789,3244,3551,5446,493,218,117,521,4254,1259,5405,45,4,44,15,6120,2996,7464,954,142,41,515
2017-05-07,8850,4668,11969,542,81,273,653,1962,2760,4074,343,54,63,188,2985,734,3652,50,1,10,6,3557,1698,4372,515,38,33,297
2017-05-08,2705,3027,4809,337,72,309,205,0,0,0,0,0,0,0,0,0,0,0,0,0,0,0,0,0,0,0,0,0
2017-05-09,1929,2302,3863,146,14,94,114,1448,2040,2733,242,33,132,348,696,728,1364,38,2,18,2,2896,2990,4886,521,57,23,399
2017-05-10,3702,10883,12571,688,128,385,813,1270,2418,3025,241,86,43,293,493,1581,2041,31,0,2,0,2182,2892,4274,439,52,76,233
2017-05-11,5836,9015,13350,387,47,174,893,1539,3064,3926,191,79,178,229,663,1560,2167,48,4,3,1,2450,4740,6033,563,45,36,513
2017-05-12,4457,10316,12916,1066,86,186,519,1269,3760,4367,188,94,54,326,542,2021,2442,94,3,20,4,3099,4273,5859,1008,54,41,410
2017-05-13,7025,4359,8475,791,215,658,1245,1775,2480,3613,205,76,95,266,996,746,1640,66,6,25,5,3595,2045,4472,530,94,79,465
2017-05-14,10259,6983,14393,938,157,612,1142,3413,3894,6113,347,127,222,498,1783,1274,2957,85,2,13,0,4971,2631,6362,758,93,26,363
2017-05-15,5353,7296,8721,1575,393,350,1610,0,0,0,0,0,0,0,0,0,0,0,0,0,0,0,0,0,0,0,0,0
2017-05-16,0,0,0,0,0,0,0,1786,2997,3768,338,132,281,264,891,1382,2073,75,25,52,48,3208,3923,5444,1352,42,61,232
2017-05-17,4988,10877,13057,1307,81,307,1113,2012,2591,3855,253,127,35,333,579,1505,1991,63,7,10,13,2187,2970,4194,553,62,53,295
2017-05-18,5351,9082,10603,1339,122,534,1835,1559,2900,3822,231,76,196,134,580,1097,1575,96,0,4,2,2311,2508,3852,682,56,19,210
2017-05-19,5630,9324,12142,1315,54,339,1104,1789,3474,4471,222,83,206,281,632,1952,2473,41,3,42,25,2556,2976,4334,662,40,62,434
2017-05-20,9760,7208,13025,1206,173,880,1684,2630,5257,6903,398,126,198,262,1795,1075,2691,96,12,39,32,3790,3122,5632,927,99,34,220
2017-05-21,8706,5251,10413,1227,137,631,1549,2810,4577,6405,310,115,122,435,2853,957,3684,83,6,3,34,3508,1983,4199,966,68,40,218
2017-05-22,4640,5595,6649,1533,217,430,1406,0,0,0,0,0,0,0,0,0,0,0,0,0,0,0,0,0,0,0,0,0
2017-05-23,0,0,0,0,0,0,0,1701,2607,3282,369,44,179,434,1122,1299,2203,156,13,29,20,3180,2344,4277,568,94,50,535
2017-05-24,4724,9403,11712,764,96,369,1186,1856,3058,4224,163,62,50,415,2029,2106,4017,68,2,33,15,2057,2157,3593,369,45,28,179
2017-05-25,5047,6928,8372,1117,168,872,1446,1480,2739,3575,225,73,173,173,1173,824,1906,52,5,20,14,2459,2171,3184,882,77,108,379
2017-05-26,5548,7048,9225,1455,196,999,721,4464,4821,8525,308,78,202,172,2432,1987,4324,60,2,32,1,2733,3120,4790,852,49,46,116
2017-05-27,10102,6631,11867,1444,183,1295,1944,6386,6536,11578,416,160,396,372,4828,1549,6240,87,10,7,33,3822,2686,5122,900,43,49,394
2017-05-28,9030,5238,10251,1431,404,1314,868,3417,3811,5703,369,134,155,867,3584,1065,4338,192,10,49,60,3773,2066,4309,1132,67,61,270
2017-05-29,5595,6497,7424,1964,244,866,1594,0,0,0,0,0,0,0,0,0,0,0,0,0,0,0,0,0,0,0,0,0
2017-05-30,0,0,0,0,0,0,0,1839,2129,3024,288,57,180,419,1568,1003,2427,68,3,53,20,3163,2644,4537,921,45,23,281
2017-05-31,0,12416,7053,1154,461,171,3577,0,7460,6387,1006,22,13,32,813,3010,3395,428,0,0,0,850,7255,5822,1739,176,310,58
2017-06-01,3878,4909,5903,1202,128,679,875,1374,2658,3399,207,43,122,261,1253,1108,2212,56,12,40,41,2589,1575,3165,700,57,34,208
2017-06-02,3931,3183,4662,831,137,720,764,1336,1331,2167,124,18,60,298,2898,909,3678,35,5,77,12,2605,1635,3305,834,8,46,47
2017-06-03,8459,5972,11266,1134,223,502,1306,3111,1995,4501,162,12,149,282,4587,1364,5812,67,3,62,7,3738,2284,4987,609,55,31,340
2017-06-04,8622,4889,10507,889,121,874,1120,2773,1750,3896,159,31,125,312,1409,867,2125,65,22,26,38,3711,2055,4685,811,47,45,178
2017-06-05,5649,4482,7359,1083,129,500,1060,0,0,0,0,0,0,0,0,0,0,0,0,0,0,0,0,0,0,0,0,0
2017-06-06,4684,3391,6942,432,35,200,466,2453,1906,3631,158,83,44,443,1234,1051,2147,53,8,41,36,3641,2561,5320,696,41,49,96
2017-06-07,2732,3923,4851,510,46,176,1072,824,3817,4152,143,50,121,175,224,271,453,36,0,5,1,896,576,1191,159,7,18,97
2017-06-08,6531,5499,9614,569,150,600,1097,1319,2088,2794,197,54,93,269,600,429,877,85,5,33,29,1730,1333,2263,566,44,36,154
2017-06-09,4034,3987,5648,578,157,310,1328,1206,2156,2850,194,70,69,179,460,698,1053,58,3,36,8,2134,1842,3180,541,26,81,148
2017-06-10,8754,4753,10035,1005,195,616,1656,4180,5051,8316,307,125,69,414,1349,1018,2208,84,5,14,56,3790,2321,4950,927,72,36,126
2017-06-11,8268,4441,9450,1594,148,360,1157,2769,3456,4981,332,109,111,692,1124,734,1681,98,7,36,36,3416,1829,4183,808,54,95,105
2017-06-12,4332,3011,4865,990,184,624,680,0,0,0,0,0,0,0,0,0,0,0,0,0,0,0,0,0,0,0,0,0
2017-06-13,0,0,0,0,0,0,0,1635,1909,2674,279,77,79,435,510,534,929,73,5,20,17,2665,2708,3946,1085,45,36,261
2017-06-14,4846,4374,6347,962,176,481,1254,1309,1708,2419,238,47,194,119,479,592,1005,57,0,9,0,1685,1143,1989,478,56,14,291
2017-06-15,4832,2939,4701,864,159,332,1715,1437,2079,2830,218,75,272,121,396,653,966,62,2,10,9,1765,1133,2035,541,91,22,209
2017-06-16,4227,2189,3880,846,128,841,721,1127,1636,2237,243,89,109,85,367,434,709,43,6,31,12,2273,1178,2622,386,39,34,370
2017-06-17,8122,3970,8240,1187,213,697,1755,2673,3267,5030,324,110,213,263,1181,880,1917,77,7,52,8,3279,2023,3930,805,127,49,391
2017-06-18,6944,2959,6632,794,135,916,1426,2107,2326,3456,360,106,244,267,2703,611,3133,89,14,59,19,2946,1088,3058,762,43,45,126
2017-06-19,4001,2249,4102,591,152,207,1198,0,0,0,0,0,0,0,0,0,0,0,0,0,0,0,0,0,0,0,0,0
2017-06-20,0,0,0,0,0,0,0,1436,1465,2018,250,90,140,403,1120,1012,2036,59,11,22,4,2557,1960,3140,1106,27,58,186
2017-06-21,4371,3361,5103,1102,100,463,964,1142,1354,1793,229,56,52,366,1030,378,1302,78,6,18,4,1610,1050,1830,360,27,35,408
2017-06-22,4215,2907,4571,935,118,766,732,1216,1806,2416,214,66,244,82,1137,450,1482,65,2,31,7,1910,929,1678,679,14,23,445
2017-06-23,4724,2541,5036,276,96,429,1428,1249,1730,2247,291,69,156,216,2355,518,2749,61,13,33,17,2164,674,1740,718,45,31,304
2017-06-24,8973,4531,9253,993,252,830,2176,2310,2930,4229,343,140,144,384,4054,857,4762,100,8,6,35,3424,2079,4182,780,102,49,390
2017-06-25,8334,2645,6800,1464,191,656,1868,2391,2793,3930,396,81,347,430,2619,495,2925,116,7,58,8,2952,1036,2896,631,80,54,327
2017-06-26,5648,2305,4581,1625,108,572,1067,0,0,0,0,0,0,0,0,0,0,0,0,0,0,0,0,0,0,0,0,0
2017-06-27,0,0,0,0,0,0,0,1900,1592,2046,448,91,252,655,1460,476,1658,151,12,113,2,3012,1348,2794,942,62,124,438
2017-06-28,0,12197,5598,998,438,267,4896,0,6341,5196,370,52,290,433,797,74,871,0,0,0,0,779,4236,3495,640,79,724,77
2017-06-29,5953,3149,5212,1055,86,870,1879,1331,1449,1780,475,56,139,330,1194,472,1514,108,5,39,0,1555,1020,1624,712,40,49,150
2017-06-30,4539,2056,4138,793,171,366,1127,1250,1607,2032,338,71,149,267,2658,516,3047,76,5,43,3,2059,1019,2170,465,50,73,320
2017-07-01,8690,3939,8591,1414,174,747,1703,2107,3165,4304,476,102,85,305,3990,697,4474,127,8,74,4,2923,1274,3113,770,36,53,225
2017-07-02,5841,1727,5231,848,58,487,944,1339,1616,2074,319,89,150,323,525,246,575,81,13,84,18,2091,854,1857,851,22,44,171
2017-07-03,4366,1481,3379,331,131,582,1424,0,0,0,0,0,0,0,0,0,0,0,0,0,0,0,0,0,0,0,0,0
2017-07-04,0,0,0,0,0,0,0,1662,1605,2048,368,69,558,224,491,311,560,143,7,62,30,2393,1194,2068,1073,73,94,279
2017-07-05,4403,1908,4346,485,101,462,917,1023,1615,2004,247,77,105,205,343,243,454,53,15,50,14,1575,900,1492,694,35,93,161
2017-07-06,4461,1940,3843,656,79,409,1414,978,1239,1531,253,37,156,240,342,251,429,140,8,0,16,1424,735,1374,638,12,42,93
2017-07-07,5642,1703,4128,1032,77,583,1525,973,1825,2185,212,69,71,261,398,251,503,117,8,12,9,1401,780,1144,754,47,40,196
2017-07-08,7453,2866,7201,1064,102,474,1478,1798,2400,3197,323,166,98,414,588,326,779,96,4,11,24,2974,1314,2922,829,90,108,339
2017-07-09,6438,2736,6135,807,236,967,1029,1505,1979,2706,298,72,42,366,531,361,734,63,11,64,20,2576,1190,2426,881,64,43,352
2017-07-10,2016,467,824,398,174,529,558,0,0,0,0,0,0,0,0,0,0,0,0,0,0,0,0,0,0,0,0,0
2017-07-11,0,0,0,0,0,0,0,1807,1649,1983,414,141,443,475,443,326,591,103,11,30,34,2647,1586,1968,1368,82,88,727
2017-07-12,5214,2288,4331,1546,109,718,798,1111,1903,2311,263,51,215,174,288,223,391,56,11,24,29,1448,885,1278,610,47,27,371
2017-07-13,4276,1905,3703,1245,181,277,775,1175,1467,1879,249,59,278,177,355,216,417,138,7,8,1,1250,850,1227,560,44,15,254
2017-07-14,4365,1914,4143,505,96,714,821,1177,1605,1988,238,69,58,429,345,647,874,69,2,42,5,1414,1030,1651,568,64,50,111
2017-07-15,6162,2332,5100,1287,217,450,1440,754,2332,2461,200,99,171,155,489,333,727,85,4,6,0,2267,948,2122,889,44,45,115
2017-07-16,10609,3612,11564,778,95,575,1209,2023,2423,3342,324,103,331,346,3336,605,3734,131,8,64,4,2633,1249,2412,1140,130,63,137
2017-07-17,7609,2720,7793,317,134,713,1372,0,0,0,0,0,0,0,0,0,0,0,0,0,0,0,0,0,0,0,0,0
2017-07-18,0,0,0,0,0,0,0,1482,1677,2266,295,49,248,301,2020,583,2436,94,6,38,29,2234,1526,1826,1305,50,65,514
2017-07-19,7622,3281,9108,393,23,349,1030,1092,1372,1762,212,29,143,318,1941,422,2294,53,3,8,5,1246,1015,1574,456,16,53,162
2017-07-20,6713,2138,7205,630,24,398,594,933,1200,1604,240,46,74,169,2229,218,2317,113,4,8,5,1028,1318,1643,486,45,15,157
2017-07-21,7592,2607,7731,597,89,683,1099,1025,1241,1600,207,63,71,325,2886,289,3025,103,8,31,8,1262,876,1286,710,51,26,65
2017-07-22,9269,3495,9977,746,86,441,1514,1709,2609,3299,343,67,251,358,3616,495,3929,93,14,62,13,1982,1080,2147,609,62,23,221
2017-07-23,6530,1376,6030,490,129,265,992,989,1412,1613,202,50,192,344,2913,217,3046,51,8,15,10,1096,535,1130,345,23,2,131
2017-07-24,7797,2524,7105,788,235,1106,1087,0,0,0,0,0,0,0,0,0,0,0,0,0,0,0,0,0,0,0,0,0
2017-07-25,0,0,0,0,0,0,0,1424,1413,1919,253,59,155,451,2417,405,2613,89,18,60,42,2122,1751,2583,1175,37,36,42
2017-07-26,3319,10075,10902,1160,263,253,816,0,4013,2904,361,58,482,208,2218,195,2413,0,0,0,0,571,3716,2802,1151,103,203,28
2017-07-27,7942,3788,8929,721,69,435,1576,1722,2242,3281,263,93,78,249,2671,566,3096,95,4,41,1,1540,889,1711,406,43,52,217
2017-07-28,6570,2442,7360,467,68,277,840,1218,1324,2053,189,53,75,172,3077,443,3410,68,6,9,27,1557,948,1860,376,31,98,140
2017-07-29,11894,4546,13050,1085,192,513,1600,2708,3491,5119,356,121,94,509,3972,761,4557,120,13,25,18,2716,1782,3437,536,42,35,448
2017-07-30,7936,4302,9845,380,117,865,1031,2572,2966,4549,314,57,246,372,917,631,1347,151,10,40,0,2776,1969,3684,606,49,43,363
2017-07-31,5650,2915,6479,373,135,777,801,0,0,0,0,0,0,0,0,0,0,0,0,0,0,0,0,0,0,0,0,0
2017-08-01,0,0,0,0,0,0,0,2237,2476,3612,355,90,123,533,932,752,1473,129,10,43,29,3709,2233,4211,1080,130,110,411
2017-08-02,6538,3696,7846,581,165,574,1068,1517,1917,2773,225,77,175,184,589,397,822,80,11,55,18,2051,1250,2430,603,66,68,134
2017-08-03,5824,3548,7259,470,166,569,908,1503,1709,2595,237,57,101,222,439,342,658,101,2,12,8,2178,1188,2558,606,29,50,123
2017-08-04,5352,3001,6146,740,146,448,873,1669,1523,2501,186,74,42,389,580,465,916,77,12,8,32,1822,1168,2121,638,62,53,116
2017-08-05,6248,2684,6183,679,226,516,1328,1568,1866,2753,203,107,191,180,542,404,795,121,2,21,7,2094,1174,2402,732,34,48,52
2017-08-06,5159,2993,6435,514,89,320,794,1294,1699,2270,228,111,69,315,395,264,523,66,6,33,31,1737,896,1935,498,48,34,118
2017-08-07,4082,2041,4292,488,111,567,665,0,0,0,0,0,0,0,0,0,0,0,0,0,0,0,0,0,0,0,0,0
2017-08-08,0,0,0,0,0,0,0,1546,1760,2401,355,101,196,253,622,451,825,202,6,36,4,2645,1348,2237,1345,78,77,256
2017-08-09,5170,2891,7116,183,26,244,492,1445,1861,2635,271,127,153,120,384,390,631,109,8,24,2,1592,1074,1302,635,124,46,559
2017-08-10,4354,2357,5499,349,81,281,501,1190,2285,2780,252,98,59,286,345,281,543,72,7,4,0,1451,753,1592,447,74,27,64
2017-08-11,5179,2878,6463,608,186,403,397,1554,941,1891,156,28,227,193,483,526,873,71,8,56,1,1767,963,1816,525,77,37,275
2017-08-12,8564,4498,10128,778,356,483,1317,2085,1248,2865,195,19,148,106,702,483,1037,93,14,32,9,2866,1323,2944,631,150,57,407
2017-08-13,12364,6069,15690,650,417,519,1157,2573,1482,3445,207,68,138,197,4110,910,4866,112,7,35,0,3456,1721,3629,759,225,156,408
2017-08-14,8968,3569,9703,573,541,782,938,0,0,0,0,0,0,0,0,0,0,0,0,0,0,0,0,0,0,0,0,0
2017-08-15,2065,1332,2726,304,40,84,243,944,1137,1610,105,48,129,189,2803,274,2985,56,14,22,0,1827,849,1824,546,123,54,129
2017-08-16,8399,3749,10053,357,318,536,884,1473,1657,2263,266,192,74,335,1831,455,2058,167,33,8,20,2013,986,1937,758,139,28,137
2017-08-17,8406,2934,8646,424,374,686,1210,1489,2422,3064,231,171,137,308,1918,380,2066,146,27,20,39,1976,1167,2196,755,82,36,74
2017-08-18,8167,2919,8772,965,295,439,615,1381,1721,2245,240,108,173,336,3064,628,3518,75,21,50,28,1869,1103,2070,574,63,66,199
2017-08-19,12356,6039,14734,1337,329,838,1157,2350,3790,5224,320,89,123,384,4043,749,4586,118,16,31,41,2937,1395,3080,920,89,118,125
2017-08-20,7320,2367,8173,484,87,278,665,1248,1439,1921,207,147,59,353,461,227,578,72,18,8,12,1729,778,1693,541,69,25,179
2017-08-21,8137,2418,7911,758,264,442,1180,0,0,0,0,0,0,0,0,0,0,0,0,0,0,0,0,0,0,0,0,0
2017-08-22,0,0,0,0,0,0,0,1752,1693,2346,314,178,226,381,648,698,1071,168,43,58,6,2590,1400,2236,1122,208,110,314
2017-08-23,6600,6412,11965,260,43,100,644,875,881,1117,190,54,80,315,336,165,332,87,4,60,18,993,577,888,421,53,30,178
2017-08-24,6311,1665,5974,409,154,505,934,1074,772,1153,197,62,130,304,256,170,301,64,19,27,15,957,446,836,379,30,37,121
2017-08-25,8937,4697,11611,644,205,371,803,1499,1829,2293,309,100,147,479,503,388,692,139,22,38,0,2002,1082,1921,641,110,96,316
2017-08-26,13358,5672,15876,959,163,409,1623,3224,3516,5367,381,213,279,500,1282,830,1883,147,27,30,25,3403,1791,3989,661,96,97,351
2017-08-27,12261,5348,14576,847,254,535,1397,2250,2906,3959,401,174,207,415,1206,738,1745,146,10,43,0,3204,1558,3704,764,103,70,121
2017-08-28,7528,2036,7119,747,340,424,934,0,0,0,0,0,0,0,0,0,0,0,0,0,0,0,0,0,0,0,0,0
2017-08-29,0,0,0,0,0,0,0,1935,1937,2770,319,151,197,435,878,638,1226,191,15,49,35,3176,1933,3317,864,180,118,630
2017-08-30,3161,8543,7254,759,273,325,3093,0,6645,5249,474,121,168,633,0,2926,2446,0,0,0,480,658,5188,4282,1058,222,251,33
2017-08-31,7544,3130,8567,456,225,361,1065,2117,2332,3629,233,107,36,444,610,616,1118,95,4,9,0,1760,1152,1866,632,59,31,324
2017-09-01,7677,4446,10052,587,244,268,972,2381,2515,4176,230,96,161,233,567,532,902,173,4,20,0,1979,1204,1959,702,93,78,351
2017-09-02,13656,6496,16518,1089,299,443,1803,4185,5411,8544,409,203,174,266,1520,1033,2365,142,12,18,16,3546,2161,4427,950,70,31,229
2017-09-03,8522,8332,13237,404,160,476,2577,3718,3946,6471,468,118,237,370,1114,769,1703,125,3,41,11,3324,1977,3820,802,136,100,443
2017-09-04,4666,5511,6970,248,45,127,2787,0,0,0,0,0,0,0,0,0,0,0,0,0,0,0,0,0,0,0,0,0
2017-09-05,0,0,0,0,0,0,0,2036,2203,2969,383,166,420,301,768,548,1131,139,11,35,0,2993,1730,2714,1355,98,126,430
2017-09-06,3830,6183,7857,593,219,477,867,1259,1606,2136,184,89,44,412,409,543,819,87,16,8,22,1425,1463,1969,493,84,73,269
2017-09-07,4467,5189,7898,345,84,278,1051,1557,2329,3101,296,146,153,190,558,785,1258,68,13,1,3,5108,2283,6128,838,119,48,258
2017-09-08,5149,4759,6465,780,168,429,2066,2040,2384,3811,220,66,159,168,552,553,941,113,11,40,0,2068,1325,2214,662,100,40,377
2017-09-09,9616,5606,12650,1025,178,361,1008,4062,4877,7904,371,153,101,410,1300,966,2057,134,15,9,51,3702,2350,4372,1090,163,91,336
2017-09-10,8412,5022,10830,1040,263,411,890,3027,3859,5728,422,151,75,510,1321,769,1920,74,28,45,23,3384,1819,3584,1020,116,70,413
2017-09-11,3992,2957,5510,419,230,120,670,0,0,0,0,0,0,0,0,0,0,0,0,0,0,0,0,0,0,0,0,0
2017-09-12,0,0,0,0,0,0,0,1910,2205,3253,286,148,187,241,752,714,1208,165,25,34,34,3150,2255,3536,1092,234,67,476
2017-09-13,4922,5235,7694,564,251,444,1204,1757,2070,3157,243,138,136,153,626,634,1116,97,18,6,23,2247,2389,3417,774,137,76,232
2017-09-14,4912,5235,8282,514,123,252,976,1899,2366,3289,363,99,115,399,622,756,1236,117,10,3,12,2024,1788,2924,466,68,37,317
2017-09-15,4563,4042,6154,1062,267,363,759,2379,2655,4176,309,104,110,335,661,1467,1974,129,9,6,10,2339,1512,2723,655,75,25,373
2017-09-16,10991,7649,15605,1137,251,419,1228,4373,5111,8423,398,132,92,439,1616,1141,2530,174,24,11,18,4022,2497,5282,846,184,42,165
2017-09-17,12567,6506,16462,425,335,435,1416,3390,4016,6115,397,228,202,464,1445,958,2205,155,17,25,1,3745,1939,4187,926,146,44,381
2017-09-18,8310,4034,10070,476,221,301,1276,0,0,0,0,0,0,0,0,0,0,0,0,0,0,0,0,0,0,0,0,0
2017-09-19,0,0,0,0,0,0,0,1518,1885,2476,305,145,73,404,525,572,949,111,7,29,1,2745,1834,2994,849,154,63,519
2017-09-20,8309,9681,16373,691,169,156,601,1731,2416,3464,313,91,75,204,639,910,1431,87,18,7,6,2107,1910,3061,593,123,26,214
2017-09-21,8525,8364,15051,539,107,233,959,1969,2498,3544,316,80,203,324,638,1213,1730,82,14,22,3,2024,2076,2872,875,98,40,215
2017-09-22,8798,7120,13642,158,86,198,1834,1969,3461,4623,255,112,178,262,607,1063,1569,67,3,29,2,2915,1552,3165,643,108,84,467
2017-09-23,13013,9554,19103,1083,170,480,1731,3604,4913,7380,447,221,183,286,1348,1044,2235,126,12,17,2,3721,3206,5620,742,128,94,343
2017-09-24,11191,5161,13651,536,180,484,1501,2662,3581,5134,341,239,73,456,1214,744,1739,115,19,38,47,3206,2175,4020,904,97,65,295
2017-09-25,7330,5159,10411,402,147,320,1209,0,0,0,0,0,0,0,0,0,0,0,0,0,0,0,0,0,0,0,0,0
2017-09-26,0,0,0,0,0,0,0,1932,3350,4300,271,143,202,366,608,1162,1608,56,31,43,32,2767,3408,4466,1102,163,33,411
2017-09-27,3169,13785,11488,1912,285,170,3099,0,6046,5398,214,78,107,249,0,2096,1879,0,0,0,217,604,9673,7139,1410,281,1258,189
2017-09-28,6090,11227,16087,214,335,149,532,1584,2913,3888,163,93,204,149,444,826,1232,26,1,0,11,1435,2933,3868,452,18,1,29
2017-09-29,6078,6644,11794,273,25,161,469,1610,2940,4042,167,76,101,164,467,766,1158,50,11,14,0,1365,1708,2509,503,11,32,18
2017-09-30,3389,20239,18284,981,405,240,3718,0,17090,16118,530,74,210,158,0,5429,4906,0,0,0,523,1056,7820,6461,1997,77,314,27
2017-10-01,0,34564,30553,1039,347,426,2199,0,10099,9055,470,59,139,376,0,4568,4008,0,0,0,560,1090,10438,8700,2059,397,309,63
2017-10-02,0,58459,41788,3714,491,1487,10979,0,13763,12906,479,19,180,179,0,9013,8175,0,0,0,838,1084,12883,11114,1941,143,691,78
2017-10-03,0,55771,45803,1689,574,1731,5974,0,17301,14829,825,102,829,716,0,13322,11617,0,0,0,1705,1267,16459,15051,1974,180,395,126
2017-10-04,0,101369,89921,2644,462,644,7698,0,33138,30066,881,143,586,1462,0,24418,23313,0,0,0,1105,1281,30996,28085,2643,360,1010,179
2017-10-05,0,147861,130966,3827,2224,1276,9568,0,172417,164550,2204,63,1323,4277,0,29984,27369,0,0,0,2615,1188,41480,36458,3301,193,2657,59
2017-10-06,0,103060,91780,2156,1150,1629,6345,0,54027,50817,849,98,733,1530,0,20292,18980,0,0,0,1312,1166,38017,34718,3575,350,536,4
2017-10-07,0,87236,78115,1771,737,1238,5375,0,42762,40952,608,142,456,604,0,20226,18760,0,0,0,1466,1137,32924,30700,691,2269,399,2
2017-10-08,0,59488,52906,1141,853,355,4233,0,27336,25699,558,83,677,319,0,14594,13718,0,0,0,876,1080,25155,23183,1388,603,1059,2
2017-10-09,0,39288,34800,1027,314,508,2639,0,15122,14688,178,10,105,141,0,8557,8383,0,0,0,174,856,13908,13493,826,229,214,2
2017-10-10,0,0,0,0,0,0,0,1050,1212,1864,120,44,147,87,397,513,834,56,6,1,13,1690,1724,2764,408,13,42,187
2017-10-11,2023,6364,7623,281,33,119,331,854,1802,2322,125,48,95,66,336,528,783,71,0,5,5,1269,1158,2018,304,15,13,77
2017-10-12,4927,8007,11565,474,128,282,485,1036,2616,3107,179,84,140,142,467,721,1068,60,24,22,14,1715,4491,5493,375,105,55,178
2017-10-13,4784,7690,10298,300,212,540,1124,3135,5661,7908,261,148,243,236,616,1339,1831,64,10,21,29,2831,3368,4850,899,95,79,276
2017-10-14,10938,7836,15775,760,210,477,1552,6529,11819,17522,300,129,139,258,1987,1403,3208,120,13,21,28,4612,4388,7712,963,89,62,174
2017-10-15,10524,6696,14140,899,263,374,1544,4024,4540,7150,393,160,416,445,2294,1313,3388,145,10,28,36,4857,4151,7373,1018,121,140,356
2017-10-16,6552,5764,9061,909,302,678,1366,0,0,0,0,0,0,0,0,0,0,0,0,0,0,0,0,0,0,0,0,0
2017-10-17,0,0,0,0,0,0,0,2593,2720,3732,292,354,139,796,954,1474,2210,183,14,21,0,4765,5810,7861,1295,159,110,1150
2017-10-18,6881,11914,15178,1081,286,376,1874,2269,3055,4031,259,177,280,577,675,1463,1965,109,20,39,5,3257,4008,5917,809,66,81,392
2017-10-19,6755,10890,14598,669,142,353,1883,2468,3033,4479,276,124,240,382,967,1987,2752,124,8,66,4,3944,4696,6810,885,51,127,767
2017-10-20,7408,11412,14555,1013,268,520,2464,3079,5151,6977,431,114,168,540,975,2155,2992,116,7,8,7,4712,4190,7197,593,106,160,846
2017-10-21,14717,9359,19345,1423,232,833,2243,5815,6749,10926,646,194,175,623,2895,1628,4301,189,14,11,8,7685,5376,10699,1423,106,196,637
2017-10-22,13401,7446,16779,1619,258,374,1817,5314,5111,8289,582,244,466,844,3114,1587,4406,232,26,35,2,7614,2708,7644,1502,125,137,914
2017-10-23,6607,6584,10579,815,170,285,1342,0,0,0,0,0,0,0,0,0,0,0,0,0,0,0,0,0,0,0,0,0
2017-10-24,0,0,0,0,0,0,0,3745,4213,5746,652,193,547,820,1303,2343,3301,231,8,61,45,6515,6507,9644,1942,131,221,1084
2017-10-25,0,20702,14927,614,699,312,4150,0,12605,10930,442,174,300,759,0,6626,5984,0,0,0,642,2456,13450,12103,2429,313,933,128
2017-10-26,7518,10645,14327,1358,245,378,1855,2712,2736,4146,377,147,173,605,1219,1206,2235,103,9,71,7,5300,4741,8049,1123,130,140,599
2017-10-27,7868,8968,13694,995,275,259,1613,3562,3340,5338,446,211,307,600,1375,1992,3118,171,13,30,35,6153,3209,6879,1734,101,175,473
2017-10-28,14979,11399,21848,1314,169,316,2731,6589,6866,11969,567,177,359,383,4000,1833,5459,274,10,87,3,9048,5531,12258,1418,89,92,722
2017-10-29,14258,11234,20703,1582,229,701,2277,5231,5353,8628,541,204,290,921,3631,1883,5213,180,20,91,10,8874,4946,10990,1602,132,298,798
2017-10-30,7080,4990,8854,1403,204,301,1308,0,0,0,0,0,0,0,0,0,0,0,0,0,0,0,0,0,0,0,0,0
2017-10-31,0,0,0,0,0,0,0,3492,3361,5301,466,176,243,667,1929,1640,3207,288,20,50,4,7221,5606,9345,1905,73,161,1343
2017-11-01,6172,6161,9764,735,141,143,1550,2847,2575,4344,353,113,253,359,1432,1136,2367,121,23,54,3,5348,3865,7245,1080,94,115,679
2017-11-02,6442,6802,10447,731,204,515,1347,2903,2048,3698,401,159,250,443,1204,733,1725,177,10,25,0,8432,3995,10290,1429,178,251,279
2017-11-03,6770,5092,8376,1141,289,236,1820,3635,3246,5296,449,253,329,554,1519,1101,2421,154,15,24,6,5828,3942,7197,1456,211,287,619
2017-11-04,14910,13134,22465,1832,476,382,2889,7325,6666,12461,503,205,397,425,4815,2335,6678,376,26,52,18,10200,7896,15135,1554,216,343,848
2017-11-05,12531,6536,15261,1026,221,365,2194,6412,5426,10337,514,227,459,301,4670,1917,6213,288,23,54,9,9374,5721,12271,1419,138,385,882
2017-11-06,6117,4200,8006,745,249,386,931,0,0,0,0,0,0,0,0,0,0,0,0,0,0,0,0,0,0,0,0,0
2017-11-07,0,0,0,0,0,0,0,3686,3083,5271,506,122,403,467,1950,1694,3374,177,27,10,56,6445,3896,7371,1161,170,272,1367
2017-11-08,5651,4538,7565,1118,261,305,940,3301,2485,4397,327,129,488,445,1714,1073,2580,124,12,59,12,5537,3757,7509,1073,98,173,441
2017-11-09,6337,5896,9930,471,83,384,1365,3581,2877,5316,318,128,302,394,2018,1677,3588,52,10,19,26,5845,4024,8168,953,80,118,550
2017-11-10,5480,3652,7268,535,73,300,956,2650,2058,3679,221,100,135,573,1103,858,1849,55,10,28,19,5249,2726,6804,694,89,160,228
2017-11-11,12007,8102,17304,713,246,404,1442,6915,6033,11565,390,204,249,540,4589,2355,6587,250,9,52,46,8285,5531,11903,1059,94,199,561
2017-11-12,11445,5901,14825,723,132,238,1428,6206,4724,9158,391,200,480,701,5004,2319,6979,149,22,134,39,8172,5345,11521,1078,167,249,502
2017-11-13,5346,2632,5593,980,276,299,830,0,0,0,0,0,0,0,0,0,0,0,0,0,0,0,0,0,0,0,0,0
2017-11-14,0,0,0,0,0,0,0,3150,2047,3918,324,122,307,526,2056,1217,2952,221,9,27,64,5144,3166,5705,1170,149,220,1066
2017-11-15,5231,3612,6752,803,199,122,967,2001,1770,2885,231,82,294,279,1451,875,2073,122,8,71,52,3490,1855,3659,1104,78,118,386
2017-11-16,4481,4393,7058,317,98,395,1006,1891,1733,2696,253,99,210,366,1048,813,1764,60,13,14,10,3312,2094,4029,482,85,105,705
2017-11-17,4620,2932,5068,470,415,449,1150,1875,1872,2879,194,96,164,414,837,550,1313,43,3,26,2,2901,1829,3244,666,65,159,596
2017-11-18,8950,4735,10838,968,140,705,1034,3178,4501,6489,325,171,189,505,1755,1100,2675,118,17,32,13,4268,2543,4971,1210,151,176,303
2017-11-19,6663,3688,7988,864,260,473,766,2574,2475,3890,369,104,266,420,1520,732,2117,75,16,31,13,3816,1589,3837,621,172,160,615
2017-11-20,3943,3663,5907,666,108,304,621,0,0,0,0,0,0,0,0,0,0,0,0,0,0,0,0,0,0,0,0,0
2017-11-21,0,0,0,0,0,0,0,2357,1649,2867,286,82,286,485,816,786,1440,37,5,32,88,3272,1653,3211,1233,67,124,290
2017-11-22,4496,2770,5575,782,112,145,652,1295,1416,1898,248,104,186,275,561,466,898,41,13,40,35,2239,1171,2436,658,82,68,166
2017-11-23,3949,2552,4833,430,205,143,890,1209,1109,1579,240,112,99,288,457,381,709,44,15,15,55,2060,1123,1992,851,123,103,114
2017-11-24,5584,3028,6404,873,153,390,792,1270,2047,2504,204,168,102,339,581,498,912,65,27,41,34,2754,1117,2488,1049,140,71,123
2017-11-25,5696,2430,5694,914,195,357,966,1510,2736,3542,201,126,155,222,796,478,1169,19,14,44,28,2670,1414,3177,503,86,83,235
2017-11-26,7796,3887,9365,545,191,643,939,2820,3033,4583,310,132,218,610,1668,791,2271,50,28,42,68,3651,1529,3804,1096,65,47,168
2017-11-27,3739,2524,4950,599,58,330,326,0,0,0,0,0,0,0,0,0,0,0,0,0,0,0,0,0,0,0,0,0
2017-11-28,0,0,0,0,0,0,0,1698,1451,2081,296,70,420,282,695,551,1133,67,14,10,22,2574,1101,2425,794,127,66,263
2017-11-29,0,7322,3868,628,423,575,1828,0,3969,3125,177,75,174,418,0,1821,1518,0,0,0,303,783,4148,3221,1032,319,312,47
2017-11-30,3949,2424,4230,583,84,417,1059,914,1005,1272,146,53,199,249,345,287,536,65,10,15,6,1509,802,1479,428,63,12,329
2017-12-01,3744,2446,4484,713,91,361,541,911,1132,1441,135,73,61,333,339,309,557,36,24,17,14,1539,965,1715,369,31,35,354
2017-12-02,8205,3417,8498,1196,148,239,1541,2494,3070,4542,255,123,225,419,1201,815,1882,73,23,20,18,2895,1816,3453,600,117,79,462
2017-12-03,6452,2772,7157,876,109,502,580,2375,2523,3624,259,143,126,746,1001,531,1403,58,13,32,26,2599,1348,3070,429,52,48,348
2017-12-04,3718,2553,4656,707,82,367,459,0,0,0,0,0,0,0,0,0,0,0,0,0,0,0,0,0,0,0,0,0
2017-12-05,0,0,0,0,0,0,0,1363,1923,2115,222,92,430,427,352,233,483,48,20,16,18,1739,1044,1669,881,44,139,50
2017-12-06,3753,3805,5877,860,31,298,492,767,1627,1832,92,48,128,294,287,445,657,25,4,6,40,1098,559,995,319,50,66,227
2017-12-07,3821,4698,7142,411,36,310,620,834,1186,1412,111,84,277,136,364,438,702,42,18,7,33,3612,1154,4106,367,20,49,224
2017-12-08,3987,2955,4791,863,72,462,754,1129,1437,1779,125,58,308,296,300,456,669,57,5,11,14,1241,1048,1447,588,47,56,151
2017-12-09,7870,3275,8744,315,62,752,1272,2165,3050,4295,254,89,175,402,1028,530,1415,86,16,9,32,2821,1282,3114,702,71,53,163
2017-12-10,6256,2133,5972,712,132,526,1047,1701,1822,2586,197,122,233,385,1148,597,1650,68,18,0,9,2795,1254,3067,763,22,79,118
2017-12-11,3905,2947,4915,312,72,539,1014,0,0,0,0,0,0,0,0,0,0,0,0,0,0,0,0,0,0,0,0,0
2017-12-12,0,0,0,0,0,0,0,1124,790,836,164,113,498,303,222,198,326,56,17,21,0,1410,616,1153,721,44,71,37
2017-12-13,4436,2039,4197,1697,63,56,462,609,889,945,123,52,101,277,211,447,585,63,6,4,0,1025,767,1230,531,5,14,12
2017-12-14,4218,1819,3678,76,55,785,1443,812,765,873,148,37,159,360,232,237,385,22,2,47,13,1144,838,1207,228,34,30,483
2017-12-15,4371,3587,5483,781,51,953,690,934,999,1265,138,51,211,268,280,360,570,57,1,1,11,1370,1090,1582,287,54,105,432
2017-12-16,7209,2468,6127,791,168,1093,1498,1476,2119,2606,188,107,281,413,697,463,1056,63,20,13,8,2359,1064,2337,712,48,60,266
2017-12-17,5905,1856,4927,912,96,588,1238,1714,1480,1953,261,97,228,655,495,243,638,61,11,22,6,1894,709,1673,506,33,55,336
2017-12-18,5023,3418,5836,1198,170,277,960,30,0,30,0,0,0,0,0,0,0,0,0,0,0,0,0,0,0,0,0,0
2017-12-19,0,0,0,0,0,0,0,1479,1799,1990,180,68,257,783,425,441,754,72,3,14,23,2056,1183,1688,841,81,52,577
2017-12-20,4501,2160,3872,1130,118,153,1388,916,1132,1305,137,43,125,438,320,430,651,42,5,39,13,1063,703,1074,479,36,37,140
2017-12-21,4659,2326,4814,128,86,607,1350,1085,2135,2545,153,63,99,360,442,466,791,50,15,52,0,1624,1248,2050,438,32,59,293
2017-12-22,5198,2214,4834,1246,21,668,643,1648,1760,2404,214,58,214,518,419,474,764,58,7,64,0,1593,854,1580,407,19,95,346
2017-12-23,8501,3891,9534,1378,44,569,867,2883,3860,5408,364,152,190,629,912,584,1425,55,8,6,2,3061,1196,2786,632,39,147,653
2017-12-24,4407,1530,4201,544,28,403,761,1830,1492,2525,127,55,177,438,448,201,556,29,2,60,2,1640,410,1249,326,17,70,388
2017-12-25,9723,4424,9377,1115,68,1869,1718,2106,2180,3622,176,54,201,233,661,453,1036,32,9,23,14,1815,823,1918,339,55,53,273
2017-12-26,0,0,0,0,0,0,0,1579,1255,1518,241,61,446,568,471,635,1018,66,2,10,10,2569,1018,1687,788,133,141,838
2017-12-27,0,9157,3866,1079,580,687,2945,0,3622,2434,289,109,221,569,0,1099,827,0,0,0,272,301,2574,1415,1146,237,61,16
2017-12-28,5417,2447,4881,1152,216,607,1008,1485,1755,2260,278,101,327,274,440,383,736,34,9,23,21,1561,727,1196,650,82,57,303
2017-12-29,6268,2794,5077,1402,251,846,1486,1801,2337,3100,228,115,224,471,491,405,743,77,24,9,43,2044,1091,1899,514,120,84,518
2017-12-30,9030,3620,8956,906,143,903,1742,2175,2529,3543,320,96,284,461,865,423,1128,44,5,85,26,2757,834,2073,814,114,108,482
2017-12-31,11032,4230,12715,1014,141,597,795,5978,3016,7456,315,222,518,483,1433,626,1880,77,18,33,51,3748,1158,3242,840,82,140,602
