Æò±Õ±â¿Â,ÀÏ°­¼ö·®,Æò±Õ Ç³¼Ó,Æò±Õ »ó´ë½Àµµ,Æò±Õ ÇöÁö±â¾Ð,Æò±Õ Àü¿î·®
5.4,,3.4,28.6,1010.4,1.9
4.9,0.2,2.3,43.1,1011.9,7.8
6.3,,2.7,46.4,1012.7,0
9.2,0.5,2.2,44.5,1009.3,7.3
7.2,8.5,2.7,86.1,1002.7,7.6
7.9,,2.6,64,1005.7,4.5
12.6,,1.9,44.5,1006.1,1.8
14.6,,2.6,42.1,1002.5,7.8
7.5,14,2.9,84.4,990.7,10
5.1,1,4.4,57.3,995.8,4
8,1,4,55.1,1002.5,5.1
6.2,0.5,5.1,50.8,1003.2,4
5,1.5,4.1,49.3,1006.7,4.4
5.5,0.5,4.9,54.5,1005.4,3.6
6.9,,3.7,42.6,1007.7,1.1
11.4,,4.5,38.6,1001.3,3.5
8.3,3.5,4.7,40.4,998.1,3.4
7.5,,2,31.5,1000.1,4.5
13.2,,4.4,54.5,993.9,7.9
14.8,,2.9,62.3,997.7,5.9
12.3,,4,37.4,1001.1,4.3
9.8,,3.2,27,1007.1,5.1
6.6,9.5,2.3,70.8,1006.5,9.1
9,,3.3,58.8,1008.3,3.4
11.4,,2.5,43.8,1011.2,3.4
11.2,5.5,2.7,59.3,1004.7,9.8
12.3,0.1,3.7,67,999.2,3.1
9.3,4.5,3.3,78.9,998.3,8.6
11.7,0.1,3.6,55,999.7,1.6
12.8,,2.8,51.4,1006.3,1.6
16,,3.8,51,1006.5,6.1
13.5,21,4.5,67.6,1000.9,5.4
13.4,,3.5,48.8,998.5,2.3
13.2,1,3.3,52.4,1000.2,3.3
12.4,1,2.5,67.1,1001.9,4.1
12.6,0,3.2,64.8,1005,6
13.9,,3.1,58.1,1008.4,1.8
14.3,,3.4,51.8,1010.3,0
14.6,,3,54,1007.9,0
18.7,,2.7,41.4,1009.5,0
19.4,,2.7,33.6,1008.9,2.3
18.1,2.5,2.1,55.3,1002.7,8.5
14,22,3.6,89.3,992.7,9.9
17.9,,3.5,55.5,994,3.1
19.1,1,4,61.3,994.7,6.1
21.6,,3.5,45,1000.6,3.1
20.2,,2.9,46.9,1001.9,7.6
19.4,,3.3,57,1002.7,4.8
22,,4.2,33.3,1006.8,0
20.2,,3,36.6,1005.7,4.4
17.7,14.5,2.2,62.8,999,9.4
16.6,19.5,3.1,80.9,989,8
14.4,,3.2,76,993.8,5.5
17.7,,2,43.3,997.4,0.4
19.7,,2,49.4,1000.7,4.3
22.1,,2.1,59.3,1002.9,0
21.3,,2.6,58.9,1003.8,0.4
24.7,,2,49.6,1003.6,5.1
23.9,,2.5,45.9,1005.6,8.4
19.7,56.5,3.5,80.4,999.6,10
18.9,11.5,2.8,89.1,995.2,10
16.1,2.5,3,87.8,998.7,9.6
19.2,,2.7,57.9,1002.4,2.9
21.3,,2.2,46.6,1000,5.8
21.7,,2.2,44.3,997.2,4.6
23.5,,2,48.6,997.1,0
21.3,,2.9,59,1001.8,0.8
22.8,0.2,2,54.3,1006.2,3
24.8,,2,51.8,1006.5,2.4
25,,2.1,55.9,1004.4,4.1
25.7,,2.2,50.9,1001.6,1.8
26.4,,1.9,48.5,998.9,6.6
27.4,,2.2,38.3,997.2,2.4
27.5,,2.3,35.5,996.9,2.8
23.7,7,2.6,57.9,996.4,9.3
20.5,6.5,2.2,85.4,998.7,9.8
23,,1.9,70.5,1002.8,8.5
24.6,,2.3,62.3,1003,5.8
24.6,,2.6,58.4,1001.7,3.9
22.5,,2.8,69.8,998.1,6.1
22.3,0.5,2.2,76.8,992.5,9.6
21.7,12,1.9,90.1,986.9,10
24.3,0.1,1.6,71.1,990.7,7
25.8,,1.8,58.5,995.4,6.8
26.6,,1.9,57.5,995.4,7.1
25.1,,2.5,63.9,996.4,7.9
22.9,0.3,3.2,69.6,996.6,7.6
23.5,,2.3,66.6,996.2,5.5
25.1,,2.1,58.6,995.6,8.4
24.5,0,2.6,59.8,992.7,5.1
25.1,,2.5,63.1,994.6,5.3
25.5,1.5,2.3,61.1,996.5,5.8
27.2,,1.8,54.8,1000.3,2
27.7,0.2,2,60.4,1000.3,3.3
27.1,,2.7,58.4,998.1,6.3
24.3,51.5,4.6,82.5,989.9,9.5
25.2,,3.8,69.1,989.4,6.1
24.9,32.5,3.5,84.3,988,9.9
25.6,1,2.7,73.4,987.8,7.4
25.2,,2.7,73,996,4.5
24.9,3,1.8,78.8,997.8,8.1
24.3,68,3.5,88.6,996.8,10
24.5,6.5,3.2,87.3,997.1,10
25.3,1,3.9,82.8,996.1,10
24.6,14,4.1,86,997.4,10
23.6,74,4.9,88.4,997.8,10
24.2,165,1.7,90.1,1000.8,10
24.1,23,3.7,90.9,1001.4,10
26.5,3.5,3.5,80.1,1000.6,9.4
26.9,1.5,4.5,70.4,997.4,9.8
24.2,18.5,3.7,89.1,998.4,10
25.1,26.5,1.9,85.6,1000.1,9
26.8,,3.2,72,999.6,7
27,1,4.2,72.4,997.9,8.4
26.8,0.5,4.8,78.8,996.3,10
26.4,84.5,3.1,81,997.9,9.9
25.7,56.5,3.8,87.3,993.9,10
24.7,11.5,4.6,79,990.3,7.8
26,0,3.7,71.8,991.7,6.8
26.5,,2.9,70.9,993.4,2.9
26.2,0.2,2.2,67.8,995.2,6.9
25.3,11,2.1,85.5,993.4,10
26.5,3.5,3.4,82.3,991.6,6.4
26.3,9.5,2.2,73.9,991.7,8.9
26.4,8.5,3.3,75.4,991.7,8.3
28,,1.7,67.3,996.7,7.1
27.4,7.5,2,80.4,1000.4,9.1
28.9,0.1,3.7,72.3,999,8.1
28.3,4.5,2.4,76.4,994.5,8
27.7,7,3.2,78.9,993.2,7
26.4,45,2.4,80.8,996.3,6.6
28.7,,2.3,73.8,996.8,7.5
29.3,,3.7,73.5,994.7,7.4
29.2,0,4.1,79.9,994.4,9.9
28,2,2.4,82.4,998.5,7.1
28.7,,2.1,71.8,1000.8,5.8
29.3,,2.8,69.8,1000.7,5.3
29,,2.9,65.6,1000.5,4.8
28.6,,2.5,67.1,1000.6,5
28.7,0,3.1,71.5,999.4,6.6
28.7,4.5,3.7,71.8,996.5,7.5
28.7,,4.8,69.6,994.8,7.5
28.3,13,4.1,72.8,995.2,9.8
28.2,6,2.6,68.9,996.2,4.9
27.4,,1.7,62,997.2,3
28.8,,2.4,54.9,998.1,3.8
29.3,0,2.3,58.6,999.1,6.8
25.7,35,2.4,78.9,998,8.3
26.6,,1.8,60.4,996.6,2.4
27.1,,1.6,52.3,995.5,4.1
27,,2.4,52.3,994.9,1.6
25.6,,2.6,61.6,997.6,2.4
26.4,,2.7,59.4,996.9,5.4
25.5,21.5,4.2,79.1,989,9.4
25.1,,3.3,69.6,992.8,5.1
24,2.5,2.1,65.8,996.5,5.6
23.5,,2,54.6,1001.9,3
22.4,,2.1,49.9,1003.9,2.9
21.7,,2,43.5,1003.2,1.5
22,,2.2,46.5,1002.6,1.6
21.2,0,2.7,52.9,1006.7,8.3
20.8,0,2.3,59.6,1008.6,9.5
21.9,,2.1,61.8,1007.5,5.8
22.9,,1.7,63.4,1007.5,4.1
23,,1.8,67,1005.5,7.4
22,11.5,1.7,76.3,1003.9,9.3
20.1,36.5,2.3,90.6,1003.4,9.8
23,0.5,1.6,80.4,1005.8,10
22.9,50,2.4,87.5,1000.8,9.3
23.1,11.5,1.9,81.1,999.8,9.1
23.4,,2,59.5,999.2,3
20.9,,2.1,49.3,1002.4,0.3
22.6,,1.5,48.4,1008.3,0.6
24.4,,1.6,54,1010,1
24.7,,2.7,56,1008.2,0.1
23.4,,1.9,71.5,1005.9,5.4
23.8,,1.7,66.9,1005.4,7.4
23.1,0,4.2,54.9,1007.7,6.8
23.8,,2.5,55.6,1005.8,6.3
22,4.5,2.9,81.8,1001,9.8
19.5,,3.4,57.3,1001.9,4.9
17.3,,2.6,36.9,1006.8,0.1
17.9,,1.8,50.9,1008.3,3.8
17.4,4,2.2,70.6,1006.3,9.5
17.2,19,2.7,86.1,1005.7,9.6
20.7,1,2.5,71.8,1007.1,5.9
21.6,,2.3,66.8,1005.7,5.6
19.4,,3.2,58.6,1002.1,3.9
16.3,,2.4,49.1,1008.1,0.4
17.4,,1.7,54.6,1010.2,0
20,,1.9,48,1011.8,2
20.8,0,4,53.5,1013.1,6.6
22.8,,2.5,65.9,1009.6,9.4
20,3,2.3,83.4,1003.9,10
20.5,,1.9,63.9,1004.1,2.5
21.1,,2.2,71,1003.5,3.9
18.1,6.5,5,57.5,1001.8,4.3
16.4,,2.7,53.8,1009.2,0.1
17.3,,1.5,62,1011.3,0
18.3,,2.4,63.6,1008.7,0.5
12,3.5,2.9,79.4,1007.4,6.5
11.2,,1.8,53.1,1011.7,0.1
12.4,,1.8,55.5,1017.9,2
13.6,,1.8,54.8,1018.5,1
14.6,,2.2,59.1,1015.5,5.4
16.7,,2.3,60.1,1009.7,4.9
16.2,,2.8,50.3,1009.7,2.6
15.9,,3.8,46.1,1013,0.5
16.2,,2.9,49.1,1010.6,1.3
13.1,,3.2,50.8,1007.7,1.6
9.3,,3.8,41.9,1007.3,0
10,,1.9,50.5,1007.3,0
11.4,,2,56.3,1011.7,0.1
11.6,,1.4,65.5,1014.1,3
12.7,0.5,2.6,71.3,1012.8,6.5
10.5,,2,58.9,1014.8,1.5
11.7,,1.7,54.9,1015.8,2.3
14.8,,1.5,50.8,1015,5.4
11.6,7.5,1.6,79.8,1012.7,7.3
11.9,0,1.7,80.3,1010.6,5.9
12.6,,1.8,70.3,1013.6,1.4
12.3,,1.8,64.3,1015.4,1.1
12.2,1,2.3,77.5,1008.9,9.1
12.2,0.1,4,52.9,1008.3,1.8
9,,1.6,43.4,1015.9,3.4
11.6,5.5,2.4,62.1,1010.2,9.6
5.5,0,4.3,45.3,1008.9,1.8
2.6,,2.8,32.9,1011.8,0
3.4,,2.7,36.1,1011.3,0.3
4.8,,1.7,43.5,1012.4,1.9
6.7,1,1.9,55.1,1010.2,8.9
8.2,2,1.8,78.3,1010.2,5.3
7,2,2.6,72,1006.6,5
5.2,1,4.2,58.1,1003.2,4
1.1,0,5.2,53.6,1004.1,3.3
1.1,0,4.4,53.9,1006.3,4.9
1.5,,3.2,38.8,1010.2,0
2.6,,2.4,48.8,1013.4,0.6
4.6,,1.9,57.9,1014.6,0
7.1,,1.7,64.6,1013.3,1.8
7.3,14,3.5,74.3,1003.4,7.4
4.7,9.5,6.1,64.6,996.5,6.8
2.1,1.5,2.5,60.9,1006.1,5.4
0,1.7,3.4,66.8,1004.8,7
-3.8,,2.9,48.9,1009.9,2.1
-0.7,0,1.8,52.9,1009.6,0.5
5.3,,2.4,56.9,1009.8,5.4
4.5,,2.1,66.9,1010.7,3.4
3.9,0,1.4,64.3,1010.7,8.6
6.7,,1.6,62.6,1009.7,4.1
5.5,,1.8,72.8,1010.2,2.1
5.5,,2.4,73.4,1008.1,6.8
3,0,2.7,42.6,1009.6,3
6.2,0.1,1.9,60.8,1011.9,4.8
4.2,0,2.8,75.3,1012.2,5.8
3.8,14,3.1,83.1,1000.3,10
0.3,,3.2,56.1,1003.8,2.8
-1.7,2.6,3.9,64.1,1002.9,5
-3.2,4.1,2.7,69.9,1006.4,5.5
-6.8,,2.4,47.5,1012.9,1.8
-4.9,1.1,1.5,65.4,1016,3.6
-4.4,,1.9,48.1,1020.9,0.1
-3.6,,1.8,52.6,1019.1,5.6
-0.3,,1.5,52.4,1016.3,7.3
2.2,0.8,2.4,65.1,1011.9,6.5
-3.5,0.3,4,60.6,1009.9,7.5
-4,0,2.6,56.3,1011.7,3.8
-3.1,,1.8,56.4,1016.4,0
-2.1,,1.9,57.5,1018.5,3.1
-1.1,,2.2,57.1,1016.9,2.5
-1.6,,1.7,58,1019.4,0
-0.5,,1.8,60.4,1016.9,3.8
-0.5,1.6,2.6,67.8,1009.5,7.5
-6.8,,3.4,49.5,1010.9,0
-6.5,,2.5,44.1,1010.9,0.5
-2.9,0.1,2.1,59.8,1009.9,3.9
2.2,,2.9,55.4,1005.1,1.1
3.8,,3.6,58.8,1001.6,3
4,0,3.7,51.3,1003.6,2.1
1.5,,2,35.4,1010.4,0.3
2.3,,2.5,54.4,1006.9,4.6
-0.1,,2.4,47.1,1008.8,0.9
-0.8,,1.9,48.4,1013.1,2.1
0.8,,1.6,50.4,1017.3,3.1
3,0,1.7,56,1014.6,8.5
0.5,0,3.3,56.6,1010.9,7.4
-7.8,,3.6,26.3,1017.9,0
-4.7,0,2,48.6,1020.6,3.1
-1.7,,1.9,44.1,1020.4,4.5
-2.4,0,3.4,43.5,1017.6,2.5
-6.2,,2.9,26,1021.8,0
-4.3,,2.2,33.8,1022.2,0
-2.9,,1.7,42,1021.7,0.9
0.1,,1.9,59.9,1018.1,6.8
-0.1,,1.6,55.9,1015.9,1.8
-2.2,,3.1,42.4,1016.9,0.4
-2.6,0,1.9,44.8,1017.7,4.9
-1.5,5.3,3.2,83.3,1008.6,9.6
-5.5,0.7,2.4,62.6,1014.5,5.3
-3.9,,1.6,60,1018,1
-0.8,,2.1,65.6,1015.7,3.4
3,,2.6,64.4,1010.3,8.5
4.2,3,2.4,74.4,1006.2,7
-2.1,,2.7,42.1,1016.9,0
0.2,,2.6,48,1013.4,1.6
1.5,0.5,2.9,52.8,1013.8,3.6
2.2,,2.2,40.1,1011.1,4.3
4,3.5,3,66.1,1005.4,5.8
1.3,,2.2,26.1,1013,1
4.9,11,3.4,63.8,1005,9.6
4.9,0.5,2,91.6,1000,8.9
-3.5,,4.3,38.5,1007,2.6
-7.4,,3.4,25.9,1014.6,0.1
-4.8,,2,27.5,1018.1,4.5
-1.3,,1.7,29.8,1015.5,5
2.4,0,4.8,47.3,1010,8.4
0.2,4.3,4.3,79.4,1006.8,9.8
-1.6,0.2,2.7,76.5,1010.8,8
-0.1,0.2,2.5,55,1015.1,4.5
0.2,,3.2,42.1,1015.9,0.8
1.2,0,2.5,49.3,1017.8,4.4
1.9,,2.2,46.1,1019.6,5.6
2.7,,3.1,47.3,1017.4,4
2.7,,2.7,54.6,1016.5,0.4
2.8,,1.7,53.3,1017.8,5.8
4.2,,2,45.5,1016.5,6.4
2.5,,3.5,45.9,1016.3,5.3
2.1,,2.6,48.6,1015.7,3.5
1.2,,2.8,61.5,1016.5,0.9
0.9,,2.6,49.1,1019.5,0
2.2,,2.1,49.3,1020.5,1.4
3.1,,2.1,50.6,1020.2,0
4.1,,2.3,58,1018.8,0
5.7,,2,59.9,1017.9,0
8.4,,1.9,44.9,1013.6,1
7.7,,2.8,55.4,1010,4.8
6.7,,2.3,58.8,1011,6.3
6,,2.6,61.1,1008,8.1
4.5,,3,46.4,1011,0.6
5.2,,2,34.4,1016,0
6.3,,2.9,48,1011.8,5.5
1.4,0,4.4,44.8,1013,0.5
0.3,0,3.6,43.4,1016.5,1.9
-0.6,,3.8,45.9,1019.1,1.8
2,,2.5,55,1014.1,5.1
1.4,2.2,3.6,56.4,1010.4,3.4
1.5,,3,50.4,1015.8,0
4.5,,2.8,65,1015.2,2.5
6.9,0.2,1.5,75.8,1006.9,8.6
5.2,0,4,54.5,1003.6,7.6
3.4,,3.6,54.6,1008.5,1
6.8,,4,66.8,1008.4,1.1
11.3,,2.3,68.3,1010,3
12.6,0.5,3.5,79,1006.7,6.5
10.5,0.4,3.5,75.3,1004.8,6.3
9.6,,2.9,65.5,1006.3,7.1
6.3,0.4,3.2,71.3,1003.7,6.8
5.9,,3.4,52.5,1009.5,0.3
8.6,,2.5,63.5,1012.8,1
9.6,,3,63.6,1016.9,0
10.9,0,3.5,60.5,1011.8,5.9
14.6,0,2.7,75.9,1004.6,10
15.4,0,2.8,64.6,1000.1,5.4
13.5,,2.8,68.9,1006.3,0.9
16.6,,2.6,57.3,1006.4,5.5
15,3.5,2.5,73.4,998.7,9.5
14.9,0,3.1,63.5,999.7,2.9
14.5,,2.3,49.3,1005.8,3.1
15.6,,2.4,33.8,1005.6,2.4
15.5,,2.7,30,1006.4,4.3
10.2,0.5,3.1,63,1003.2,8
6.6,,3.4,52.6,1003,3.8
6.2,0,3,60.5,1003.9,3.5
7.4,,4,50.6,1009.6,0.5
10.3,,3.4,64.9,1008,3.4
11.9,,2.6,60.9,1007.7,0
10.3,,3,85.3,1007.1,5.8
12.5,,2.4,71.5,1008.4,5.9
13.6,,2.8,69.5,1008.7,5.3
14.3,,1.7,68.8,1007.3,9.4
17.2,,2.2,54.9,1006.5,6.4
16.3,,2.7,53.3,1009.7,0.5
12.9,,3.2,80.1,1009,4.1
14,,1.8,81,1005.5,6.8
14.7,3,1.9,67.4,1003,6.9
15.9,,2.6,59.9,1005.4,4.3
14,,4.5,56,1009.3,7.9
14.6,,3.4,54.4,1007.3,3.1
15.1,,3,55.1,1005.1,3.9
16,,2.8,43.1,1005.2,2.1
17.2,,2.5,49.4,1007.6,0
18.6,,2,49,1011.1,0.6
19,,2.2,32.5,1012.7,0.4
18.7,,2.4,38.9,1012.2,7.9
15.6,8.5,2.3,86.6,1010.2,10
13.6,13.5,4.6,91.6,1004,10
15,5.5,4,69.5,1000.3,9.3
16.1,0,2.1,62.1,999.9,5.9
16,,3.2,60.5,1003.3,0
15.7,1,3.6,70.9,1002.4,6
13.1,,3.9,54.6,1008.3,1.3
12.3,0.2,3.8,57.8,1004.6,5.8
11.3,,5.1,56.5,1006.7,1.3
13.1,,3.4,45.9,1007.5,0
15.7,2,3.8,48.3,1002.6,6.4
14.5,4,4.2,83.9,1000.6,5.4
16.8,,2,60.8,1007.6,0.3
20.5,,2.1,43.4,1009.8,0.6
18.9,23,3.4,54.4,1001,8.3
16.4,10,5.2,79.1,995.2,5.9
19.2,,4,69.9,996.9,1.9
19.6,,3.5,59.1,992,3.4
18.2,0.3,4,66.9,990.9,2.6
19,,2.9,50.3,998.3,1
20,,2.3,48,1001.9,3.6
20.3,,2.4,50.1,1002.8,1.8
20,,2.3,55.1,1002.4,4.4
21.5,,2.2,45.4,996.4,5.6
20.1,,3.7,65.3,996.6,2.4
20.9,,2.5,63.4,1001.8,0.5
22,,2.9,68.4,1007.5,3
21.3,,2.3,68.8,1006.7,7.8
20.5,21,2.4,78.9,998.6,10
19.4,1.5,4,67.4,992.3,4.4
22.8,,4.2,49.5,989.9,0.8
24,,2.5,60.8,990.3,1.5
23.2,,2.8,54.6,996.9,0.9
24.8,,2.1,42.5,1000.2,0.1
26.2,,2.6,50.3,1002.5,1.3
24.7,,1.9,58.1,1001.8,8
22.6,2,2.2,73.5,998.1,10
18.7,33,3.5,95.3,996.2,8.6
22.8,,4.3,61.5,995.5,6.5
22.9,,2.9,58.8,995,7.6
24.4,,2.4,58.9,994.8,1.4
23.5,,2.4,65.1,994.8,6
21.4,,3,75.3,996.7,8
22.9,,2.3,70.8,999.4,5.9
23.6,5.5,2.1,72,999.5,6.3
20.5,19,1.9,87.1,996.4,9.1
21.2,0.1,2.8,73.9,992.4,6.8
21.3,0,2.9,79,993.9,6.4
22.5,,3.3,71.6,997.1,3.9
23.2,,3.3,69.9,996.8,4.5
23.9,,2.5,66.4,995.9,6.6
24.5,3.5,1.9,71.8,994.7,7.8
24.4,0.1,3,71.3,994.4,5.4
22.5,0,3.5,79.3,996,8
24.2,1.5,1.6,76.5,997.9,9.1
23.1,8.5,2.7,80.9,998,8.8
23.7,0.4,1.8,74.4,997,8
21,24.5,1.4,91.4,996.2,7.8
22.9,,2.4,74.6,996.4,4.8
23.8,,2.3,74.1,998.4,6.3
24.4,,2.4,68,997.4,5.9
24.1,,2.8,74.8,995.1,5.4
23.8,0,3.8,71.6,992.8,7.1
24.1,,2.1,70.3,995.1,6.9
25.3,,2.7,68,998.4,3.4
26,,2.1,67.8,999.8,3.6
25.7,20.5,2.5,77.3,997.1,8.4
22.6,2,2.8,85.5,992,9.6
26.8,,2.4,62.1,996.5,4.1
25.7,,2.1,70.4,1000,6.1
25.7,,2.1,65.8,996.5,6.4
27.1,,2.3,61.4,995.6,2.5
25.9,0.2,1.9,73,996.7,7.6
27.6,0.5,2.2,78.3,992.3,9.4
28.9,,2.9,57.9,986,6.3
27.1,,4,63.4,990.5,2.3
25.3,,3.2,74.3,993.8,7.4
25.4,,3.3,73.4,993.2,7.8
26.4,,3.3,70.8,997.9,4.8
26.8,,2.4,69.4,999.9,7
26.6,,2.7,68.4,1000,5.6
25.9,0.2,3.1,75.9,1001.2,8.4
26.1,1.5,2.6,80.5,1001.5,7.6
27,,2.4,79.8,1002.3,9
27.9,,2.6,75.8,1001.1,6.4
27.3,,3,73.9,998.7,6
25.9,16.5,4.4,83.9,996.6,9.8
23.6,55,3.2,90,995.4,10
21.9,48,2,92.8,997.1,9.3
27.5,59.5,2.9,81.9,994.2,9.5
22.6,2.5,6.4,86.1,996.9,9.3
25,,1.9,75,1000.6,4
26.6,,1.9,71.6,998.8,5
26.5,,2.5,68.4,999.5,5.4
28.6,,2.2,70.6,1000.6,6.5
28.6,1.5,2.1,75.9,1000.2,6.8
30.2,,2.6,63.4,997.7,4.9
31.4,0,3.9,55,992.4,8
26.5,13,4.2,87.6,987.2,9.6
26.4,6.5,2.1,93,989.3,9
26.6,0,3.2,87.5,994.2,8
24.4,10.5,2.2,92.4,996.1,10
24.7,0.2,1.5,91.1,996.8,7.9
26.1,,3.8,62.3,998.3,2.1
26.5,,4.6,48.4,996.3,4.6
23.4,42.5,2.6,79.4,991.1,8.3
23.7,,2.2,78.4,992.2,4.5
25.8,,2.7,77.8,994.7,5.6
24.2,0,2.1,75.3,998.9,9.4
22.3,0.5,2,78.6,999.5,9.3
24.9,,1.7,72.9,998.8,5.3
26.1,,1.8,73.9,1000.1,5.1
24,3,1.9,81.1,1002.4,9.6
22.3,11.5,3.1,90,999.5,10
22.3,4.5,1.5,96.6,1000.2,9.8
24.8,0.5,1.1,86,1000.6,9.9
23.1,46.5,2.4,96.5,997,9.6
24.7,15,3.1,83.4,1000.5,7.9
25.2,0.5,2.7,79.5,1000.1,7.6
25.6,0.1,1.3,75.5,998.8,8.1
25.9,0,3,71.8,997.4,9.3
25.4,11.5,2.5,71.4,1001.2,6.3
24.6,,2.8,66.8,1005.3,6.6
25.1,,2.2,65.3,1006.3,1.6
25.2,6.5,1.8,71.9,1005.2,4.5
24.6,,1.9,71.6,1004.6,2.4
24.1,,1.4,68.6,1003.6,6.3
24.1,1.5,1.5,72.5,1003.9,6.1
23.1,6,2.5,73.6,1001.9,8.5
19.1,57.5,3.4,99.8,993.1,9.8
22.4,,2.5,79.4,998.3,3.6
23.8,,2.1,76,1002.7,5.5
25.2,,1.8,66.9,1002.1,3.5
25.3,,1.6,72.1,998.9,2.6
24.8,,2.5,75,997,2.6
23.3,,2.1,66.5,997.9,4.6
22.4,,1.5,60.6,1000.6,0.1
23.3,,1.8,61.1,1003,2.4
21.3,0.1,2.1,74.9,1003.6,6.9
23.1,,2.3,60.9,1004.9,2
23,,2.3,60.6,1005.4,5.8
23.1,,2.2,64.9,1003.5,7.9
21.3,,2.1,43.8,1005.5,6.1
20.2,,1.5,52.3,1006.3,7.9
20.6,,2,56.5,1007.6,3.3
21.4,,1.7,55,1004.5,0.9
21.6,,2,52.5,1004.1,0.8
20.2,0,1.4,61.6,1007.1,4.5
21.4,,2,57.5,1008.7,0.6
23,,2.5,52.1,1007,5.6
20.3,6.5,2.6,77.9,999.7,8.4
22.2,,1.7,66.9,1003.2,3.9
21,0,2.6,78.1,1006.3,7.8
21.4,,2.6,79,1006.7,5.8
21.7,0.5,1.1,85.5,1005.8,8.9
19.4,16,1.3,99,1003.7,8.5
18.9,,3.1,72.5,1006.9,3
19.2,,2.6,68.6,1006.8,5.9
18.1,9,2.2,89,999.7,8.6
16.1,,2.9,74.3,1002.3,4.1
16.9,,3.4,62,1009.6,1.1
17.1,,3.1,53.1,1008.6,1.3
16.6,,1.7,57,1008.3,1
16.1,,2.4,64.8,1011.6,1.6
16.7,,1.5,61.5,1011.9,2.3
18.6,,2,60.4,1010.4,1.3
19,,3.6,63.3,1011.6,0.3
19.4,,3.1,57.4,1012.9,0
21.2,,1.9,48.5,1008,3.9
17.4,,4.7,51.9,1003.1,2.6
13.8,,2.2,51.8,1007.3,0.1
13.8,,2.4,60.4,1007.6,2.1
13.2,2.5,3.1,53.8,1008.6,3.5
13.6,,1.9,53.8,1012.7,0.6
15.5,,1.7,68.9,1013.6,0
17,,1.7,61,1011.9,6
14.4,21.5,2.6,97.8,1006.6,10
13.8,18.5,3.4,92.8,1007,10
13.6,,3,69,1010.1,5.1
13.8,,2.1,67.8,1010.7,1
15.1,,1.8,78,1010.1,4.5
16.5,,1.9,81.1,1009.9,3.1
16,0.5,2.8,76.9,1008.1,6
10.7,,3,35.3,1013.2,0.4
10.2,,1.4,43.4,1015.7,0
12.1,,1.7,46.4,1016,2
14.2,,1.5,45.8,1013.8,5
15,0.2,2.4,62.1,1008.2,9.5
17.3,,2.2,63.4,1002.8,7.1
12,2.5,4.8,50.5,1001.5,4.9
9.3,,3.1,40.9,1008.6,0.5
11.3,,1.9,60.5,1011.6,0
12.4,,1.9,65.6,1010.4,3.3
13.5,0.5,2.1,61,1010.2,4.5
9.8,,1.9,52.5,1014.9,2.4
9.9,,1.4,61.9,1014.3,7.6
10,,2.3,46.3,1013.4,0.9
9.4,,1.7,49.9,1012.2,0
9.4,2,1.9,67.4,1006.2,4.6
6,5,5.4,50.6,1003.8,4.5
-0.2,,3.7,38.5,1013,0.9
4.2,0,2.2,54,1014.5,2.1
4.1,,2.1,38.3,1018.9,3.1
6.6,1,1.6,42.6,1015.3,6.4
6.2,1.5,2.3,75.5,1014,3.5
5,,2.2,53.4,1017.6,0
5.6,,1.6,55.4,1017.1,2.3
7.9,,1.8,61.9,1014.4,1.6
11.3,,2.8,62.5,1012.3,5.3
11,4,1.9,90.9,1013.5,8.4
9,,2,80,1015.1,8.9
9.8,,1.3,59.8,1010.3,9.9
10.2,,4.2,56,1007.5,5.6
11,,2.8,58.8,1008.3,3.5
10.4,,1.9,69.9,1012.3,4.6
8.8,18,3.7,88,1004.8,8.8
8.3,,2.1,83.9,1010.1,4.4
9.1,7,3.2,88.1,1002.4,9.4
-1.1,0.5,6.1,58.8,1004.4,4.8
-5.4,0,4.6,42.3,1011.5,1
-3.3,0.9,1.9,70.6,1009.4,6.3
-4.6,0,2.7,43,1009.6,0.9
-6.6,,3.6,45.5,1010.8,0
-5.6,,2.8,47.5,1013.6,0.6
-3.4,,1.6,43.9,1016.1,7.4
-1.6,,2.6,48.4,1019.7,1.1
-2.4,,1.5,44.1,1024.3,2.3
1.6,2,1.9,58.8,1014.2,9.4
-1.5,0.5,3.4,64.8,1012.8,4.8
-3.8,0.1,2,70.4,1012.3,3.6
-5.2,,3.2,45.8,1015.9,0
-3.6,0,1.5,60.5,1018.5,4.8
-0.1,10.5,2.8,90.6,1013.5,8.1
-4.9,0,4.9,58.9,1008.9,3.4
-9,,4.9,41,1014.3,1
-8.3,,2.3,39.9,1023,0
-3.8,0.9,3.4,54.5,1017.5,7.4
-1.7,2,3.8,66,1010.8,3.6
-6.4,0,2.2,58.5,1012.7,1.5
-4.7,0.3,2.2,64.6,1013.5,3.3
-1.3,,2.6,67.1,1014.7,6.1
1.7,0.2,2.8,66.8,1011.3,3.8
-2.6,,2.5,52,1017.3,0
-3.2,,1.9,45.6,1019.9,0.4
-1.8,,1.7,46.8,1019.3,3.5
-0.8,,2.2,64.1,1011.4,7.5
2.9,,2.3,73.1,1004.3,5.8
1.9,,2.6,62.8,1006.5,0.3
-1.9,0,3.8,47.4,1007.6,4.1
-7.7,,4.6,41.4,1013.6,0.8
-6,,3.2,45.9,1014.6,1.9
-2.7,,1.9,56.1,1012.7,3.9
2.5,0,2,70.1,1007.7,4.3
3.7,0.4,2.4,73.1,1006.2,7.1
-3.2,3,4.3,52.4,1006.4,2.6
-5.5,,2.5,33.1,1012,0.3
-5.1,,2.2,45.8,1015.2,0
-2.1,,2,58.3,1014.4,0.6
-0.3,,2.3,56.5,1012.8,0.6
-0.4,,3.6,57.8,1013.5,1.3
-2.7,,1.8,37.8,1023.8,0
0.2,,1.8,39.6,1023.3,5.4
2.5,,1.5,41.1,1016.1,9
2.8,,2.1,53.6,1011.7,2.6
0.8,0.3,4,73,1009.5,8.1
-4.1,,3.8,46,1017.8,0.3
-1.3,4,2.3,68.4,1011.5,7.6
-0.1,0.1,3.2,68.1,1012.2,1.6
-0.9,,1.9,55.8,1016.8,4.6
2.6,,2,58.3,1011.4,8.8
3.1,,1.5,60.6,1008.6,5.1
1.2,,2.6,66.4,1011.5,3.4
3.7,,1.8,62.9,1015.2,6.3
3,3,3.5,78.4,1013.1,9.5
3.6,0.5,2.6,87.5,1009.4,8.4
-3.6,,3.7,55.4,1014.3,1.1
-4.1,,2.3,49.3,1018.4,1.6
-1.1,,2.3,56.4,1016.1,9.3
-3.3,,3.8,51.8,1015.4,3.3
-4.5,,2.6,46.4,1021.2,0
-3,,1.9,44.9,1022.2,0.3
-0.6,,1.5,47.3,1020.9,2.4
0.6,,2.1,54.5,1018,3.9
0.4,,2,64.5,1012.1,3.4
-0.1,,3,57.1,1012.7,0
0.4,,2.2,57.3,1014.9,2.1
1.2,,2.6,65.3,1010.4,6.5
-9.8,,5.3,34.1,1016,0
-5.7,0.2,3.1,54.6,1015.9,3.4
1.7,,2.8,69,1006.8,4.6
2.7,,2.5,60.3,1002.6,5
-2.2,,4.2,36.8,1004.1,0
-1.6,,3.1,46.4,1009.2,0
2,,2.2,72.9,1010.4,6.5
7.9,,2.9,61.6,1009.6,8.3
5,10.5,3.5,91.9,1003.8,10
1.9,0.5,3.5,78.5,1005.8,9.4
0.8,0,2.5,72,1010.7,7
2.2,,1.6,67.1,1016.1,1.4
5.2,,2,55.3,1015.4,5.1
5.7,8,3.4,79,1007.3,9.8
3.5,2.5,4.1,78,1006.2,6.3
0.9,,3,60.4,1009.7,2.9
2.1,,2.3,60,1008.6,2.9
5.4,0.5,2.9,48.6,1007.7,7.8
1.2,0.5,4.9,56.9,1008.9,4.6
-1.3,,3.2,35.6,1017,2.4
2.7,,2,40.5,1015.8,8.6
2.4,0,3.7,56.8,1009,6.1
3.9,,2.8,43.5,1008.5,1.6
2.8,5.5,3.4,69.5,1002.4,9.4
-2.1,,5.3,43.4,1010.9,0.8
-0.3,,1.9,41.1,1016,3.9
2.9,,2.3,37.8,1013.4,0.5
4.2,,2.3,45.5,1013.3,0
7.7,,1.8,42.5,1012,3.8
2.2,,5.4,43.4,1010,4
-3.4,,5.9,30.6,1013.9,0
0.4,,4.5,45.1,1009.3,1.4
2.1,,4,41,1008.9,2.1
5.6,0.1,3,45.4,1008.7,1.8
4.3,,2.3,31.4,1012.9,2
5.5,,2.2,42,1012,1.8
9.8,,2,44.4,1010.1,2
10.7,0,1.8,51.9,1007.3,7.9
10.7,1.5,4,61.5,1001.5,9.8
12.4,,2.5,50.9,1003.5,2.6
13.4,,2.5,32.5,1007,4.8
11.7,,2.7,31,1005.5,0.5
8.3,,4.2,33.3,1009.8,0
4.6,,4.2,24.3,1015.1,0.4
5.4,,2.6,32.8,1020.2,0
6.5,,2.5,45.9,1023.8,0
7.9,,3.1,47.5,1022.6,0
9.1,,2.6,50.5,1015.8,0
9.7,,2.8,35,1008,3.3
10.5,,2.5,61.9,1007.2,5
13.2,,2.6,57.4,1007.9,2
12.9,2.5,2.2,80.6,1004.7,8.9
12.9,2.5,4.1,67.9,1005.1,7.1
14.8,28,5,70.5,994.2,8.4
10.6,3.5,2.8,83.4,996.3,6.1
13.5,0,4.3,48,1003.5,8
10.5,0.5,2.5,75.1,1003.7,10
10.3,,2.7,55.8,1008,8.8
8.4,0,2.6,59.5,1013,7.6
8.3,,2.9,52.5,1015.1,3.8
9.6,,2.3,43,1014.2,2.8
11.6,,2.8,40.5,1012.3,0.1
13.5,,2.5,39.3,1014.7,0.4
14.9,,2.9,30.6,1013.9,7.9
12,6.5,5.9,53.9,1007.8,9
6.9,10.5,2.7,89.9,998.5,10
11.1,1,2.9,72,998.1,4.4
9.9,7,3.6,69.5,997.9,4.6
10.5,,3.7,45.4,1006.2,0.3
15.2,0,1.9,31.9,1005,5
14.5,12,3.7,74.8,997,9.9
12.2,5.5,3.2,75.3,997.5,6
14,,2.9,46,1005.2,1.8
14.2,0,3,47,1008,2.8
14.5,,3.5,41.1,1010.3,3.5
15.7,,3.2,38.3,1009.2,0.9
15.9,,2.7,31.3,1009.6,0
17.3,,3.3,37.6,1008.2,0
18.5,,2.8,39.3,1006.1,1
20.3,0,2.1,38.6,1002.9,7.1
17,3.5,2.9,77,1002.2,9
21.2,,2.2,56.6,1002.7,2.8
21,,2.5,58.8,1003.3,0
20.7,0.5,2.1,64.4,1001.7,7.1
18.3,3.5,2.1,90.4,997.2,8.9
16.1,,4.2,45.9,998.9,1.6
14.2,,3.4,37.9,1001.3,0.1
15.4,,2.4,36.3,1001.6,6.8
16.5,,2.6,35.6,1002.3,6
16.7,,2.5,64.3,1002.8,8.6
17.6,,3,55,1002.7,4.6
19.1,,2.3,39.6,1006.7,2.6
18.4,14,3,62.1,999.2,8
13.3,9.5,6.4,75.9,989.6,7.4
17.4,0,5.3,56.9,993.6,1.8
20.4,,3.3,63.8,996.7,4.8
19.1,,2.7,71,998.7,6.3
18,,3,41.3,1000.1,0.4
18.6,,2.2,40.4,1000.5,4.8
17.7,,3.2,53.9,994.9,8.4
14.8,1,3.6,88.9,996,9.4
16.3,,3.1,60,998.5,2
18.7,,3.7,50.1,1003.2,2.5
20,,2.9,45.3,1003.6,2.9
20.6,,2.5,38.5,1001,1.9
21,,2.4,37.3,998.5,0
20.8,,2.7,53.1,998.9,0
21.5,,2.7,48.9,1001.4,0.1
23.2,,2,32.9,1000,2
24.3,,2.2,27.1,998.7,2.8
23.8,,2.5,36.8,997.2,7.3
19.8,0.4,2.9,71,995.3,6.1
22.1,,2.2,52.8,998,3
21.7,,2.6,44.6,1000,5.6
23.1,,2.7,46.9,997.9,7.8
23.3,,3.8,33.3,997.4,2.6
24.2,,2.6,28.9,999.4,4.6
19.1,1,1.7,58.8,996.8,9.3
22.4,,2.3,50.4,1001.9,3.5
23.4,,2.3,46.8,1003.1,3.4
22.4,,2.3,54.9,997.5,7.9
22.2,,2.9,66.3,997.1,4.1
25.3,,2.2,54.3,997.5,2.6
24.6,7.5,2.8,59.6,991.9,7.3
23.6,0.5,3.8,63.1,993.3,5.8
24.7,0.5,3.2,61.9,994.9,7.1
22.8,15.5,2.7,70.3,997.5,5.3
24.2,,2.2,65.6,997.1,6.3
25,,2.4,65.9,995.1,4.6
23.4,9.5,2.6,72.8,994.5,5.4
24.8,3,2.7,59.4,995.9,7.1
24.5,,2.9,57.8,998.2,5.8
19.6,44.5,1.8,91,999.1,7.5
22.4,,2,69.1,999.9,0.9
24,,2.4,60.4,999.9,3.8
24.7,,2.3,64.1,1000.6,2.9
25.7,,2.5,58.3,998.6,6.1
24.8,2,2.1,65.1,993.4,8.9
21,12.5,3.3,75.8,988.4,9.6
25.2,,2.2,55.3,996.1,3.1
25.4,,2.6,61.8,999.3,3
25.7,0,2.8,61.8,996.8,6.8
24.4,2.5,1.7,70,988.7,9.1
23.7,0.5,3.8,66.3,985.8,4.4
23.7,,4,64.5,991.2,4.6
23.3,,3,62.6,995.4,2.1
24.1,,2.2,55.8,999.1,1.9
24.2,,2.3,57.4,1000.9,5.1
25.3,,2.2,54.3,1001.1,3.9
25.6,,2,52.1,1000.1,7.6
23.4,0.5,4,69.8,1001.6,9.4
26.5,,2.9,61.3,1004.2,6.8
29.2,,1.9,60.9,1002.9,5.6
30.4,0,2.1,60.3,999,7.5
24.8,29,4,94.1,986,10
23.1,10,5.2,90.8,983.3,9.5
26.1,,3.5,72.4,993.3,5
27.9,,2.9,58.8,996.4,3.3
24.7,,5,51.3,997.4,3.9
23.6,,3.6,49.8,996.5,6.1
24.3,0.5,2.2,63.5,999.2,9.9
25.1,5,1.8,77.4,1000.9,8.6
27.5,,2.4,71.4,998.9,8.5
27,11,1.6,81.6,996.7,9.5
27.7,1,1.8,76.9,996,8.5
26.9,16,2.1,81,996.7,9.5
24.7,26.5,2,96.9,994.8,10
25,80,3.2,95.1,995.7,10
26,40.5,2.6,85.5,998,8.4
26.2,1.5,2.3,86,998.2,8.4
27.7,0,2.7,74.4,997.9,7.3
26.7,4,2.6,82.9,996.4,8.4
28.6,,3.5,76.4,998,6.9
27.9,,2.7,74.3,999.1,6.6
28.2,,3.1,72.8,999.6,6.9
26.5,16.5,2.7,84.3,999.8,8.4
27.9,0,3.8,71.5,998.6,5.8
27.5,,4.5,73.3,996.7,8.5
28.6,0.1,3.7,67,998.1,6.6
29.3,,2,64.5,1001.9,3.1
28.9,11,1.4,71.3,1004.8,2.8
26.6,7.5,2.1,79.1,1003.5,6.5
26.7,,2.1,74.4,1001.1,6.6
27,,2.3,72.1,999.6,6.5
26.8,,2.1,73.6,997.5,6.4
27.3,,2,67.5,994.6,2
26.5,0,1.9,68.6,994.8,4.8
26.9,,2.4,66.4,995.8,3.9
27.1,0.1,1.9,70.4,998.1,4.3
25.8,29,2,74.9,997.6,8.3
26.6,,2.2,61.5,998.4,3.3
27.9,,2.5,59.9,1002.4,5.1
26.8,0,1.8,70.3,1003,8.6
25.4,0.4,1.7,75.5,999.2,9.6
25.2,2.5,2,78.3,994.7,7.1
25.5,0,2.5,69.8,995.4,6.9
26.3,,1.7,65.5,997,4.4
26.3,,3.8,60.6,997.3,6.8
21.7,5.5,3.2,76.4,992.7,9.9
21.9,0,2.9,68.4,995.6,8.5
24.7,0,3.1,61.1,996.9,1.9
23.2,0.3,1.7,69.4,998.3,5
24.4,,1.7,65.8,999,1.3
24.9,0,1.6,65.9,1000.7,1.3
25.9,,1.9,62.9,1001.7,3.8
25.9,,3.4,59.4,1000.4,7.4
23.9,0.5,2.1,72.8,1001.7,8.5
23.9,18,2.3,75.1,1001,4.1
24.8,,2.2,68.5,1001.9,5
21.9,5,2.1,79.8,999.1,9.4
22.2,,3.7,60.4,997.9,4.8
22.6,,2.4,52.9,1002.8,0.5
22.7,,3.2,43.6,1006.1,0
22.4,,2.9,42.9,1006.5,0.4
22.4,,2.4,62.3,1004,0.9
21,2.5,2.1,76.4,1000.2,9.3
19.2,,1.9,60.4,999.8,7.9
20.2,,2.6,54.1,1006.7,0.5
22.1,,1.6,61.1,1011.3,3.6
22.8,,2.2,48.5,1010.4,3.8
21.6,,2.5,45.5,1008,4.8
21.4,,3.1,46.4,1007.1,1.5
21.9,,2.4,52.1,1006.6,2.5
22.3,,2.4,58.3,1003.6,2.6
22.1,,2,69,1002.3,4.5
22.6,,1.5,62.1,1004.3,0.4
23.9,,1.8,48.4,1005.3,0.5
22,,1.7,57.9,1000.9,6.6
23.4,,1.9,56.4,997.6,3
23.4,,2.5,56.5,997.6,2.9
22.4,,1.8,54.5,1001.2,1.9
21.9,,1.9,39.4,1004.9,0
21.4,0,1.6,39.6,1009.4,5.8
22.1,,2.3,36.6,1013.5,3.4
21.3,,2.6,45.3,1010.9,8.9
16.3,35,3.6,77.5,993,8.3
16.5,,3.7,53.5,1003.5,2.8
19.2,,3.8,49.4,1008.2,4.5
16.6,,1.8,38.9,1015.9,6.3
18,,1.9,49.4,1013.3,0.1
18.7,,1.9,57.5,1010.8,0
19.6,,1.4,67.5,1007.4,4.8
20.1,,2.3,61.1,1001.8,3.9
16.2,,3.7,43.8,1000.7,0.8
12.8,3.5,2.2,70.9,999.7,8.6
10.8,3.5,2.4,72.6,1002.1,6.8
12.3,,2.7,56.5,1007.1,2.3
15,,2.5,66.4,1009.7,0.8
17.1,,1.6,64.6,1010.3,0.1
17.9,,1.8,62.1,1009.5,3.1
17.5,,1.8,71,1009.5,2.4
18.7,,1.7,64.8,1010.4,0
17.9,,1.3,65.1,1010,0.1
18.1,,2,67.4,1007.2,0.5
18.8,,1.6,69.5,1007,2.9
17.9,,1.6,72.5,1009,0
17.5,,2.2,64.8,1010.3,2.1
17.5,,2.4,69.1,1008.7,6.1
16.9,10.5,2.5,64.4,1008.3,4.4
16.3,,2.1,51,1013.4,0.9
15,2,2.4,66.8,1008.6,8.5
12.1,26.5,3.2,69.3,1001.4,4.6
9.9,,2.5,49,1009.3,0.3
8.4,0.5,2.4,50.4,1012.2,2
5.4,,2.6,41.8,1017.1,0.1
5.7,,2.1,42.5,1019.2,0
7,,1.6,48.4,1015.3,7.3
10.8,,1.6,60.5,1012.6,4.9
11.8,,1.4,67.6,1018.4,0
12.2,,1.6,62,1018.1,2
13.2,,1.7,63.9,1015.2,2.5
13.5,4.5,4.7,63.9,1015.4,7.1
10.5,24.5,6,91.5,1011.7,10
11.1,10.5,5.2,90.6,1006,10
10.8,3.5,2.1,87.6,1007.6,9.8
10,,1.8,80,1013.3,5.9
11.6,,1.6,72.4,1017.7,3.6
14.5,,2.8,63.5,1019.1,3.1
11.5,22.5,4,83.8,1011,9.8
12.8,3.5,1.4,97.3,1004.1,9.4
13.4,,1.8,84.5,1009.6,6.3
12.2,5.5,2.8,85.1,1006.7,9.3
13.9,,1.8,69.6,1007.9,4.6
10.4,5.5,5.1,70.6,1010.4,8.9
8.9,,2.6,72.8,1012.3,7.6
9.8,,1.5,72.6,1013.6,5.8
9.2,,1.8,55.9,1016.8,2.1
10.2,3.5,2.4,66.5,1017.3,8.1
8.5,6.5,3.3,80.9,1014.9,9.5
5.6,0.5,3.1,69.5,1015,8.3
2.4,11,2.7,86.8,1008.4,9.4
-2.7,0,3.7,63.8,1005.7,7
-2.8,,2.6,59.1,1014.6,4.4
0.1,0.1,2.1,70.8,1019.1,7.6
2.5,3,3.3,87.9,1015.7,9.8
4.1,,2,69.1,1013.7,2.5
4,,1.9,57.8,1014.4,1.5
6,13.5,3.2,71.4,1004.8,7.8
-0.7,7.1,4.1,79.3,1002.9,8.3
-0.4,,2.8,63.9,1011.2,3.4
3.4,,3.1,51.4,1014.4,6.3
1.3,,1.2,46.4,1018,5
1.9,,1.8,51.1,1019.7,1.9
2.9,,1.3,55.9,1021.9,0
5,,2.3,57.4,1019.1,5.3
7.8,0.3,2.3,74.8,1008.4,8.8
6.4,,3.4,56.5,1008,2
5.2,,2.6,50.1,1014.3,1.3
5.2,,1.4,50.5,1013.1,1.6
5,2.5,2.2,75.6,1010.2,9.8
4.7,0.1,2.8,69.8,1008,8
-1,,3.9,50.9,1008.7,2
-4.6,,2.7,43.4,1017,0
-3.3,0,2.2,61.9,1021.9,6.3
-0.1,,1.7,66.3,1024.3,0.5
1.5,,1.5,56.9,1018.7,7
2.2,2,2.5,76,1016,5.8
3.1,,2.4,67.9,1017.7,3.8
5.9,0.4,2.1,59.6,1011.6,4.5
1.5,,2.3,67.5,1010.3,4.5
-0.8,0,2,46.3,1010.5,2.3
0.9,0.7,2.4,73.3,1009.8,4.5
-5.7,,2.9,39,1019.6,0
-5.7,,2.3,38.4,1022.4,0
-3.2,,1.4,47.6,1022.4,3.8
0.3,2.5,2.5,67.6,1018.1,6.9
0.7,,1.5,81.3,1020.1,5
1.2,,1.6,73,1019.9,7
5.7,,2,76.9,1012,7.8
6.5,,1.8,80.6,1008.9,7.5
2,,3.1,54.4,1013.1,4.4
-2.7,,2.3,39.4,1016.9,3.4
-1.7,,1.8,54.3,1014.7,6
-3.4,,2.5,51.8,1013.9,0.3
-3.3,,2,49.8,1012.6,0.5
-2.1,,2.1,57.1,1014.3,4.1
0.3,,2.6,42.3,1015.5,2.6
-3.8,,2.8,38.3,1016.1,1.1
-5.2,,2.5,46,1013.3,0.5
-4.5,0.4,2,63,1009.5,5.5
-3.4,0,1.7,52.1,1011,4
-0.4,,1.8,52.3,1010.9,3.1
-0.2,0.1,2.9,68,1012.1,7.1
1.7,,2.4,64,1006.4,6.6
-6.3,0.2,4.8,59.8,1003.9,6
-12.8,,5.4,45.9,1011.7,0.5
-10.5,,1.8,43.6,1019.7,1.9
-7.1,,1.8,44.3,1017.9,3.9
-7.6,,2.6,40.5,1021.1,5.4
-11.5,0,4,42,1019.1,3.5
-14.4,,3.2,48.5,1014.9,0
-9.4,,1.9,47.1,1018,0.9
-3.3,0.3,2.3,64.5,1016.3,6.1
-1.1,,2,56.3,1019,2.4
-0.5,,1.6,51.5,1018.2,6.5
1.9,,2.3,43.6,1014.6,7.5
0.6,,2,59.5,1015.4,4.5
-3.9,,3.2,34,1018.4,3.1
-6,,3,36,1018.5,0.4
-5.3,,2.2,41.8,1017.6,0
-2.4,,1.9,49.6,1016.9,1.8
-0.7,,2.4,50.1,1014.9,2.9
-2.2,,2.5,39.4,1013.1,1.6
-3.1,,2.9,38.6,1012.6,0
-2.9,,2,46.5,1012,1
1.3,,3.1,62.1,1004.8,6.9
0.3,,3,52.5,1011.3,0.5
2.7,,1.6,38.5,1015.2,0
8.1,0.1,3.5,29.3,1013.7,6
8.4,18,3.2,95.3,1006.9,10
11,21,3.3,95,996.3,9.9
-2.6,2.5,4.6,73.1,1003.1,7.8
-5.8,0,4,48.4,1010.4,1.5
-2.7,0.8,2.7,65.6,1007.7,3.8
0,,2.3,53.9,1013.5,0.3
3.5,,3.2,66.4,1010.8,5.4
2.3,,1.7,56.4,1016.2,6.8
1.3,,2.9,37.1,1013.2,1.9
-0.6,,2.9,36.4,1019.2,3
1.1,0,1.9,36.6,1019.4,9.5
0.7,0.9,3.2,56,1019,4.3
-3,,2.9,42,1022.4,0.3
-0.2,,2.7,49.9,1021.7,2.4
2.2,0,2.2,41.3,1017.3,3
3.3,0.2,2,57.6,1013.7,6.6
0.7,4.1,2.1,65.5,1011.3,6.1
-3.8,0,4,48.6,1014.4,2.5
-2.7,,2.5,47.3,1017.2,1.5
3.1,,2.9,67.9,1014.1,6.4
8.1,,1.9,65.1,1013.2,5.6
13.2,0.1,2.7,55.3,1013.4,5.3
11.3,40,2.6,91.3,1007.9,9.8
7.9,0.2,2.8,51,1009,2.4
8.1,0,2,36.9,1007.6,8
2.7,,3.1,40.4,1012.3,8.5
0.3,,3.5,37.5,1013.2,4.4
-1.1,,3.2,37.8,1015.6,1.3
-0.5,,2.6,43.8,1014.7,0
2,,2.5,55.6,1014.1,5.4
3.7,0.1,1.6,68.1,1013.6,7.8
4.7,,2.6,57,1012,3.5
5.2,,2.2,43.4,1012.8,3.8
7.5,,2,45.1,1011.5,2.4
9.3,,1.4,40.9,1009.7,6.1
13.4,,2.4,50,1002,4.4
11.4,,2.5,58.3,1004.2,0
10.6,,2.2,54,1009.9,0.5
9.9,,2.2,54.1,1012.3,0.1
8,,2.5,58.1,1008.7,3.9
8.2,,2.9,49.6,1008.9,3.1
7.2,,2.4,36.5,1013.8,0.4
7.1,,2.2,43.9,1013,1
6.5,,2.2,54.5,1010.8,0.5
7.2,,2.6,55.6,1009.7,0
9.8,,2,47.8,1010.6,0.3
11.3,0.1,3.2,57.8,1007.6,7.4
11.5,,2.2,49.9,1009.3,2
13.5,,2.1,27,1006.2,4.5
15.3,,2,26,1005,3
15,,2.3,40.8,1007.9,2.4
10.7,2,1.7,75.1,1007.6,8
12.3,,2.2,42.6,1003.1,2.3
11.4,,2.5,45.1,1006.1,0.8
14.4,3,1.9,44.3,1005.2,6.8
14.1,7.5,3,69.5,998.7,3.9
11.1,,2.5,76.1,1005,3.8
10.7,,1.8,83.9,1003.8,8
13.4,,2.1,71.3,1002.8,5
12.5,,2.4,43.8,1008.4,0
14.1,,2.3,42.6,1004.5,6
15.6,1,1.7,67.5,996.4,5.1
12.4,,2.6,75.9,1002.4,2.3
15,,2.6,46.4,1008.5,0
14.9,23.5,2.9,58.9,996.6,7.5
10.8,20.5,4.7,66.8,993.8,6.1
11.2,1.5,3.1,65.4,1003.8,5.5
12,,2.2,55.1,1012.1,2.5
14.3,0.5,2.1,54,1008.3,8.9
13.5,17,2.8,87.6,996.2,9.4
13.5,0,2.6,83.4,999,7.6
13.5,,2.1,52.1,1003.4,6.3
15.5,,1.9,39.6,1005,2.3
17.2,,1.7,34.8,1007.4,0.8
21.1,,2,34.8,1004.1,5.9
17.2,,3.6,32,999.3,9.6
17.2,,2,34.4,997.3,6.4
16.2,0.3,2.5,47.6,1001.5,2.5
15.9,,2.8,45.3,1001.4,5.4
18.8,,2.2,40.5,1003.5,5.6
21.1,16.5,2.2,64.5,1001.1,7
12.9,27,4.9,86.1,984.5,10
15.7,,5.1,46.6,993.6,1.6
18.9,7.5,1.7,50.8,1002.5,4.5
16.3,9.5,2,89.3,996.8,9.3
16.5,,2.6,60.3,1004,2
19.4,,2.1,44.8,1005.8,5.4
20.2,0,2,43,1000.6,8.3
14.5,13.5,2.3,82.4,997,9.1
16.4,,2,60.9,999.4,2
17.8,,2.7,62.4,1002.9,3.3
18.6,0.5,2.1,57,1009.4,3.6
20.2,,2.3,47.1,1010.9,5.5
17.4,45,2.7,73.9,999.4,9
15.9,2.5,3.2,57,999.7,3
19.3,,1.9,48.8,1005.7,0
22.3,,1.9,40.3,1008,0.5
24.3,,1.6,36.4,1007.2,0
24,,1.8,32,1007.2,0.6
24.1,,2,23.8,1007.9,2.6
24.7,,1.9,35,1006,2.8
23.3,,2.1,43,1002.2,7.5
16.8,38.5,2.6,82.6,996.9,7
19.7,,2.7,67.9,999.8,6.9
19.4,0,1.8,72,1000.5,8.1
20.9,,1.7,61.3,1001.3,7.1
21.7,,2.1,56.1,997.9,2.9
21.5,,2.3,56.1,994.8,4.1
22.1,,2.4,57.3,996.9,0
21.6,,2.5,63.6,997.4,2.9
23.3,,2.1,45.8,997.4,2.4
23.2,,2.4,38.3,1000,0.6
22.2,,2.2,48.1,1000.9,4
21.2,,1.6,51.8,999.1,7.5
24.7,,1.7,47.3,1000.5,3.5
23.3,0,2.3,49.1,1002.4,7.4
21.7,0.1,1.7,69.5,1000.3,6.8
22.1,,2.3,65.9,999.7,5.1
24.1,,2,59.5,1000.9,1.4
24.6,,2.2,60.9,1001.6,2.1
23.5,3,1.7,74.3,1000.1,8.3
23.5,1.5,2.1,79.4,995.6,8.3
23.5,,2.4,70.5,992.2,5.1
23.8,0,2.1,62.5,992.9,6
20.9,15.5,2.7,81.8,990.5,9
20.9,0,2.8,73.5,990.3,6.9
23.8,,2.5,63.1,998,2.5
24.5,,1.8,58,1001.3,1.3
24.1,0,1.9,64.5,998.1,4.4
24.7,,1.7,66,996.7,6.8
26,,1.7,60.1,996.8,6.1
24.3,30.5,2,75.1,995.5,6.4
24.7,0.1,2.1,71,995.9,5
23.1,3.5,2,75.8,989.7,7.3
22.8,,2.8,63.1,993.1,4.5
24.4,,2.7,58.4,998.7,0.8
24.4,,1.6,55.5,999.8,6.6
24.7,,1.8,61.1,1000.5,5
25.3,,2.2,58,1000.3,6.9
24.6,0.2,2.8,78.1,999.8,9.5
24,108.5,2.3,86.5,994.5,9.9
23.5,4,2.4,81.4,994.9,8
23.5,,1.6,70.4,999.5,6.5
21.8,29.5,3,85.1,999.4,9.1
23.1,100.5,2.8,93.6,999.6,10
22.9,0,1.9,74,1003.9,6.8
24,0,1.3,71.6,1004.4,7.5
27.3,,1.8,66.5,999.9,0.1
27.7,,2,64.8,996.4,3.1
27.9,,1.8,64.4,994.7,7.3
28.4,0,1.7,67.4,994,8.1
26.3,3,2.1,65.5,992.3,7.3
26.3,0,2.1,69,991.4,7.6
27.5,0.1,2.1,66.9,991.7,5.8
26.2,1.5,2.6,60,994.2,9.3
20.8,46.5,3.5,92.8,990.1,10
21.7,2.5,2.6,82.9,996.9,10
24.4,0.2,1.5,75.1,1000.4,5.9
27.1,,1.5,65.5,1001.1,3.6
28.6,,1.9,62.5,1002.7,5.4
28.3,,2.2,61.3,1001,6.8
29.1,,2.2,64,999.6,6.5
28.7,0.5,1.9,70.4,998.9,8.8
28,0.5,2,77.9,1000.5,9.6
28.4,,1.9,75.3,1000.6,6.6
28.4,,2.6,69,997.6,6.8
27.6,0.5,3.2,76.4,994.6,9.4
28,0.2,2.8,70.6,996.1,6.3
26.3,59.5,1.6,82.3,999,9.6
28.6,0.5,2.1,73.5,1001.1,5.9
28.9,0.2,1.6,72.1,1001.5,5.4
28.4,,1.6,72,1000.4,6.3
27.2,2,1.2,72.5,999.3,7.6
29.1,,1.6,65.4,999.1,4.1
30.7,,1.6,59.6,999.6,1.1
31.2,,1.8,60.1,999.6,1.9
30.5,,1.7,64.8,998.1,1.9
30.6,,1.9,56,997.3,0.9
30.5,,1.8,63.1,997.5,2.5
29.3,1,1.9,68.3,998.4,3.8
29.4,,1.9,66.3,999.9,4.4
30.5,,2,64.1,999.9,0.3
30.4,,2,68.3,997.8,1.8
30.2,,2.4,67.9,996.2,3
28.9,0.2,1.9,74,994.8,5.3
29.1,0,1.9,65.5,992.1,6.1
29.3,0.5,1.6,64.9,991.6,4.5
29.9,,1.9,60.4,993.6,3.3
29.9,,1.6,61.9,995.6,7
28.9,11.5,1.4,69.5,996.6,7.5
30.1,,1.7,59,996.4,6.9
30.7,0,2.1,57.5,996.3,4.4
30.7,0.4,2.1,58,996.1,3.6
28.3,8,2.1,68.8,996.4,5.1
29.1,0,1.8,59.1,996.9,5.4
27.1,4.5,1.9,70.4,995.4,7.4
23,20,3.6,57,999.1,4.3
23.4,0,3.1,43.3,999.5,4.9
21,1.5,2.6,62.5,995.8,8.3
22.2,,2,54.5,992.1,5.1
20.6,0,3.3,60.4,982.4,6.1
17.7,17.5,3.8,85.3,981,8.4
23.2,,3.1,71.3,990.5,2.9
24.2,4.5,2.7,68.5,996.8,6.5
23.9,0.5,1.8,73.8,998.8,6.1
25.6,,1.5,71.3,1001,7.3
26.4,,1.7,66.1,999.7,5.4
24.7,,1.8,69,999,4.4
24.3,,1.8,69.8,996.3,6.9
23,4.5,1.3,76.4,996.9,8.1
23.9,,1.8,71.1,999.8,4.4
24.4,,1.6,65.4,1002.2,6.3
24.5,,1.7,66.3,1004.6,7.1
23.4,2.5,1.9,68.9,1006.4,4.5
24.6,,1.8,62.5,1007.8,3.8
24.6,,1.8,66.1,1007.4,5
23.9,,1.3,68.1,1006.4,7.6
24.6,,1.5,64.9,1004.6,9.3
23.1,7,2.9,64.8,1001.5,4.9
23.5,,3.1,53.4,1001.7,5.4
21.9,,3.5,53.3,1003.1,1.4
20.6,,3.1,41.1,1007,1.1
20.2,,2,43.4,1011,5.6
21.9,,1.8,46.3,1008.2,3.9
21.4,,1.6,57.9,1007,2.6
22.3,,1.6,60.6,1006.2,3.3
23,,1.2,57.6,1006.7,6.8
23.6,,1.8,59.1,1006.1,5.4
21,13.5,1.3,82.5,1006.3,9.6
19.9,0.5,1.3,84.6,1005.2,10
20.4,,3,64.4,1006.2,8.4
20.5,,1.6,66.9,1005.3,8.8
21.1,,1.2,69,1007.7,7.8
19,18.5,2.7,84.1,1003.7,9.8
22.7,6.5,2.7,73.3,999.9,4
22,,2.4,58.9,1004.9,0.9
21.1,,3,61.9,1001,3.4
18,,2.6,59.3,1010.9,2.8
19.7,2,2.6,67.8,1009.4,8.8
16.8,6,2.9,66.4,1002.5,5.5
11.3,,2.9,46.3,1009.8,3.3
14,,1.6,43.3,1010.7,4.4
15.4,,1.8,62.4,1010.1,6
15.5,,2,57,1012,3.3
15.2,,1.4,44.1,1013,3.8
16.7,,1.3,61.8,1015,0
19.1,,1.3,60.6,1014.9,4.1
17.2,1.5,1.5,74.1,1009.2,9.4
17.5,,1.4,76.1,1007.9,6.1
17,,1.4,70.9,1009.8,3
18,,1.5,67.6,1008,1.3
18.6,,1.8,61.3,1009,1.6
17.9,,3,58.6,1009.7,9.4
18.3,,1.8,59,1004.4,6.8
13.3,2.5,4,66.3,1006.9,9.4
15.1,,2.4,54.8,1007.3,5.6
14.1,37,2.2,84,1001.3,7.6
13.3,0,1.4,81,1010,5.4
14.6,,1.9,65.4,1012.7,6.5
14.6,0.3,2.5,61.8,1007.2,8.8
7.8,,3,40.3,1015.6,6.6
7.9,,1.5,31.9,1019,0.9
5.7,0.5,2,59.9,1016.5,7.4
1.5,,2.7,43.6,1020.2,0
4.1,0.1,1.4,53.1,1016.7,4.4
9.1,0.2,1.6,62.8,1011.4,4.9
12.3,0,2.7,67,1005.6,8.3
15,0,2.2,77.4,1003.5,7.3
14,,3.4,59.4,1013.2,7.5
12.8,5.5,2.8,71.3,1012.3,9
4.1,0.5,3.5,58,1014.8,2.4
2.1,,1.9,41.1,1018.8,1.4
6,0.4,2,55.5,1010.4,9.5
9.1,4,2.2,63.3,1008.3,2
11.4,,2.3,62.1,1011.7,3.3
14.4,0.5,1.7,74.8,1010.9,7.3
13.2,1.5,1.7,78.5,1006.1,7.9
5.2,,2.8,44.3,1011.3,0
5.2,,1.4,44.3,1013.5,1.1
9.1,,1.2,56.4,1014,2
10.3,0,1.9,58.4,1008.4,5.6
13,0,2.2,71.1,1003.9,8.9
9.8,,2.5,48.6,1011.2,1.6
9.5,,2.2,40.5,1008.5,7.8
2,0.2,3.9,43.3,1012.8,8.4
-1.8,,3,37.5,1016.7,3.4
-2.5,,2.1,37.8,1017,0
1,,1.5,43.9,1017.3,4.3
0.9,2.8,2.3,69.6,1013.4,7.5
3.3,0,1.5,81.3,1011.3,7.5
1.4,,2.5,57.9,1017.6,0
1.7,,1.6,40.8,1022.5,0.1
6,1,2,59.8,1015.6,8.9
4.1,,3.6,47.6,1016.3,1.3
1.6,,1.8,48.4,1020.7,0
4.5,,1.4,58.8,1016.2,5.5
5.5,,1.2,60.1,1008.1,8.8
5.9,1.5,3,69.1,1007.5,7.9
-1.1,,2.5,38.5,1015.7,0
1.7,0,2.3,58.3,1010.9,3.9
2.1,3,1.7,70,1007.5,6.1
1.4,3,2.8,65.8,1009.8,3.9
-1.6,,1.9,47.6,1016.5,0.1
-1.1,,1.2,42.6,1017.8,0.4
2.3,,1.9,37.9,1013.6,8
3.4,,2,53.6,1008.9,4.6
-1.4,0.1,2.7,68.1,1009.8,7.3
-5,,3,41.8,1013.4,0
-4.7,,2.2,40.3,1017.2,2
2.7,0,1.8,60.1,1018,6.6
4.9,,1.9,68.8,1018.4,8.5
7.2,0.1,2.5,66,1013.8,6.9
7.6,,1.2,71.3,1016.5,2.4
7.9,29,3.5,75.5,1011.1,8.1
5.5,23.5,3.5,90.3,998.8,9.8
-2.5,0.1,3.6,71.1,1009.9,8.9
-2.4,,1.8,66,1019.9,5.5
1,,1.7,69.5,1019.3,4.8
2.5,0,1.4,73.8,1010.9,8.6
-2.3,0.5,3.5,54.6,1012.5,2.8
-3.7,,1.8,49,1019.1,1.9
-4.2,0.3,2.8,53.1,1019.8,1.5
-3.9,,1.3,50.9,1021.9,3
0.7,0,1.5,65.4,1019,6.6
2.7,,1.5,75.9,1017.1,7
5,0.3,2.1,77.8,1011.8,7.6
2,,1.8,61.8,1013.4,1.1
3.9,,1.7,55,1013.2,2.6
3.8,,3.1,52.3,1016.6,8.4
5.4,,2.4,58.5,1015.9,4.1
4.6,,1.4,64.9,1010.9,3
6.5,0,2.6,61.4,1003.9,8.1
1.5,0,3.3,60.8,1006.7,4.3
-3.7,,3.2,45.1,1013.2,0.8
-3.8,,2.1,36.4,1014.3,1.9
-2.2,0,3.1,43.1,1007.6,2.1
-6,0.6,2.9,47.4,1006.9,1.8
-8.4,,3.8,33.3,1014.8,0
-6.6,,2.3,35.3,1017.2,0
-3.8,,1.4,37.6,1018.6,0.1
-2,,1.5,46.6,1020.6,4.4
-0.5,0,1.3,68.9,1019.5,4
-1.2,,1.6,55.4,1012.8,6.3
-4.4,4,3,70.3,1011.5,4.8
-5.2,2.1,1.6,78.1,1015.4,5.3
-8.3,0,3.8,51.3,1016.7,0
-8.9,,2.2,48.4,1020.4,0
-7,,2,49.6,1023.4,0
-5.2,,1.5,50.6,1023.4,0
-1.3,0.3,2.2,64.4,1015.8,6.9
-2.6,3,3.4,47.3,1016.5,1.6
-1.6,,1.7,38,1016,6.6
0.8,4.5,1.8,71.1,1008.3,9.6
-4.8,0.1,3.3,61.4,1014.4,2.9
-5.4,,1.7,44.8,1018.2,3.1
-4,,2.5,44.5,1018.2,1.4
-2.7,,2.7,52.9,1019.4,1.3
1.5,,1.5,65.4,1016,2.3
0.9,,1.6,69.4,1010.3,7
1.2,0.5,2.1,75.3,1003,7.3
-1.7,,3,51,1011.5,0
-2,,1.5,45.4,1014.4,5.3
-2.2,,2,50.1,1008.4,6.8
-5.3,,3.8,47,1005.1,1.5
-6.6,,4.1,44.3,1007.5,0.9
-4.8,,2.8,45.4,1013.5,0.3
-2.2,,2.1,51.3,1017.8,0
0.1,,1.6,59.6,1019.5,4.3
0.3,,2.5,46,1021.8,0
1.8,,1.4,52.1,1018.9,0
5.5,0,2,63.9,1009,5.8
0.8,4,3.9,56.9,1010.8,3.1
-2.6,,2.8,49.4,1014.9,0.6
2.3,1,1.9,68,1004.8,7
-1.5,0.5,4.2,53.8,1007.1,2.5
-0.6,,1.6,37.1,1018.4,4.5
1.7,5.1,2.7,70.8,1005.6,9.9
-1.5,,3.8,56.4,1008.4,1.1
-0.8,,2.2,51.3,1013.4,2.1
2.6,,2.3,63.6,1011.1,1.8
3.6,,2.1,52.8,1014,0.1
3.7,,1.8,37.4,1016.4,0
5.6,,2,41.5,1013.9,2.1
5,5,1.8,65,1006,9.8
1.8,0.5,3.1,59.5,1005.2,4.1
3.3,,2.1,54.4,1009.6,1.3
5.7,,1.6,60,1008.4,0.1
5.2,0.5,2.1,71.6,1005.6,6.1
0.1,,4,41.3,1006,0.5
-1.3,0,3.9,37.5,1006,1
-0.1,0,3.1,50.6,1003.9,2.8
3.2,,3.1,47.3,1002.1,0.8
4.8,,2.2,37.4,1008.7,0.1
7.3,,1.8,37.4,1012.4,3
8.2,0,2,58.4,1010.2,9
6.9,,2.5,49.8,1007.9,3.4
5.8,,3.2,37.5,1008.2,0.5
6.3,,2.1,34.9,1012.3,0.1
6.2,,1.9,41.8,1011.1,3
7.7,,2,43.1,1012.9,1.9
9.5,,2.3,34.1,1013.8,3.5
10.9,,1.6,36,1014.9,0.3
10.2,,1.8,40.4,1008.5,8.3
7.4,,3.1,48.1,1005.8,2
7.6,,2.5,32.8,1010.2,4.8
9.1,,2.2,34,1009.8,4.6
8.7,,2.1,41.4,1010.4,6.8
8.1,,2.1,41.1,1008.8,6
7.3,,2.2,53.1,1007.8,7.1
6.1,0.4,2.5,67.4,1009.3,6
7.1,,1.9,59.8,1012.5,6.4
8.8,,2.3,54.9,1012,4.3
10.6,,1.9,50,1010.9,4.9
8.6,1.5,2.4,70.6,1007.8,8.3
9,1,2.1,60.5,1005.5,4.8
9,,2.1,53.1,1008.1,0.9
11.4,,2.1,45.6,1012.1,0
14.1,,2,35.3,1013.1,4
12,37.5,2.4,66,1006.2,9.9
10.4,3,2.4,90,1001.9,9.6
14.5,,2.1,68.1,1003.6,6.8
13,0.5,2.5,74.5,1002.2,8.3
14.8,0.5,2.8,59.6,1003.8,8
16.5,,2.8,25.8,1001.5,5.5
15.3,,3.2,36.8,995.9,5.3
11.5,,3.7,21.8,1004.5,1.9
12.7,0,2.5,54,1005.9,3
13,6,3.5,57.9,1001.6,6.9
16.8,,2.2,59.4,1003.5,3.3
18.7,,1.4,52.9,1004.1,8.1
14.7,5.5,2.2,66.5,992.1,8.3
11.7,7.5,2.5,76.5,988.8,5.3
12.6,,2.9,43.1,999.9,2
12.9,0.1,2.3,45.4,1002.2,7.4
13.1,,2,56.5,1000.9,3.1
14.8,,2.1,48.4,1002.8,0.5
14.9,,2.4,40,1006.8,0.1
15.1,,2.7,39.4,1008.5,4.8
16,,2.7,56.8,1008.1,7.9
15.1,,3.3,36,1005.6,2
13.6,,3.3,41.8,1001.4,0.4
14.4,,3,57.3,995,3.3
17.1,,2.7,44.3,996.5,0
19.3,,2.6,57.9,997.3,0
20.1,,1.9,50.8,1005.9,0
20.7,,2.1,42,1011.1,3.1
21.5,,2,34.1,1010.5,0
21,,2,43.6,1006,7.4
20.9,,3.2,53.4,1003.4,5.1
14.9,,3.8,32,1005,0.9
16.6,,3.2,42.6,1003.5,0.5
17.9,,2.1,43.6,1003.6,7.3
17.1,2.5,1.6,62.6,1000.5,9.4
16.4,2.5,2.5,73,999.6,6.9
19.3,0,1.8,65.3,1001.1,7.6
19.1,,2.1,71.6,998.7,8
16.4,6,3.1,77.8,995.6,6.8
15.7,,3.7,58.3,999.2,0.6
16,0,2.8,61.4,1001.5,5.5
17.1,,2,60.5,1000.6,6.4
18.6,,2.1,51.5,1001.1,0.6
20.4,,2.3,41.9,1005.5,1.5
21.1,,2.6,42.6,1006.7,0
20.9,,2.4,44,1005.7,5.1
21.5,,2.3,48.1,1004.9,2.8
21.8,,2,53.6,1003.8,2.8
20,5,1.9,68,1000.6,9.1
21.8,0.1,2,60.4,998,2.9
19.2,,3.4,45.6,994.9,0.9
17.7,,2.9,41.5,997.7,1.9
19.5,,2.2,46.1,1001.7,0.1
21.2,,2.7,50.6,1001.4,1
22.9,,2.3,61.8,1001.7,4.6
23.6,,2.4,43.5,999.4,6
23.3,,1.9,49.1,992.9,5.4
23.3,,3.1,51.8,989.2,4.3
20.5,0,2.8,37.4,994,3.1
20.5,,3,44,997.5,1.9
21.7,,2.6,36.9,1001.4,1.8
24.2,0,1.9,33.3,1004.5,4.9
19.4,15.5,2.5,60,1002.6,9.8
17.6,12.5,2.4,91.4,994.7,8.8
20.1,,2.8,67.3,999.7,3.9
21.2,0.1,3.3,69.8,996.8,6.9
21.5,4.5,2.3,46.8,996.9,6.9
22.8,,2.2,33.8,998.3,1
22.1,,2.8,45.5,1004.1,4.9
21.5,0,2.4,63,1004.1,7
21.8,,2.8,63,1000.8,1.6
23.1,,2.5,62.4,998.1,1.5
25.5,,2.2,55.8,999.3,1.3
24.2,,2.4,52.3,1000.5,0
24.3,,2.3,52,1000.2,0.8
24.8,,1.8,50.9,999.4,5.6
26,0,2.1,43.4,995,6.6
25.4,0,2.9,52.6,995.6,3
25.3,,2.5,57.3,998.7,3.9
26.7,,2,53,996.2,4.1
24.5,3.5,1.2,60.4,993.3,9.5
23.8,1.5,1.5,75.4,992.6,7.1
23.1,29,2.2,76.9,997.3,8.8
25.2,0,2.2,67.5,999.7,6.4
26,,2.1,63.5,1001.9,6.1
26.2,,2.2,64.8,1001.1,3.8
25.9,,2.2,65.9,998.2,4.9
25.3,0.5,2,73.6,997.4,9.4
24.3,92,2.5,90.5,996.8,10
24.7,67.5,3.5,87.6,995.7,9.9
26.7,0.5,2,74.5,996,6.5
27.4,,1.5,66.9,1000,4.8
27.6,34,1.7,72.3,1000.1,7.1
26.4,16.5,2,80.8,997.7,9.5
26,4.5,2.6,83.3,996.5,9.9
26.3,32.5,1,88,996.3,9.6
24,144.5,2.3,96.5,991.1,10
26,1,2.1,81.4,997.2,8.8
27.1,0,2.3,75.9,1000.2,6.1
27.6,,1.5,71,998,2.6
28.7,0,2.1,68.4,998,7
25,42.5,2.2,89,999.5,10
26.2,22.5,1.4,83.4,1001.8,9.4
26.8,7.5,2,77.3,1001.9,9.1
26.5,2.5,1.6,80.6,999.5,7.4
28.3,,1.8,71.4,997.1,5.9
29.9,,2.2,66.1,996.6,2.4
29.8,,2.5,73.1,998.2,8.6
29.3,0.5,2.3,75.8,999.1,9.5
27,133.5,2.1,89.5,994.9,9.8
26.2,3,1.2,82.3,992.9,9.4
29.4,,1.9,64.1,993.9,4.3
28.7,,2.7,55.6,997.6,3.5
27.1,3.5,1.9,62.5,998.2,9.4
25.5,8.5,1.5,92.1,998,9.6
27.2,0,2.3,72.3,997.6,7.5
27.9,,1.9,64.4,997.2,7.9
25.7,3.5,1.4,82.3,998.9,9.6
28.6,2,1.7,73,1000.1,7
30,,1.3,71.9,997.4,5.1
30.2,,2.2,60.6,995.2,5.6
30.3,,2.1,60.1,995.5,6.3
31.4,0,1.9,63,993.4,4.1
29.8,5,1.9,71.9,990.9,6.9
29.2,,2.4,68.1,989.7,3.3
28.2,,1.9,67.1,989.8,8
27.6,2.5,2.3,66.4,988.1,9.1
24.8,5.5,2,89.9,991,9.9
27,0.5,2.3,72.5,996.4,5.9
27.8,,2.1,60.3,1000.6,5.6
26.3,0,2.8,62.1,1000.4,8.9
24.6,1.5,3.6,67.5,996.2,9.6
21.9,93.5,3.6,93.8,993.2,10
23.3,2,3.7,80.5,995.5,9.6
24.8,0.5,2.1,77.1,998,8.1
26.3,0,1.3,75.6,1001,8.3
26.1,0,2,75.8,1001.9,8.1
23.2,124.5,2.9,95.6,998.6,10
25.8,5,2.4,81.5,997.1,7.6
27.3,,1.9,70.6,1001.9,4.4
27.2,31.5,2.6,84.1,1001.3,9.4
26.5,14,4,85.3,996,7.9
25.3,,1.7,61.9,998.6,6
24.2,,2,54.5,1003.8,1.9
22.7,0,1.4,62,1005,8.3
21.5,9,1.5,73.1,1001.5,9.1
19.5,,3.2,51.4,1004.3,6.5
19.8,,1.5,55.8,1003.9,7.1
22.2,,1.6,62.4,1002.2,0.9
23.3,,2.2,56,1002.6,0.4
23.8,,1.8,59,1002.6,2.9
23.7,,1.6,64,1004.8,3
24.6,,1.6,53.8,1005.2,6.1
21.9,0,1.7,62.4,1001.8,8.8
20.6,2,1.2,75.5,998.6,9.6
22.4,,1.4,73.3,997.9,5.6
24.3,,1.7,67.5,1001.4,3.8
23.8,,1.4,70.1,1003.2,2.8
23,0.5,1.4,74.3,1003.4,9.3
21.2,24,1.7,79.8,997.7,7.6
22.1,,1.9,58.6,1003.6,0.6
21.4,,1.9,49.3,1008.4,0
22.4,,1.7,48.8,1009.3,1.5
22.6,,3.6,48.4,1009,3.9
22,,3.6,50.9,1004.5,3.1
23.1,,2.7,51.3,997.6,3.5
21.9,,2.1,62.8,998.3,1.8
22.6,8,3,79.1,998.8,7.9
19.5,,2.4,48.9,1002.4,0.8
20.3,,1.6,57.3,1004,0.5
20.6,,2.1,60.8,1003,3.5
21.8,0,1.6,69.8,1005.4,6.6
22.4,0,2,71.5,1005.1,6.9
23.4,,1.4,58,1004.8,2.5
25.1,0,1.9,57,1002.2,4.9
22.7,0.5,1.7,66.4,997.7,8.8
19.2,,2.8,49.1,1000.5,2.5
17.4,,2.2,39.3,1007.5,3.1
20,,1.5,64.9,1011.1,3.5
18.2,4,2.3,74.8,1006.8,8.9
22,1.5,2.3,62.3,1001.3,2.6
17.6,,2.3,49.8,1008.2,5.8
16.7,,1.8,48.5,1013.1,6.6
18.7,,2.1,56.4,1013.1,8
18.9,0.5,2.3,66.4,1008.9,8.5
21.9,0,1.2,67.6,1009.7,7.5
23,,1.4,66.9,1012,4.8
22.5,0,1.5,66,1011.4,6.5
21.4,0.4,1.3,76.9,1008.2,9.3
15.5,20,2.9,77.1,1008.1,9.3
11.4,,2,71,1010.4,7.1
12.8,,3.2,51,1012.1,3.4
14.4,,,42.8,1015.5,4.9
15.8,,1.7,42.5,1017.1,5.4
16.6,,1.7,47.6,1016.4,7.9
16.2,,1.3,47.1,1014.1,0.4
16.5,0.1,2.4,58.8,1012.9,9.3
17,,1.8,58.3,1009.2,3.8
17,,1.5,58.6,1008.8,0.1
17.6,,1.3,52.8,1007.6,0
16.3,,3.1,50.4,1004,1.8
13.7,,1.4,47,1007.8,0
14.4,,1.9,54.3,1013.6,3
14.4,,1.5,59,1014.5,2.9
14.5,,1.2,56.5,1011.3,8.6
16.9,,1.2,54.4,1009.6,1.9
17.2,,2,51.9,1009.8,0.1
11.5,,3.3,45.6,1007.1,0
7.7,,2.4,27.4,1015.1,0
10.4,,1.8,54.3,1014.6,1.8
14.4,,2.1,72.4,1010.4,8.5
15.5,1,1.6,78.8,1007.9,8.8
12.3,1.5,3.2,66,1009.3,5.6
7.8,,2.5,47.9,1018.1,2.4
8.4,,1.5,52.5,1018.3,3.3
11.4,,1.5,64.5,1014.2,5.5
14.4,0,1.5,61.4,1010.4,9.1
13.1,0,3,53.3,1009.8,3.9
9.4,,1.2,39.6,1013.5,0
9.8,7.5,3,56.3,1005.8,4.4
5.9,,2.2,42.9,1011.1,0
5.3,,1.4,57.1,1011.3,1.5
8.4,4.5,1.9,64.4,1006.7,7.9
7.5,,2.4,42.5,1008.5,1.9
3.2,,2.8,38.3,1011.3,4.1
1,,1.5,30.3,1014.6,0
3,0,2.2,39.4,1009.2,8.5
-2.1,,3.4,38.5,1013,0
-1.6,,2.2,37.8,1016.4,2.8
-0.4,0,1.4,55.3,1016,3.5
1.3,,1.4,55.6,1015.7,1.1
4.3,0.5,2.4,54.8,1007.8,5.1
0.9,1.2,2.1,49.3,1009.8,4.8
-0.4,0,1.8,62.5,1013.9,3.3
3,24,1.8,77.6,1012.6,7.5
3.3,,1.8,71.6,1014.4,4.3
2.5,,1.3,53,1016.1,0.9
6.4,0.5,1.1,64.1,1011.9,8.4
3.2,0,2.8,48.3,1015.3,5.4
-2.4,,3.3,26.8,1018,2
-2.2,0,1.6,49.4,1019.9,2.3
1.9,,1.7,59.9,1017.3,3.8
4.9,4,1.5,83.1,1012.5,9
-1.2,0.1,3.4,48.1,1012.2,1.4
-4.2,0.1,,40.1,1012,1.6
0.2,1.2,,72.6,1011.7,7
0.7,,1.7,64.5,1012,3.5
-3.8,,1.8,41.3,1013.2,2.1
-0.5,,1,46.1,1009.6,2.8
1.1,4.1,2,67.9,1004,7
-7,,3.5,40.5,1012.9,0.3
-9.4,,2.1,41.9,1019.3,0
-8.7,,1.7,42,1021.4,0
-6.6,,0.9,42.9,1020.9,5.9
-3,0,1,52.6,1016,7.3
-5.7,,3,43.1,1016.7,0
-6.7,,1.9,38.1,1019.7,1.1
-1.6,3.4,1.2,80,1015.9,6.8
-3.9,,2.1,49.4,1020.7,1
-3.9,0.2,1.1,68,1020,7.1
-0.9,,1.2,71.4,1020.3,0.4
3.4,,1.1,66.6,1015.3,8.4
6.1,,1.1,75.8,1012,8
2.9,20,1.9,82,1003.2,6.6
-2.1,,2.8,43.1,1012.2,2.1
-3.8,,2.9,41.8,1014.7,0.3
-6.9,,1.9,31.4,1019.3,0
-2.1,0,1.3,47,1019,8.5
2.1,0,1.1,67,1016.1,4.6
1.4,0.7,0.9,79.5,1013.9,9.3
-0.3,1,2.3,54.4,1012.8,1.9
-1.3,,1.4,39.1,1016.8,1
-1.8,,1.8,42,1018.1,2.3
-4.7,,2.2,42.3,1019.9,3.6
-4.7,,1.4,43,1016.5,6.5
-3,,1.7,48.4,1010.3,3.6
-2.8,,1.5,45.8,1012.9,0
-0.8,,0.8,42.1,1010.7,7.5
1.3,0.9,1.8,51.9,1000.6,9
-4.2,0.5,2.9,59.4,1002.8,3.5
-7.5,0.3,3,52,1007.9,0.9
-11.1,,2.8,49.8,1015.9,0.4
-10.2,0,1.7,35.4,1020.6,2.3
-4.4,0.4,0.8,67.3,1021.1,8.3
0.6,,1.2,64.1,1017.9,7
4.7,0.2,1.4,63.9,1012.8,7.6
3.5,0,0.7,59.1,1007.6,9.8
4.5,,1.2,64.1,1007.2,7.4
2.1,0,1.9,59.6,1012.9,8.6
1,,1.6,43,1013.5,3.8
2.2,,1.6,57.6,1012,5.1
0.4,,1,36.6,1012.7,2
0.2,3.3,1.5,56.5,1005.2,9.4
-11.7,,3.7,42,1013.4,0.3
-14.2,,3.4,31.6,1018.3,0
-14,,2.8,32.6,1019.1,3.6
-14.8,,2.6,34.9,1018.9,0
-9.9,,1.4,37.4,1017.8,1.8
-6.3,,2.6,36,1011.6,3.3
-8.5,,2.7,35,1013,0.1
-5.3,2.9,1.3,62,1014.7,5.8
-2.6,0,1.6,54.5,1016.6,7.4
-4,,1.6,44.1,1018.3,0
-2.4,,1.6,51.1,1017.5,1.9
-7.3,0.5,3.8,47,1017.2,1.3
-9.5,,3.1,40.9,1017.3,0
-9.4,,3,37.8,1015.1,0.1
-10.1,,3.1,36.5,1014.4,1.1
-8,,1.5,39.8,1015.4,1
-4.4,,1.2,43.3,1014,0.3
0.4,,1.1,43.9,1011.8,9.1
-0.5,,3,47.4,1010.9,6.5
-6.1,0,2.7,42.5,1011.3,3.5
-5.8,0,2.7,40.8,1011,4.1
-0.8,,2.7,54.5,1011,3.1
3.5,,2.6,51,1006.3,7.4
-0.7,,2.5,28,1011.5,3.8
-1.1,,2.1,40.1,1008.1,3.3
-3,,2.9,25.6,1014.1,1.9
-0.4,,1.3,26.9,1015.5,7.4
1.8,,1.5,48.6,1013.3,6.1
0.9,,2.5,41,1012.8,5
-0.9,,2.3,31.5,1013.4,1.6
1.3,0.4,2.2,59,1010.6,5.8
4.2,3.7,1.9,81.1,1010.1,7
2.4,,2.1,49.4,1016.8,6.1
1.9,,1.7,40.6,1014.6,2.4
3.1,,1.4,43.1,1013.9,1.3
4.2,,0.9,48.8,1012.5,8.5
4.6,25,2,73.3,1000.1,10
-0.2,0.5,3.8,61.9,1001.1,4.4
-0.7,,1.5,34,1007.5,2.4
7.9,0,1.5,38.1,1003.7,4.1
9.8,11.5,1.2,89.1,1003,10
5.5,3.5,2,67.5,1007.9,5.4
4.5,,1.6,46.8,1018.8,2.1
6.4,0.5,1.8,54,1016.7,8.6
4.6,4,1.9,76,1009.3,8.1
4.5,,1.5,63.3,1012.6,5.9
4.6,,2,65.8,1013.4,4.6
6.4,,2,51.3,1014.7,2.8
8,,1.4,45.8,1011.8,3.3
12.4,,1.8,60.5,1008.3,5.9
17,,2.3,58.8,1008.5,6
12.4,27,2.1,92.1,1003.3,9.8
7.1,,1.9,46.9,1014.1,1.4
6.6,,1.5,48,1016.6,4.4
8.2,0.5,1.2,55.9,1010.7,9.8
8,1,2.5,64.5,1006.2,9.5
4.7,,3.4,39.9,1013,6.9
2.1,1,1.7,64.1,1007.5,9.9
4.9,,2.2,61.5,1004.4,1.5
6.1,,2,55.3,1009.1,4.6
7.6,,2.1,61.9,1011.8,6.3
9.6,,1.7,65.6,1014,3.4
11,,1.9,64.5,1011.3,3.6
13.3,,1.6,61.1,1007.3,2.6
14,,2.2,66.4,1006.6,4.3
15.4,,1.6,66.3,1009.6,4.9
14.8,,1.7,55.6,1012.7,0.5
14,,1.9,52.9,1009.9,4.4
15.6,,1.5,68.8,1006.3,9.1
18.4,,1.9,64,1005.4,6.1
17.8,0.1,2.1,72.9,1006.4,9.1
13.4,18.5,1.9,67,1007.4,6.1
7.6,10.5,2,90.6,1005.7,9.9
5.8,6.5,3.1,71.6,1001,8.9
4.2,0.2,4.1,45.5,1003.4,5.1
3.9,3,1.8,59.6,1004.7,6.1
7.9,,1.1,57.9,1007.5,2.6
15.1,5,3.5,51,1000,6.3
12.6,,3,49.4,1000.8,2.6
13.3,,2.6,30.5,1007.7,1.3
14.6,,1.3,22.9,1011.8,8.9
9,9,1.8,78.8,999.5,8.9
9.5,,2.4,65.5,1002.3,3.1
11.6,,1.6,41.9,1009.3,1
12.9,,1.9,37.9,1009.5,0.9
12.4,,1.9,35.4,1007.4,0.4
14,,1.9,38.8,1007.8,0
18.4,,1.3,46,1009.3,0.5
18.7,,1.9,32,1008.1,3.4
15.5,15.5,1.1,57.4,1007.9,9.5
9.3,59,2.2,93.9,1005,10
12.1,3,1.4,63.3,1001.6,8
14.6,,1.5,37.8,1003.2,0.8
14.9,,2.1,51.9,1003.7,3.9
15.7,,1.7,52.9,1004.2,0.1
15.4,,2,49,1006.2,0
16.2,,1.9,43.1,1003.4,2.4
19.2,,1.6,61.6,1004.4,5.5
20.4,0,1.5,72.8,1003.5,8.5
15.1,12,1.9,90.4,994.9,9.9
11.2,1,2.7,62.4,997.4,3.6
14.1,,2.7,45.5,1001.5,1.4
18.3,,2.6,46.8,1004.7,6
16.6,22,1.1,86.4,997.7,9.3
19.2,,1.2,60.3,996.5,6
17.5,,1.7,50.9,1003.9,3
15.7,,1.7,50.4,1010.6,0.1
15.4,,2.3,67.4,1012.1,3.1
16.1,,1.8,59.8,1008.2,9.5
14.2,32,0.9,89.3,999.8,10
15.8,0.5,1.9,82.5,998.3,5.3
18.2,,1.4,71.4,1001.3,6.6
23.2,0,1.1,56.4,1000,8.5
22.3,45,1.9,93.8,995.1,10
20.9,83,1.4,97,994,10
16.3,6.5,1.3,86.8,996.2,8.3
17.6,,1.5,47.5,1005.9,0
17,,1.4,32.1,1009.2,4.6
17.8,,1.4,43.9,1007.9,3.9
18.1,12.5,1.1,75.5,1002,9
17.3,6.5,2.5,57.1,998.4,1.4
18.3,,2.2,47.4,999.5,0.5
19.7,,1.8,47.4,998.5,3.4
21.8,,1.4,50.1,998.8,1
20.3,,1.7,47.4,1000.4,7.3
22.3,,1.6,49.8,999.9,3.8
21.4,1,1.8,69.3,1001.2,9.4
20.2,0,1.9,69.8,1000,4.6
20.9,,1.9,58.9,1001.4,0.9
23.8,,1.9,50.4,1004.7,0
23.4,,2,44.5,1005.1,1.4
24,,1.6,39.4,1003,4
22.6,,1.9,50.1,1002.6,7.9
23.7,,1.7,52.5,1001.6,1.4
23,,2,62.9,1002.1,1
22.2,,2,69.3,1001.7,4.5
21.9,,2.1,68,998.8,5.5
23.7,0.5,1.4,60.6,997.1,6.6
21.3,0.5,1.4,59.9,994.7,9.5
20.2,5,1.4,67.3,990.9,8.5
21.3,0,1.7,65.5,993,4.5
22,0,1.5,64,996.2,7.4
21.6,29,1.1,74.9,997.7,9.5
21.7,16.5,1.4,60.8,1001,6.1
22.5,,1.4,56.4,1002.1,0.8
22.8,,1.3,66.9,1000.3,7.8
24.8,,1.5,54.9,996.9,3.6
22.4,,1.8,61.3,994.8,8.1
22.7,,2.3,68.1,994,5.4
23.7,,2.2,60.1,997.1,3
25,,1.8,45.1,998.3,5.1
24.5,,2,50.6,994.8,8
25.2,,1.9,62.8,998.1,4
27.1,,1.2,57.1,1000.2,7.9
22.3,71.5,2.4,88.3,993.7,10
22.3,1,2,81.9,992.3,8.8
23.3,26.5,1.1,85.1,989.6,9.5
24.7,6.5,1.5,78.5,993.1,7.3
24.4,14.5,0.9,83.8,999.6,9.1
21.9,83.5,0.8,94.6,999.3,9.9
22.6,59.5,0.7,95.4,997.5,9.6
27.4,0.1,0.8,74.4,990.1,6
27.3,,1.7,69.6,988.1,7.1
25.3,0.5,1.2,72.8,993.3,8.6
23.9,,1.8,57.8,998.2,8.5
23.7,,1.6,51.4,1000.3,3.6
23.3,,1.5,51.5,1002.4,7
20.8,14,1.1,82.3,1004.9,9.9
23.7,16.5,0.7,87.8,1004.4,9.8
26.8,3,1.3,82.9,1004.9,9.6
26.6,1,1.5,82.4,1003.4,7.5
27.3,,1.8,74.8,1002.4,6.4
27.9,0,1.9,69.6,1001.4,5
28.3,,1.6,69.6,1002.3,2.6
28.7,,1.7,64.3,1002.4,0.4
28.1,,1.7,66.5,1002.2,1.3
28.2,,1.6,64.8,1001.9,0.8
28.7,,1.6,64.1,1001.1,0.1
29.5,,1.5,62.6,999.4,0.4
30.6,,1.5,53.6,999,0.3
31.8,,1.4,49.6,998.6,3.5
31.7,,1.8,53.8,999,7.9
31.4,,1.6,59.5,997.4,4.4
30.1,,2.4,66.3,997.5,6.3
30.1,,1.5,68.8,997.5,5.8
30.9,,1.9,69.3,997.2,2.3
29.5,7.5,1.2,77.1,996.1,5.5
31.3,,1.2,52.4,994.2,2.4
31.7,,1.2,50.9,994.3,3.1
32.6,,1.5,50.5,994.7,2.8
33.6,,1.7,55.5,993.4,0.8
33.7,,1.6,54.4,995.6,4
33.1,,1.9,55.3,997.4,1
31.1,,2.4,60.6,998.2,3.4
30,2,2.6,71.8,997.6,6.5
30.5,6.5,1.6,71.6,996.8,7.6
30.5,,1.5,63.4,997.2,3.6
31,,2.1,64.8,996.8,3
28.8,2,1.5,76.3,994.5,7.3
30.7,,1.4,60.9,993.6,3.5
31,,1.5,55.8,995.3,2.9
30.6,5,1.5,61.3,997.4,6.5
30.5,1,1.4,68.6,1000.4,7.3
31.7,,1.3,58.3,1000,6.9
31.7,1,1.2,59.5,997.3,6.4
29.9,,1.7,51,999.6,3.3
27.2,,1.8,39.8,1002.4,0
26.7,,1.4,44.6,1001.1,5
28.2,,1.2,50.6,999.8,7.9
29.1,0,2,55.6,995.3,8.4
26.6,5,2.5,71.4,993.9,6.3
30.7,,1.1,54.1,994.7,4.5
29.4,3,1.7,59.1,990.2,9.5
24.4,7.5,2.5,86.3,987.5,9.6
25.2,,2.6,68,999.2,7
23.2,2,1.2,70,1002,6.4
22.7,19.5,0.8,91,1001.6,8.9
23.7,96.5,0.9,92.4,1001.5,9
25.2,42,2.4,86,999.1,10
25.3,9.5,1.8,80.9,999.2,9.4
25.6,0.1,1.6,67.4,1000.3,4.5
25.5,,1.3,59.4,1001.5,1.5
25.1,,1.5,55.8,999.2,5.5
23.3,34.5,1,85.3,991.9,9.8
23.2,,2.2,69.4,988,5.1
24,,2.5,63.5,992.9,1.9
24.1,1,2,69.9,994.2,7.9
22,0.5,2.5,54.6,995.7,4.9
21.7,,1.7,48.8,1003.5,0.3
22.2,,1.2,49,1006.4,1.4
22.9,,1.6,49.5,1010.6,2.4
21.6,,1.5,48.1,1010.8,7.5
22.8,,1.4,52,1008.1,4.1
23.5,,1.2,63.5,1007,7.9
23.5,0.5,1.3,66.9,1005.6,8.3
23.3,0.2,1,76,1004.4,9.8
22.2,2,1.7,83.6,1005.4,10
22.3,0.1,1.9,64.3,1007,5.3
22,,1.2,59.8,1006.6,8.3
22.1,0.2,1,59.1,1004.1,9.5
19,5,1.8,82.4,1000.7,10
19.4,18,1.3,85.8,1000.3,9.3
20.8,6.5,1.8,62.3,1004.6,2.1
19.4,0,1.6,52.9,1005.8,4.4
17.6,,2.1,48.3,1008.7,1.1
17.8,,1.1,48,1009.5,2.1
19.4,,1.7,47.9,1009.8,5
18.9,,1.3,47.6,1008.9,0.9
17.5,,1.2,58.1,1008.5,6.1
20.2,,1,55.5,1003.9,0.4
17.6,,2.3,52.5,996.1,0.6
15.4,0,2.9,55.1,997.9,4.5
15.9,,1.6,61.4,1007.1,0.5
17.3,,1.3,58,1011.7,0
19.3,,1.3,56.5,1013.5,6.5
16.9,36.5,1.7,84.1,1008.1,9.8
18,55.5,2.2,84,997.1,7.5
16.4,,1.7,53.5,1006.6,2.9
14.8,,1.1,47,1009.3,4.4
15.3,0,1.1,52.5,1005.9,9
12,7,2.5,61,1007.1,6.8
9.7,,2.1,51,1012.5,1.4
10.9,,1.3,54,1015.6,0
12.5,,1,54,1015.2,0
13.2,,1.5,60,1012.5,3.4
15.2,,1.4,69.9,1009.9,4
14.5,,1.3,55.9,1006.5,5.6
12.4,,1.3,53.3,1005.8,0
12.7,,1.1,59.5,1010,3.1
13.1,,1.4,54.3,1014.9,0
13.4,,1.2,53.9,1015.3,1.1
13.4,,1.1,49.5,1013.1,2.4
14,,1,50,1009.9,5.3
12.2,5,1.1,75.1,1007.2,5.4
12.5,,1.3,66,1010.5,0.5
13.8,,0.9,55.5,1010.1,4
12.2,11,1.6,74.1,1001.6,7.5
8.7,,3.2,49.6,1004.5,1.6
8.3,5.5,1.5,77.1,999.8,7.3
7.2,0,2,57.3,1004.3,5.9
6.1,0,1.6,51.3,1011.2,3.3
7.4,0,1.6,55.4,1013.1,0.8
8.4,,1.3,53.4,1015.8,0
10.6,,1.1,54.9,1017.3,0
11.2,,1.3,56,1015,0
11.6,,1.3,55,1012.2,2.1
11.9,,1.1,65.5,1012.9,5.3
12.2,,0.9,70.5,1014.7,6.9
12.8,2,1.1,79.5,1014,9.9
11.8,64,1.8,93.8,1002.5,10
12.1,1,3.1,69,1006.9,7.9
11.9,0,1.4,69.1,1013.4,3.1
8.1,0,1.1,67.6,1011.9,6.4
8.1,,1.2,52.3,1009.6,0
8.8,,1.1,51.6,1009.6,0.4
9.8,,1.1,55.5,1012.9,0.1
9.7,,1,55.4,1014.2,4.8
8.8,,1.7,65.1,1011.6,6.5
4.9,,1.4,50.8,1013.1,4.6
6.1,,1.1,48.8,1011.2,6.9
6.5,,1.4,50.4,1012.2,1.9
6.5,0.2,1.8,39.9,1014.4,2
5.8,1,1.2,57.1,1013.9,8.4
2.3,,2.4,35,1015.5,0.8
1.9,,1.4,29.6,1017.9,3.1
2.6,10.9,1.8,71.1,1013.2,9
4.8,,1,77.8,1014,3.8
6.3,,1,70.1,1014.3,0.6
7.1,,1.5,65,1012.3,6.1
5,,1.6,27.1,1014.3,3.8
3.5,0,1.3,41.4,1016.1,5.8
2.7,,1.4,46.1,1016.5,1
5.5,,1,42.3,1016.6,3.6
8.2,,1.3,50.1,1013.1,6.5
11.5,9.5,1.4,87.4,1005.9,9.9
6.7,5,2.7,74.9,1009.1,7.8
0,,1.5,39.5,1016.5,6.4
2.4,0,2.3,50.5,1012.9,8.1
-7.3,,3.8,37.1,1021.6,1.1
-8.3,,2.6,37.1,1022.9,1.4
-7.2,,1.5,27,1025.7,2
-2.5,,0.9,33.3,1023.5,3
0.2,,1.2,44.8,1017.8,7.9
-1.9,,2.2,39,1018.8,0
-2.2,1.3,2,57.4,1018.6,5
-4.4,,1.7,44.3,1024.2,0
-2.4,,1,46.8,1021.4,3.6
0,0.3,0.9,63.8,1010,9.3
1.6,0.3,1.8,60.1,1007.8,1.3
2.6,,1.4,56.3,1009.4,3
4,,1.4,53.4,1010.4,2.9
3.4,,0.9,45.5,1012.8,3.1
5.6,,1.1,40.1,1012.5,8.5
6.9,,1.5,48.9,1012.5,4.3
2.4,,2.9,43,1014.1,2.6
-2.3,,1.6,35.9,1017,0.3
0.6,,1.2,53.4,1013.3,7.4
-1.5,,2.8,40.8,1014.9,4.4
-10.1,,3.5,28.3,1019.5,0.5
-10.5,,2.5,33,1021.6,0.6
-7.6,,2.9,29,1024.3,0
-6.8,,1.2,35.9,1026.8,0.8
-5.4,,1.2,39.6,1026.2,1.6
-5,,2.1,49.5,1022.6,3.4
-4.9,,1.7,42.8,1023.4,0
-3.5,,1.4,38.8,1024.2,0.1
-1.1,,1.2,55.5,1019.5,5.5
-2.8,,2.2,40.3,1016.6,0.5
-2.8,,1.2,35,1017.6,3.1
-1.9,,1.4,46.4,1017.4,4
-3.5,,2.6,31,1018.2,0
-4.7,,1.3,28.8,1022,4.9
-0.6,,1.3,48.8,1015.5,8.1
2.4,,1,58.8,1014.2,6.1
2.8,,1.3,47.6,1012.1,3.9
1.2,,1.4,54.3,1014.8,0
1.4,,0.9,68.6,1014.8,4.5
-1.7,0,2.7,58.8,1013.2,3.8
-5.2,0,2.3,45.9,1015.9,4.1
-0.3,0,1.7,45.8,1013.4,1.8
0.6,,1.3,44,1016.7,3
3.6,,1.2,59.8,1011.7,7.8
-1.4,,3.2,38.5,1011.7,1.1
-1.2,0,1.6,57.8,1010.7,4.1
1.7,,1.7,62,1008.6,1.1
2,,2.3,48.9,1009.6,0.9
0.1,,1.7,34.9,1013.7,2.1
-1.2,,2.6,27.6,1013.4,1.3
-2.5,,2.4,30.9,1017.5,0
-0.1,,1.7,52.5,1015.9,4.3
1.2,0,3.1,40.4,1011.6,1.3
-0.2,,1.5,35.5,1016.9,2.1
1.8,,1.5,54.6,1014.9,6.9
-2,,2.9,29,1010.5,7
-2.1,0.3,1.7,47.6,1013,3
1.4,0,1,60,1011.2,7.5
3.3,16,1.7,92.9,1002.2,9.3
-0.6,,2.1,40.4,1014.7,2.4
2.8,,1,37.1,1010.6,3.9
5.1,,1.3,54.9,1005.6,8.1
-2.1,0.5,3.5,45.5,1011.9,4.3
-6.1,,2.3,31.5,1015.3,6.1
-5.4,,2.7,30,1017.4,4.4
-5,,1.7,31.3,1019.8,7.5
-3,,2.3,34.9,1020.7,0.4
-0.6,0,1.9,35.5,1023,5.6
-2.1,,2.4,26.6,1022,1.8
-0.5,,1.4,24.3,1019.9,5.3
-0.8,2.2,1.9,72.8,1012.9,9.1
-2.7,0.2,2.6,59,1013.5,2.4
-1.8,,1.9,47.4,1015.5,0.1
0.9,,1.3,43.5,1014.7,7.4
1.4,4.6,1.4,80.8,1008.7,9.4
1.7,0,2.1,67.8,1014.5,6.5
2.4,,1.5,59.4,1015.9,0
4,,1.5,56.1,1011.3,5.4
6.8,,1.1,41,1012.8,2.9
6.3,,1.8,45,1012.1,1.6
4.7,,2.3,55.8,1011.1,4.8
5.2,,1.6,32.8,1013.4,3.6
7.8,,1.6,31.3,1010.7,7.5
6.6,,2,39.5,1008.4,3.3
6.6,,2.1,42.3,1011.2,0.3
7.8,,1.1,37.6,1008.7,5.8
9.4,,1.5,36.4,1002.5,4.8
9.9,,1.9,46.1,1003.2,2.3
8.4,,2,66.3,1009.6,8.6
8.4,,2,55,1005.6,6.3
7,,2.2,51.1,1009.1,1.5
6.1,,1.9,39.4,1014.3,0.1
7.2,,1.3,31.8,1011.2,5.4
10.1,,1.2,26.4,1003.2,7.1
6.6,0,1.8,61,998.7,4.9
3.9,0,2.7,55.1,1000.8,4.9
3.5,0,3.3,38.5,1009.3,1.8
5,0,1.9,45.3,1011.9,5.5
5.5,3.5,1.6,72.8,1006.8,7.4
4.3,,1.8,69.9,1009.9,5.5
6.3,,2,55.4,1012.6,2
7.1,,1.4,43.8,1009.4,6.3
10,,1.4,52,1006.5,1.4
10.3,16.5,1.4,79,999.8,8.8
7.1,3.3,2.9,77.4,998.1,7.9
3.3,,2.8,40.9,1009.4,0.8
3.3,1.7,2.4,46.9,1010.4,3
4.3,,2.3,45.4,1010.6,0.1
7.3,,2,56.1,1006.6,6.6
11.4,,2,51.1,1006.8,2.6
11.6,,3,66.4,1002.2,8.5
9.4,,2.6,49.9,1003.4,6.1
9.2,,2.1,33.1,1003.5,4.6
5.2,1.8,2.9,72,1002.1,9.4
4.4,0,3.2,46,1008.7,5.1
5.5,,2.5,39.8,1011.8,1.3
6.7,,2.2,36.9,1012.2,0.3
7.6,,2.3,36.1,1012.7,0.3
9.2,,2.5,43,1007.2,0
11.4,0,2.9,41,999.4,3
9.3,0.8,1.1,39.9,1001.7,8.5
12.6,,1.7,43.1,1000.2,4.4
11.6,,2.5,25.6,1004.7,3.3
9.2,17.4,2.4,49.1,1005.6,9.4
7.1,5.6,1.8,78.4,1002.4,8.3
9.5,,1.9,58,1004.8,4.6
11.4,,2.2,48.5,1007.7,1.8
11.8,,1.8,34,1009.2,5.6
9.6,1.7,2.2,45.5,1004.8,6
11.6,,1.8,30.9,1008.3,0
14.9,,1.6,26.3,1006.8,4.8
15.3,,1.9,37.5,1002.4,3.9
12.6,0,2,74.4,1001.8,6.3
13.8,,1.6,57.5,1005.9,4.8
14.3,1.2,1.9,66.9,1004.7,7.1
14.8,0.3,1.9,77.8,1003.4,7.9
19.3,,1.4,50.6,1004.7,2.3
20.4,0,1.3,52,1002.2,8.4
19.5,4.1,1.6,70.4,996.3,5
13.2,11.3,2,75.9,996.9,9.4
8.4,4.9,1.5,82.1,1003.1,8
11.6,,1.7,52.6,1010.9,4.8
12.9,0,1.6,48.8,1010.2,8.1
13,,0.9,52.9,1004,5.8
15.5,,1.6,52.8,998.7,4.4
16.4,,2.3,48.9,996.4,1.9
17.1,,2.3,28.5,1001.6,0
17.9,,1.6,37.5,1006.4,0
19.5,,1.7,40.4,1007.8,4.9
19.2,,2.2,35.8,1005.8,5.1
14.5,0,3.1,27.1,1006.4,0.3
15,,2.3,33.4,1005.7,0
15.6,,2.3,48.3,1002.1,6.1
16.6,,2.2,43.3,1000.8,3.1
17.8,,1.9,48,1003.1,3.5
20.3,,1.8,39,1003.7,2
21.6,,1.5,36,1004.8,4.3
18.7,0,1.6,43.4,1004.4,8.3
19.6,,1.6,44.5,1003,1.6
20.7,,1.7,48.1,1002.9,4.5
23.5,,1.5,43.8,1001.9,2.5
23.6,,1.2,44.9,1002.2,7.5
22.8,0,2.1,46.8,1001.8,8.5
19.4,22,1.2,93,998.8,10
16.4,8.7,3.4,63.6,994.9,4.5
17.2,,2.9,52,995.2,0
19.5,,2.4,46,995.3,1.4
22.1,,1.7,45,998.4,0
24.2,,1.7,46.4,1000.8,1.4
23.4,,1.6,45.6,1005,7.9
24.5,,1.8,39,1003.7,6
17.8,7.1,2.4,80.9,994.5,8.6
18.1,,2.6,45.9,1000.7,2.1
20.3,,2,48.4,999.7,0.4
19.6,0,2.4,48,1000.7,7.9
19.1,,2.8,49.6,1000.3,2.3
18.9,,1.9,60.5,1000.1,5.5
21.1,,1.7,42.1,997.6,0.6
23.1,,1.8,42.9,997.9,0.6
22.6,,2.2,56.4,999.3,3
23,,1.8,63.8,1001.8,5.4
21.2,7.5,1.2,75.9,999.9,9.1
20,35.3,1.9,77.3,993.5,7.4
21.9,,1.4,57.5,997.9,5.9
21.6,2.5,1.8,66.1,995.5,8.9
18.4,9.5,1.6,70.3,997.3,8
20.5,,1.4,51.1,998.8,3.5
21.5,,1.8,57.1,1000.3,1.1
23,,1.7,51.9,999.7,3.1
23,,1.8,54.8,995.3,6.1
21.9,2.1,2.4,61.5,990.5,3.1
22,,1.6,55.4,996.7,3.9
21.7,0,2.3,59.1,1001.8,4.5
20.8,13.8,1.5,78.6,1000.3,9.5
21.4,0.2,1.9,77.8,997.8,9.4
22.7,,1.9,70.6,997.1,8
22.1,0.2,1.7,72.9,996.1,7.3
24.2,,1.5,42.3,996.5,2.1
25,,1.8,40.4,998.2,3
25.2,,2,46.9,1001.9,1.6
25.6,,1.6,49.1,1004.2,1.3
25.5,0,1.3,52.6,998.4,9.5
25.5,1.4,1.4,70.5,990.9,8.3
24.7,0,1.7,67.3,991.9,8.5
23.1,1.5,1.2,72,988.3,8.1
23.9,0,2.3,73.5,990.7,6.9
23.9,,2.3,64.4,995.4,4.9
24.4,,2.3,63.5,998.8,4
24.1,,1.7,64.6,998.1,6.4
25.4,,1.9,59.6,996.5,2.4
27.6,0,1.5,42.1,993.2,3.8
29.7,,1.7,40.9,994.1,3.4
26.7,,2.2,43.3,997.5,7.5
25.1,,2,46.6,997.9,6
25,,1.8,46.4,996.7,4.9
22.7,8.5,2,64.1,997.3,8.4
21.9,2.9,1.3,76.9,995.2,9.9
23.6,,2,65.5,996.3,6.8
24.9,0,1.7,67.3,992,6.4
25.9,,1.6,64.6,992.6,4.5
23.8,7.7,1.1,80,997.2,7.5
24.7,6.3,1.3,79,1000.7,7.3
25.6,0.7,1.2,73.9,1001.2,9
26.9,,1.2,65,998.7,6.4
28.6,0,1.5,61.3,996.4,4.6
28,1.1,2.1,66.9,990.8,9.5
25.1,6.2,2.2,87.1,991.8,9.4
26.7,0.1,2.2,74.6,996.3,7.5
28.1,,1.7,70.8,995.3,8.6
26.5,1,1.6,82.3,994.5,9.6
26.3,9.7,1.2,90.1,994.6,9.9
25.1,60,1.7,95.3,993.9,9.9
28.4,0.6,1.3,76.6,995.7,7.6
26.1,25.6,2.2,88.3,998.2,9.8
27.5,0.5,2.6,74.5,999.2,8
28.1,1.2,3.4,75.3,997.1,8.8
25.8,62.3,2.2,91.1,999.3,9.8
26.3,26.9,1.7,86.4,1002,7.8
28.4,,1.2,74.6,1001.8,3.5
29.4,3,1.3,69,1001,3.6
28.3,8.6,1.2,75.9,1000.9,5.8
30.5,,1.1,65.5,999.7,2.5
31.6,,1.5,51.4,996.9,6.8
26.9,8,1.2,78.1,995.6,8
28.9,0,1.6,71.4,998.3,6.6
29.8,,1.3,69,997.7,4.9
31.5,,1.5,57.9,996,5.1
30.4,6.7,2.5,53.6,992.2,6.8
26.6,56.2,1.3,91.8,990.7,8.9
29.2,6.4,1.5,76.9,992.7,7.4
30.4,,1.5,63.9,990.2,4
25.9,16.2,1.3,82,983.8,9.1
25.9,0.1,2.2,74.5,985.6,6.3
25.9,0,2.5,69.5,991.5,5
25.6,,1.7,66.5,996.9,4.5
26.3,,1.1,60.6,999.7,4.6
28.2,,1.5,56.3,999.9,2.6
27,1.3,1.2,67.3,998.5,7.6
26.9,,1.7,66.5,996.5,6.3
26.2,,2.1,58.4,998.4,4.4
24.1,,1.5,60.9,1000.6,5.5
25,,1.5,66.6,1002.8,3.4
26.4,,1.2,63.8,1002,6.4
25.7,20,1,71.1,997.7,8.1
26.1,,1.9,66.2,996.6,5.9
23.4,36.9,2.2,77.1,995.9,5.6
22.6,0.2,2.4,66.3,998.8,5.3
23.5,,1.9,65,1003.4,2.3
23.7,,1.4,64,1006.8,6.1
24.4,,1.6,56.6,1006.5,6.1
24.1,0,2.3,67.6,1005.3,8.5
22.8,22.7,2.5,89,1003.1,9.3
23,36.4,2,91.4,1001.9,9
25.3,2.4,2.1,79.8,999.2,10
25.7,2.8,6,72.9,987.7,10
24.7,0,1.9,76.9,998.3,9.3
25.1,0,1.7,74.3,1000.6,9.3
23.8,63.2,2.4,93.4,1001.7,9.8
24.3,7.6,3.1,71.4,1004.6,7.9
21,3.9,2.6,72.3,1006.6,9.8
23.3,0.1,1.7,60.4,1003.6,4.3
22.4,0.3,1.2,80,1001.6,8.8
24.2,,1.7,70.4,1000.8,5.5
24.5,,2.1,53,1001,3.6
23.5,,2.1,41.6,1004.7,6.4
21,,3.1,46,1006.7,1.1
19.5,,1.9,46.5,1008.2,3.5
19.6,,2.1,52.8,1007.5,9.4
19.6,,2,60.3,1009.1,9.6
18.6,0.4,3.8,63.4,1003.2,9.4
20,,2.2,51.1,1004.4,3.1
19.8,,1.8,61.3,1008.6,0
20.9,,1.4,64.4,1011.7,5.9
22.9,,1.9,59.3,1013.6,8.4
22.9,,1.9,57.5,1012.1,8.6
23.7,,1.7,58.9,1008.1,3.8
22.6,,1.7,60.6,1006.7,0.3
22.4,,1.6,61,1006.8,0
23.1,,1.8,67.1,1007.9,6.8
21.6,23.1,3,88,1001.7,9.9
22.4,4.6,2.8,73.4,996.4,6.3
22.4,,2.1,71.5,1002.4,3.6
18.7,0.6,2.9,72.6,1006.1,7
18.1,,2.9,53.4,1012.3,6.1
14.8,25.4,1.8,92,1007.9,9.5
14.7,,2.6,58.8,1008.2,2.6
13.6,,1.7,48.3,1009.5,1.9
15.2,,1.3,60.9,1006.3,9
18.8,,1.9,60,1005.2,0.9
17.9,,3.5,49.3,1008,0.6
17.2,,1.9,52.6,1012.2,2.1
14.4,,2.5,56.9,1014.8,1.9
14.5,,1.6,55.6,1017.6,3
14.6,,1.6,58.3,1016,5.3
15.4,,1.7,56,1014.1,4.8
17,,2.4,58.3,1011.9,7.1
17,,1.8,63.8,1010.4,0.8
16.5,,1.3,70.3,1011.4,0.6
17.1,,1,61,1008.5,2.1
18.1,,1.6,56.1,1007.5,4.4
17,,2.4,57.3,1008.9,8
18.3,,2.7,47.6,1009.1,4.5
16.7,0,2.4,58,1007.4,6.6
10,,2.5,60,1008.5,2.3
11,,1.6,59,1009.1,0.9
12.9,1.7,2.5,65.9,1005.3,5.6
12.5,0.1,2.3,61,1005.5,1.6
11.2,,1.6,60.3,1011.1,0.3
14.8,,2.3,73.8,1010.1,4.6
14.9,,1.8,57.9,1011.3,1.9
13.6,,1.5,57.3,1009.9,8.1
14.7,,2.1,57.8,1009.6,4
13.8,,2.1,57.8,1011.5,0
12.4,,1.6,65.1,1009,1.4
11,,1.8,63.6,1006.6,5
9.2,,2.7,42.8,1007.5,1.6
6.8,,1.9,31.4,1011.1,0
9.5,,1.6,41.4,1011,0.3
10,11.8,2.1,59.6,1001.2,8.9
11.2,1.1,2.4,71.6,1000.8,5.9
9.3,,1.4,63.6,1010.5,3.6
7.2,7.5,2.8,72.3,1007.2,8.5
1.3,,2.9,30.6,1013.7,1
5.6,18.8,2,87.4,1007.6,8.1
6.8,,1.6,81.3,1010.1,5.5
8.3,21.1,3.1,79.4,1006.9,9.3
4.6,14.7,3.9,59.8,1008.7,7.1
0.2,0,2.8,48,1015.5,1.4
0.5,,1.8,35.5,1020.9,0
4.2,,1.9,37.4,1021.4,6.1
9.7,,2.1,34.1,1017,1.4
12.1,,1.8,52,1013.4,6.1
9.8,3.8,2.2,74.6,1010.1,7.1
1.9,,2.7,62.1,1019.1,4.4
6.6,,2,64,1018.6,3.9
3.1,,2.7,50.8,1017.7,4
3.5,,2,52.4,1019.1,1.8
1.5,,2,42.8,1020.9,0.9
4.1,,1.7,42.6,1018,6
4.6,3.3,1.6,79.4,1011.4,9.3
-0.1,,3.1,48,1011.8,2.4
0.5,0.6,1.6,61.3,1014.4,6.3
2,0,1.8,41.6,1018.5,1
-4.4,,3.2,31.9,1025.3,0
-5.9,,1.7,34.5,1025,0.6
-2.4,0.1,1.7,65,1018.9,6.6
-0.9,,1.4,65.1,1018,1.1
3.2,0,2.5,56.8,1012.4,7.9
8.1,1.7,1.2,82.3,1008.4,8.9
6.3,0.2,3.4,62,1007.1,5.9
-0.7,,1.8,45.4,1018,0
2.1,1,2,53.6,1015.7,6.8
2.7,0,2.3,58.3,1017.3,3
5.3,,2,52.5,1018.2,2.9
7.8,,1.9,58.9,1012.1,6.1
7.7,9.8,2.3,81.4,1005.4,8.6
0.8,,2.5,64.6,1013.2,3.5
-0.8,0,2.4,47.8,1015.3,1.8
-1.1,0,2.3,45.3,1018.6,1.4
-1.2,0.6,1.7,68.1,1016.4,5.5
4.1,0.3,1.7,63.4,1010.1,7.8
3.4,2.9,2,80.4,1011.5,6.1
0.8,,1.4,67.9,1016.6,0.8
2,,1,60.8,1013.1,5.9
2,0.3,2.4,59,1007.2,5.4
-1.7,,2.1,45.4,1014.1,0
1.1,,2,47.6,1017.7,3.5
3.8,1.4,2.9,52.5,1015,9
2.7,0.4,2.9,70.3,1013,7.5
-7.9,0,3.1,39.3,1023.7,1.3
-2.2,0.1,0.6,64.4,1021.1,8.9
1,,1.2,65.4,1018.7,7.9
-0.1,,1.7,56.9,1016.4,0
1.2,,1.9,50.8,1015.4,2.1
1.3,,1.1,45.6,1019.7,3.9
3.1,1.8,3.1,65.4,1015.3,9.8
6.3,46.3,4,95,999.3,10
2.4,11.6,3.3,86.1,1003.6,9.6
-1.2,,2.3,65.3,1013.4,1.6
-0.6,,1.5,62.9,1013,3.1
-0.1,,1.9,60.9,1009.4,3.6
-1,,2.4,61.5,1007.5,3.6
-2.9,,2.3,51,1012.4,1.4
-2.3,,1.6,45.3,1015,1
-2.7,,1.9,44.8,1017.6,0.1
-1.7,,1.6,43,1016.3,5
-0.6,,1.5,43.9,1012.6,4.8
0.3,,1.8,48.1,1010.9,2.1
1.9,0.6,2.2,62.8,1008,4.8
0.7,,2.5,46.8,1012.2,2.3
-0.4,,1.4,36.9,1018.8,2.9
3,,1.7,36,1014.6,7.8
4.6,,2,49.3,1013.5,3.4
2.8,,1.7,63,1019.5,3
4.3,,1.5,63.1,1018.7,7.4
5.5,,2.7,56.3,1016.5,5.8
5.9,0.1,4.6,48.1,1010.4,9.5
6.8,0,2.6,49.4,1007.7,7.3
6,,2.1,46.4,1005.3,6.6
5.2,,1.8,47,1004.4,4
3.9,0,2.3,59.6,1009,4.8
2.6,,1.7,66.6,1013.4,3.4
1.5,,1.8,52.3,1014.7,6.1
-0.4,0,3.1,43.6,1016.3,1.5
-1.6,1.7,2.8,50.3,1015.8,3.9
-8.3,,3.3,37.3,1021,0
-6.4,,1.9,36.4,1023,0.9
-1.7,0,2,45.1,1018.5,8.9
-0.1,0,3,48.1,1016.7,2.5
-0.5,0,2,51.1,1014.6,2.8
4,0,1.7,49.4,1013.4,1.1
6.8,,1.6,37,1016.3,2.3
7.4,6.7,2.2,73.4,1006.4,9.9
6.5,,1.7,84.8,1008.8,9.1
8.1,,1.2,70.3,1010.4,2.1
9.8,2,2.7,63,1007.3,5.8
-1.4,13.4,4,81.1,1002.6,8.9
-5.9,1,3.4,64.3,1007.4,6.5
-4.1,,2.3,44,1016.7,0
1,,1.5,56.8,1019.3,6
4.6,,1.7,62.6,1022.6,2.5
6.7,4.2,2.2,66.3,1018.5,9.3
4,3.1,4,62,1014.2,5.9
2.5,,2,48.6,1018.2,0.9
7,,1.6,51.8,1013.6,7
6.7,16.6,4.2,73.5,1007.4,7.5
6.4,0,2.1,59.6,1012.7,5.3
6.1,,2,54,1017,2.6
4.5,3.9,1.4,79.4,1011.9,9.8
7.7,0.5,1.7,68.6,1007.7,3
5.8,0.2,2,71.8,1007.9,8.1
3.4,0,2.7,55.3,1013.1,1.6
4.8,,2.6,57,1013.3,6.5
2.2,0,3.7,53.4,1011.4,5.1
1.4,,2.5,47.5,1014.5,0
3.7,,1.6,46.8,1011.7,2.5
7,,2,39.5,1007.5,5.4
9.3,,1.6,43.8,1008,0.3
11.1,,1.8,37.6,1003.6,6.5
6.4,11.8,2.8,78.4,997.6,7.5
3.8,,3.3,41.8,1007.7,0
6.8,,2.5,49.8,1010.9,4
4.9,0.5,3.3,41,1011.3,6.6
3.6,,3,48.1,1005,2.1
4,,3.6,48.3,1001.4,3.1
3.6,,2.8,42.4,1011.4,1
6.6,,2.1,65.8,1005,4.8
10,,1.8,45.8,1002.6,0
9.1,0,4.8,49,995.6,3.4
8.8,,3.1,39.6,1003.3,0.4
12.8,,2,56.5,1001.3,6.9
11,,3,37.5,1004,0.1
10.6,,1.9,37.9,1006.7,0
11.4,,1.8,35,1009.8,0
12.5,,1.9,33.6,1009.7,4
14.8,1.8,1.9,53.8,1004.9,6.9
11.9,2,3.3,56.4,1003.2,5.1
7.7,,3.2,17.9,1010.8,5.1
8.7,,2,30.6,1010.9,1.5
10.2,,1.8,38.4,1010.1,0.9
11.9,,2,34.5,1007,5.5
11.3,,3.7,35.6,1004.5,3.5
9.3,,2.3,41.4,1011.6,2.6
10,,2.7,53.8,1010.5,1.3
8.9,,3.4,36.4,1008.6,0.8
7.2,,2.8,29.5,1011.8,0
9.3,,2.4,38.3,1010,3.5
10.6,,2.5,56.6,1005.3,2.1
9.4,,3.5,25.5,1007.8,0
8.9,,2.8,44.6,1011.5,1.3
10.7,,2.4,52.6,1014,4.8
9.9,,2.5,63.8,1009.1,4.8
9.9,,3.8,58.6,1004.4,3.1
12.4,,3.1,39.4,1003.9,1.9
13,,2.4,46.8,1006.3,1.3
13.2,,2.2,39.8,1004.6,5.4
16,,2.3,39.9,1006.1,2.9
12.5,6.5,2.4,77.8,1002.2,9.1
13.5,,2.6,67.9,1005.9,2.6
12.3,10.3,2.7,75.8,1004.1,9.5
10,0.1,3.3,73,1000.6,7.4
7.4,,4.4,49,1003.8,3.6
6,0,4,46.8,1005.9,4.1
7.9,,3.7,47.8,1005.6,1.6
9.9,,3.9,55.6,1003.1,1.8
13.1,,3.9,54.4,999.3,3.3
12.3,,3.2,43.1,1006.9,0.8
12.9,,2.8,49.8,1009.3,3.4
13.9,,3,50,1009.4,0
14.9,,2.6,48.6,1009,0.4
17.1,,2.7,57.1,1005.7,5.3
20.2,,2.7,73.6,1003,6.6
20.3,0,2.3,79.6,1001.3,9
21.8,0,2,68.8,996,7
20.2,,2.7,63.9,998.1,3.4
16,,1.9,67.9,1001.5,5.4
19.4,,2.1,50,1003.7,1.8
20.7,,2.5,32.5,1007.1,6.8
19.9,2.3,2.4,32.8,1004.4,7.4
14.2,24.4,3.6,94.4,994.8,10
14.4,1.3,2.5,88.6,997,9
16.5,3.4,3,61,997.7,8.1
14.3,0.7,2.9,69.4,995.1,3.3
16.1,,2.8,47.3,1005.1,0.6
19.3,,2,35.4,1006,8.3
16.1,12,3,81.4,998.8,10
16.7,2.5,1.6,90.3,996.6,9.5
19.1,0,1.7,80.1,995.3,7.1
19.1,29.8,2.4,79.4,988.4,8.5
13,19,3.2,73.6,990.7,7.6
14.4,0,1.9,60.4,1001.7,6
17.4,,2.1,56.1,1004.4,4.8
18.5,0,1.9,68.5,1002.7,8.6
20.1,0,2.2,66.1,1001.1,7.4
17.1,14.5,2.9,84.8,999.6,8.4
16.6,,2.1,81,1002.3,8.1
16.2,1.5,2.1,81.9,999.4,7.8
17.4,,2.6,68.5,999.3,1.5
18.7,0,1.9,62.8,999.6,3.9
20.7,,2,65.6,1004.9,1.3
22.6,,1.9,57.3,1006.1,1.1
21.2,1,2.3,63,1001.4,8.5
19.7,0.4,3.4,64.3,999.7,3.8
17.9,2,2.2,71,997.4,9.3
22,,2.4,73.3,993.9,5.8
21.9,0.2,2.7,81.1,994.1,8.4
23,,1.8,69.4,997.2,5.5
24.6,,2,63.6,998.1,2.3
22.7,,2.3,69.4,1001.9,3.3
25,,2.1,63.6,1004.6,3
26.7,,2.3,51.6,1004.3,3
25.8,6.2,2,63.8,998.9,9
26.1,0,2.2,68.3,993.7,5.8
24.7,,1.7,68.6,995.1,8.1
26.9,0,1.9,52.8,994.3,5.5
24,1.1,2.9,70.6,994.3,4.4
23,,2.8,62.3,996.4,6
24.4,,2.2,63,995.7,6
24.3,,2,58.6,995.3,7.4
23.4,,1.6,61.4,993.1,9
24.7,0.1,2.1,61.4,996.4,6.3
24.9,,2.1,62.6,1000,0.9
26.1,,2,59.5,998,0.1
28.6,,2,50.5,998,1.6
27.3,0,1.9,53.5,998.3,7.5
22.3,37.6,2.7,83.5,993.1,10
21.6,13.3,2.2,91,991.8,10
21.8,2.1,3.2,82.1,996.5,8.3
24.1,0,2,70.4,995.5,6.1
25.2,,2.4,70.5,994.8,1.9
23.8,11.9,2.4,77,991.8,8.6
20.1,64.7,4,83,984.3,10
21.1,0,1.9,79.3,995,7.6
24.2,,1.9,74.5,1000.9,6.6
25.5,0.1,2.6,63.5,1000.5,6.8
24.2,1.6,2.1,63.9,997,7.6
23.8,,1.9,68.6,994.5,5.3
25.6,,2.1,66.6,991.2,7.4
24.1,0,2.5,75.5,994.3,6.3
25.5,,2,71.9,994.8,2.9
27.5,,1.7,64.6,994,4.8
24.5,2.2,2.8,75,992.6,6.6
25.8,,2.6,62.6,997.5,7.3
23.5,2.9,2.4,71.9,999.3,9.1
18.7,47.6,4,94.8,993,10
20.3,11.5,2.8,79.4,993.9,9.9
23.4,,2,63.1,995.5,5.1
25,,1.8,70.9,997,4.1
26,0,1.9,72,998.3,4.5
26.1,,1.6,71.6,998.4,5.4
24,29.1,2.7,81.6,994.9,9.9
23.8,3.6,3.7,86.3,995.9,9.6
25,0,1.6,77,1001.8,6.3
23.7,11.5,1.6,89.3,999.9,9.8
21.1,103.1,3.6,95.5,995.7,10
22.5,2.9,4.6,74.3,989.3,9.3
24.3,0,3.1,69.3,993.6,7.8
25.4,0,2,69.3,997.4,7.4
24.3,2.2,2.2,86.4,998.6,10
24.4,0.4,2,84.8,1000.5,9.9
23.7,50.1,2,95.8,1002,10
25.3,0.1,2.1,85.5,1003.4,8.3
26.2,1.5,2,81.9,1003.9,6.9
25.3,39.1,1.7,90.9,1000.5,9.8
24.9,31.4,2.3,96.3,997.8,10
25,102.6,3,96.3,998.4,10
27,3.9,3.5,89.3,1000.9,9.6
26.5,18.5,1.9,92.1,1000.8,9.8
24.1,75.7,3.3,92.8,995.4,8
24.3,0,1.8,85.3,996.9,9
24.2,19.1,2.3,89.5,993.2,9.1
24.9,50.3,2.6,95.4,992.5,9.8
26.5,44.6,2,91.6,993.8,9.9
24.6,97,2.2,92.5,999.6,9.5
27.2,,1.9,83.9,1002.7,8.3
28,,2.5,82.4,999.3,8.5
27.1,0.4,3.5,86.1,995.8,9.3
26.1,69,1.9,96,998.7,9.3
27.4,,3,82.6,1001,8.3
28.2,,2.3,77.9,1003.7,4.4
27.5,,1.6,76.3,1003.2,2.8
27.1,,2,76.8,1001.7,2.3
27.7,,1.7,76,1002.4,6.4
26.6,2.5,1.6,83.1,1003.9,8.8
24.3,42.6,2.1,87.4,1002.5,9
25.3,,1.9,78.4,998.7,6
27.8,,2.2,71.6,995.2,5.9
29.9,,2.1,69.5,995,5.9
30.2,0.6,3.4,68.3,992.2,6.4
27.1,8.7,3.6,84.6,991.3,9.9
27.3,13.6,1.6,89.1,997.3,8.9
26.8,13.6,1.3,90.1,999.2,8.4
26.8,42.5,2.1,88.8,1001.6,7.9
26.4,0,2.8,77.9,1002.4,8.8
26.6,0,1.9,72.4,999.4,8.8
24.3,33.3,2.3,91.3,993.7,9.6
22.7,29.8,4.8,82,987.3,7.4
23.3,,2.7,63.9,1002.2,1.6
23.3,,2,66.6,1003.5,8
21.7,6.4,2.7,80,999.3,9.4
19.2,61,4.2,93.5,983.1,10
23.4,0,4.2,71.5,998.7,5.4
21.1,1.3,2.1,83.4,999.9,7.6
22.8,3.9,2,75.8,999.1,6.3
22.4,1.2,2.8,72.6,1004.5,7.6
20.2,5.7,2,83.8,,9.5
21.5,,1.9,70.4,1005.7,2.8
21.3,0,1.8,79.3,1004.4,4.6
23,,1.6,76.4,1002.6,7.5
22.5,0.3,1.9,79.9,999.6,9.4
21.3,,2.1,70.3,1000.2,8.4
21.5,,2.8,62,1002.7,3.1
21.2,0.3,2.2,59.3,1004.9,1.5
19.7,,2,57.6,1007,0
19.1,,1.7,56.1,1008.1,4.5
20.2,,2.8,55.3,1008.7,3.1
19.2,,3.3,59.9,1008.2,7.6
20.6,,3.7,59.6,1005.3,6.6
20.1,,2.5,64.1,1003.7,4.9
19.3,,2.4,62.5,1006.7,4
20.4,,2,63.3,1008.5,1.1
20.7,,2,66,1006.5,1.1
19.6,,1.9,67.6,1001.6,6.8
19.6,38.3,1.7,78,1000.6,7.1
18.8,,2.1,74.9,1003.4,5.5
19.2,0,2.3,79.6,1004.6,9.1
19.9,0,1.6,72.5,1004.9,8
16.6,0,2.8,65.1,1002.7,7.1
13.3,,2.5,57.3,1007.9,2.3
14.2,,2,55.9,1012.2,2.5
16,,1.9,48.9,1015.8,3.8
17.2,,3.1,53,1016.7,0.1
17.2,,3,53.4,1013.2,4.6
16.9,,2,60.1,1009.7,5.3
16.9,,1.8,68.5,1006.1,5.8
16.2,,2.2,68.6,1005.2,2.6
13.6,,2.2,52.3,1010.7,3.5
12.8,,2.4,47,1014.6,6.6
11.7,,1.5,41.8,1015.8,6.6
11.8,,1.5,64.3,1013.7,7.6
13.1,,1.8,64.3,1013,1
13.6,,2,65.5,1013.6,0.5
15.1,,1.7,74.4,1014.7,0
15.2,,1.6,67.1,1015.4,0.4
14.1,,1.9,69.4,1008.6,7.3
13.5,0,2.8,66,1003.5,4.6
8.6,,3,51.5,1004.9,0
8.7,,2.5,47.6,1008.7,0
11.8,,1.7,62.5,1009.9,2.8
12.9,,1.6,71.6,1009.8,1.6
14,,1.8,74.1,1010.9,1.1
13.8,,2.5,52.1,1012.6,3.8
10.8,,2,40.3,1013.7,3.1
11.9,,1.5,42.9,1015.2,0.4
13.6,,2.6,60.3,1013.9,6.1
13.7,13.6,2.3,84.3,1009.2,8.6
10.8,1.7,2.3,58.3,1010.1,3
5.1,0.5,3.5,47.5,1011.9,1.5
4.9,,2.3,43.9,1015.2,0
9.6,,1.8,61.5,1016.7,5.3
13.5,,1.7,63.3,1010.9,8.9
14.6,0.1,2.7,68.8,1007.6,3.6
8.5,,3.1,43.8,1012.3,0
5.5,,1.8,40.9,1015.2,2.4
7.7,,2.2,56.1,1017.9,0
9.3,,1.6,53.5,1021.3,0
10.4,,1.7,56.9,1019.9,2
12.2,,1.6,71.5,1018.2,3
12.5,,1.7,66.9,1018.9,1.3
11.1,,1.7,75,1017.1,3.4
12.4,,1.6,70.1,1015.9,2.1
15.9,0.1,2.3,67.5,1013.2,7.4
16.6,12.2,2.6,91.4,1005.5,9.8
13.6,86.9,4.2,90.5,998,9.8
2.8,0,3.2,74.3,1009.3,6.6
6.5,0.2,2.1,67.9,1013.1,6.1
5.6,4.8,2.5,80.5,1012.4,7.8
1.7,,2.3,61.4,1017.8,0.3
2.9,,1.8,54.5,1018,6.1
4.6,,1.5,64.1,1017,5.4
5.6,,1.7,66.5,1016.5,5.5
4.1,0,2.7,61.6,1015.4,4.9
-0.1,,2.8,50,1018.3,2.9
-0.6,,2.2,59.6,1019.3,4.1
-0.2,,1.9,57.8,1024.1,0
1.1,,1.9,44.5,1024.7,4.4
2.4,,1.8,41.4,1020.2,6.6
0.7,,2.7,47.1,1019.1,1
-0.6,,1.8,53.8,1019.6,0.9
2.1,,1.7,63.1,1019.1,5.6
4.5,,1.8,66.9,1017.4,4.3
3.4,,2.6,57.5,1017.6,3.8
-0.5,,2,50,1018.2,0.4
1.5,,1.5,55.1,1015.9,4.5
5.8,0,1.7,69.9,1011.8,7.8
5.3,,1.8,77.1,1009.1,6.5
2.3,,2.1,51.3,1009,1.8
-1.1,2.9,2.9,74.9,1008.4,5.4
-7.7,,3.4,49.1,1018.3,0
-8.3,,2.8,43,1020.5,0
-8.3,,2.6,43.9,1020.6,0
-4.9,0,1.7,47,1019.6,2.3
-2.1,0.2,3,57,1017.7,4.1
-5.1,,2.4,45.1,1022.4,1.4
-3.7,,2,50.4,1021.6,0
-1,,1.6,64.1,1018.4,0.9
2,,2,67.6,1015.3,4.8
4.5,0,2.3,76.6,1011.3,7.8
2.6,,2.9,61.5,1007.8,1.3
-0.8,,2.1,51.9,1012.8,0.1
2.2,,1.8,65.8,1013.5,3
5.8,0,1.8,62.9,1011,7.5
6.7,1.3,1.4,72.1,1012.6,5.3
0.1,0.2,2.9,70.8,1011,8.5
-10.9,,4.1,55.5,1012.5,0.8
-8.9,0,2.4,53.9,1015.4,0.4
-4.2,,2,64,1014.9,3.9
-5,,2.6,38.5,1018.5,0
-5.6,,2,45,1023,2.9
-3.5,0,1.7,51.4,1020.3,4.8
-5.5,0,2.9,52.8,1019.2,2.6
-7.4,2.3,2.4,54.6,1012.8,3.6
-14.5,,4.1,49.9,1015.3,0.9
-14.9,,3.3,44,1014.1,0
-12.2,,2.6,46.3,1014,0.8
-7.7,,1.3,54.4,1017,3
-6.7,,1.9,62.1,1015.5,6.9
-3.9,2.6,1.8,79.5,1006.9,6.1
2,0,2.4,80.3,1004.6,3
1.7,,2.3,46.5,1011.1,0
4.5,0.2,3,67.4,1005.6,8.5
-4.9,,3.3,59.3,1014.8,0.8
-5.5,0,2.3,58.5,1016.4,2.3
-3.8,0.3,3.2,64.3,1010.7,4.3
-6.3,,1.8,37.9,1021.2,0
-0.1,,2.2,37.8,1019.1,1.9
4.5,9.2,2.3,64.4,1012.6,9.6
5.5,0.1,1.7,92.9,1009.2,9.5
7.6,,4.2,66,1009.8,6.5
7.3,,2.1,63.9,1015.2,3.4
7.9,,1.9,62,1015.1,6.3
5.3,1.7,1.9,80.4,1009.4,8.4
1.7,,2.2,47.6,1012.9,6.4
-2.6,2,4,52.3,1006.5,5.1
-8.8,,3.5,40,1015.6,0.3
-1.6,0.5,2.5,60,1015,3.9
3.2,,2,57,1015.5,4.8
5,0.7,2.7,74.5,1006.2,7.6
-5.6,0,3.9,44.1,1015.4,1.8
-3.2,3.4,2.2,64.6,1014.5,5
-3.6,0.1,2.5,50.1,1016.4,0.1
1.4,,2.4,71.8,1010.2,6
6.8,,2.2,80.4,1004.8,9
3.6,,2.9,67,1010.8,4.4
-3.1,,3.4,43.6,1017.5,0
-0.9,,2,51.9,1017.6,0.1
3.4,,2.1,75.1,1014.5,6.3
5.5,,1.3,71.5,1014.6,5.3
6.5,,1.7,60.6,1014.3,4
7.6,,1.5,50.6,1013.7,1.1
9.5,0,1.7,47.6,1004.5,8.1
1.2,1.4,4,65.1,1001,5.8
-5.1,1.5,3.2,57.9,1006.2,4
-8.3,0,5,44.1,1008,1.6
-5.8,,3.1,44.9,1011.4,0
1.6,,2.9,66.9,1006.5,3.3
8.8,,2.1,60.4,999.5,2.4
10.8,,2.8,66.6,999.2,0.8
7.8,,2.9,58.3,1004.5,2.6
0,,2.9,34,1015.2,3.3
2.9,,1.8,33,1014.7,6.5
4.2,,1.4,35.1,1013.1,8.1
8.2,,2.3,35,1013.3,4.5
9.5,,3.4,48.6,1017.8,3.5
7.8,,2.1,49,1015.4,6.1
4.7,67.5,3.5,91,1005,10
2.3,0.1,1.9,75.9,1014.4,5.5
4.4,,1.8,64.4,1018.3,4.5
7.2,,1.9,62.4,1013.5,6.3
9,,2.1,70.3,1010.7,1.3
6.6,,3.3,69.5,1016.7,4.9
6.2,,2.8,62.9,1017.7,3.5
7,,1.8,60.3,1016.3,0
6.6,,2.2,58.5,1015.2,4.3
8.8,,1.8,61.8,1017.7,0.4
10.2,,1.8,50.8,1015.4,6.4
10.5,0,2.2,57,1011.5,7
9.2,,2.2,62.8,1011.1,5
9.1,,2.2,71.4,1009.6,3.5
10.6,1.7,2.4,68.8,1005.9,8.9
8.4,1.3,3.2,52.5,1005.5,1.9
8.8,,1.8,44.9,1008.8,0.3
11.7,,1.8,50.1,1009.1,5
15.3,,2.2,47.9,1008,6.8
9.9,5.1,2.2,74.6,1002.9,9.8
5.8,0.3,4,65.9,1004.5,6.8
6.2,,3.2,55.3,1009.9,0.4
9.1,,2.5,63.5,1010.1,0.3
10.8,,2.4,61.5,1010,4.3
11.9,,2.2,68.5,1010.8,2.4
12.6,,1.4,58.4,1010.2,5.5
12.1,25.5,2.5,70.9,999.8,9.6
9,9.2,3.3,95.8,992.7,10
10.2,0.2,3.3,62.3,998.3,5.5
10.8,,2.2,47.3,1002.4,0.6
14.5,,1.8,41,1004.1,3.8
17.7,,3.5,33,1008.1,5.3
17.8,0,3.2,35.6,1008.7,8.1
14.9,56.2,3.1,80.8,1002.1,9.9
11.9,0.6,3.2,65.8,1005.4,6.3
11.9,,2.4,47.9,1011.7,2.3
13.9,,2.5,50.9,1009.7,2.4
14.1,,2.5,47.5,1009,0
13,,2.7,34,1008.1,0
13.6,,2.7,39.3,1014,0.6
12.6,,2.6,50,1019.8,0.5
15,,1.7,45.4,1018.7,3.5
13.8,22,2.4,70.4,1007.1,9.8
10.4,8,3.7,74,1002.4,6.6
8.4,,2.9,58.5,1008.8,0.3
11.6,,2.1,62.3,1007.9,4.9
11.3,0.7,2.6,60,1005.6,6.9
9.6,0,2.6,56.6,1004.3,3.8
9.9,,3.2,64.3,1005.9,0.9
12.2,,2.4,65.3,1006.9,0
14.8,,1.9,55.1,1010.6,2.9
19.1,,1.8,43.1,1011.1,3.9
20.9,,2.5,37.9,1008.5,8.9
19,0,3.2,41.4,1009.1,9.6
18.3,0,2.7,43,1009.5,6.8
18.2,,2.7,50,1009.1,1.1
16.2,,2.6,51.8,1010.6,4.5
15.4,1.7,2.3,62.4,1007.5,9.4
14.5,4.7,2.4,64.1,1005.8,7.9
14.6,3.9,2.3,54.1,995.8,7.6
11.3,26.3,2.4,81.8,994.3,9.5
10.2,8,2.7,80.8,995.6,9.4
12.4,1.7,3.1,67.9,1006.2,2.6
14.1,,2.1,56.4,1007.6,3.8
13.8,19.6,2.1,82.6,999.3,9.6
13.9,0.1,3.5,64.4,1002.3,2.6
15.7,,2.4,46.4,1005.1,4.8
14.4,8.8,3.4,60.3,996,3.1
14.3,,3.4,66.1,994.4,1.1
15.7,,3.5,51.3,999.3,0.3
13.2,0,1.8,67.9,1003.2,8.6
18.5,,2.7,48.9,1003.1,6
22,,2.2,39.5,1001.9,4.5
22.9,,1.9,54.4,1001.1,0
24.1,,1.7,60.3,1000.7,7.1
22.1,15,1.7,79.5,996.4,9.8
18.4,66.9,2.5,97.6,991.1,10
15.3,3.1,1.6,93,997,9
17.9,,1.7,70.5,1000.5,4.4
19.9,,1.8,52.3,1001.8,2.6
18.7,0.9,2.5,59.8,995.2,9.9
16,6.9,1.7,86.5,995.9,9.5
18.6,0.2,2.5,69.3,1000.8,1.5
19.5,,1.7,64.4,1000.8,6.9
19.4,,2.7,61,997.9,3.3
15.3,8.3,3.2,72.3,997,5.3
18,0,2.9,58.5,997.4,7.6
15.8,8.9,2.8,83,991.6,6.5
15.3,12.3,2.6,86,990.6,8.6
15.4,0.3,2.2,79.8,996.7,5.1
18.4,18.1,2.1,73,998.9,3.9
19.9,4,1.8,78.9,1001.1,7.4
20.2,3.2,2.2,74.6,1003.9,8.1
23.2,,2.1,64.4,1002.6,3.4
19.1,18.1,1.8,80.8,994.3,9.6
18.5,,2.9,69.4,991.7,2.6
20.8,,3.3,68.1,991,3
23,,2.2,69.6,996.7,3.8
21.1,0,1.7,71.5,1003.8,7.8
23.6,0.1,1.7,69.6,1005.1,5.4
25.8,,1.6,59.1,1004.6,3.4
24.9,6.1,2.2,68.5,1000.8,8.5
21.5,4.6,2.8,84.5,1000.1,6.4
24.2,,1.8,74.6,1001.7,5
24.8,,2,72.6,998.4,3.5
24.8,,2.1,68.8,995.7,6.8
22.5,1.9,2.3,79.1,994.5,7
24.3,,3.6,59.9,995.5,2.5
21.9,0,2.4,71.4,995.8,9.4
20,6.3,2.5,92.1,991.5,9.8
22.3,,1.8,74,991.4,4.1
22.9,,2.8,73.3,990.9,3.1
23.6,,2.2,67,994.5,3.3
22.8,0,2.1,67.9,998.3,6.8
22.4,7.5,2.4,70.5,1000.4,4.4
23,,1.9,71.1,1001.2,3
24.1,,2,69,1000.7,4
22.8,4.5,1.8,78.5,1000.5,7.3
24.5,38.2,2,72.1,997.3,5.4
23.7,0.1,1.9,76.4,995.4,8.1
23.9,8,1.8,78.6,995.6,6.5
24.3,6,1.3,77.9,997.1,6.1
26.3,,1.8,70.9,996.8,2.3
27.1,,2.3,64.1,998.7,5.8
22.6,60,3.6,80,996.3,8.5
21.4,21.4,2.3,96.8,994.4,9.9
23.3,,1.4,80.3,999.8,8.9
25.3,,1.6,73.4,997.2,7
26.4,12.7,1.5,78.5,997.1,9.4
26,2.9,2,81.6,995.2,7.1
25.5,0,1.9,77.3,995.5,6.5
25.9,0.5,2.4,80.4,997.5,7.4
25.7,0.4,2.2,86.8,999.9,7.8
28.1,,1.6,75.1,1000,6.6
28.8,,1.7,76.1,999.8,6.8
29.7,,2.2,71.4,1002.1,7
29.1,0,2.1,71.1,1004.5,5.1
28.8,,2.2,68.4,1004.3,3.5
29.1,0,2.3,63.1,1002.1,4.8
29.6,,2.1,62.5,1001.4,5.6
26.4,67.4,1.9,80.1,1003.4,6.9
27.9,0,1.5,75.8,1004.4,7.6
30.5,,1.7,64,1002.9,3.5
31.2,,2,59.8,1000.9,4
31.2,,1.8,61.8,999.3,2.3
31.7,,1.7,57.4,998.2,3
31.5,,2,55.8,996.5,4.9
31.2,,2.4,54.9,994.6,1.6
31.1,,2.1,60.5,992.9,3.9
30.4,0,1.9,67.4,992.5,3.8
29.6,,2,69.9,991.9,6.8
30.5,,2.1,63.1,990.5,6.5
29.8,3,2.5,69.9,990.6,6.9
27.1,21,1.3,81.8,991,9.8
26.5,1.7,1.6,82.6,993.6,9
28,0,1.8,76.9,997.7,6.1
28.9,,2,70.6,998.8,5.9
29.4,,2.1,68.1,996.4,4.6
28.1,,2.1,68.4,994,7.4
28,,2.1,65,993.5,3.3
26.8,12.7,1.7,74.8,993.4,8.1
28.3,,2.3,62.4,993.6,5.6
27.7,,2.3,62.5,997.5,4.5
27.4,0,2,70.3,1000.1,5.8
26.8,0,1.8,67.1,999.6,5.9
26.6,,2,70.4,996.7,8
26.1,,3,63.9,998.3,6.5
26.9,,2.3,59.6,1003.6,1.8
27.3,0,2.3,61.1,1004,3.8
25.9,9.3,2.4,65,1000.2,5.5
24.3,5.6,2.8,69.6,1000.4,5.3
26,,2.6,57.1,1001.6,4
26.6,0,2.3,63.6,1001.4,6.9
23.8,62.8,2.7,88.1,993.1,8.8
24.4,0,2.1,81.5,998.3,8.6
22.4,7.4,2,89.3,998.7,9.5
23.4,10.5,2.9,93.6,989.8,10
25,0.3,1.8,85.5,996.4,8.4
25.5,0.7,2.5,84.9,1001.8,8.1
22.4,0.9,1.3,83.5,1003.2,9.1
23.6,,1.8,80.4,1004.2,8.4
23.7,0.9,1.6,82.6,1004,8.6
24.2,0,1.4,77.5,1005.9,8.3
20.5,77.4,2.3,93.3,1004.6,9.9
21.4,0.8,2.9,83.1,999.7,9.3
23.5,,2.1,70.3,999.9,8.3
24.3,,2.4,60.3,999.8,1.9
23.2,,2.7,57,1005.3,4.4
23.1,,3.2,61.1,1008.4,5.8
22.3,12,3.2,70.1,1006.1,8.9
19.6,29.6,2.3,98.1,997.9,10
22.2,1.6,1.7,81.3,1000.5,4.5
23.5,,1.5,76.5,1003.6,6.5
23.6,,1.9,76,1003.2,3.9
24,,1.7,73.1,1002.7,2
24.2,,1.8,64.6,1003.2,1.9
24.8,,2.4,67.1,1006.4,6.9
24.6,,2.6,63.3,1005.4,2.4
23.6,,3.6,57.5,1006.2,0.6
22.9,,2.6,61.1,1002.8,5.1
23.5,,3,61.4,999.7,3.8
23.9,,1.6,65.1,1004.4,2.3
23.7,,1.9,62.9,1005.6,6.3
23.7,,2.7,63.6,1000.8,5.9
22,68.1,2.9,85.1,995.1,8
20.2,4.5,2.7,79,998.5,4.1
20.9,,2.4,67.3,1006.6,3.4
21.8,,2.2,67.5,1012.3,1.5
21.2,,2.3,72.6,1013.1,8.6
22.6,,2.3,63,1010.4,6.8
21.6,0,2.4,66,1005.8,8.3
21.5,1.3,2.2,75.1,1002.6,9.8
20.2,13.1,1.7,93.5,997.9,7.6
20.3,,1.5,83.9,999.2,2
21.1,13.3,2.4,75.8,998.8,2.9
20.7,,1.6,77.1,1003.6,4
22.3,,1.9,69.5,1008.4,2
22.9,3.6,2.9,81,1009.2,9.5
23.6,0,3.3,82.4,1010.1,8.1
18.8,6.4,2.8,91.5,1009.5,9
19.4,4.6,1.9,85.5,1006.7,9.4
18.8,3.5,1.7,91.3,1010.9,9.5
20.9,0.4,2.3,83.5,1011.8,6.8
19.9,14.2,2.2,89,1007.9,9.8
15.2,0.3,2.2,78.6,1011.4,8.3
17.9,,3.3,67.1,1014.8,6.9
19.6,,2.4,66.6,1013.5,2.1
19.7,,2,73.6,1009.2,5.8
19,0,2.1,74.4,1008.2,9.6
10.7,0,3.4,47.5,1013,6.1
5.6,,2.9,37.4,1017.7,0
9.6,5.6,2,60.4,1012.9,6.6
10.9,4.4,2.4,72.8,1009.3,4
9.5,,1.7,64.9,1011,0.3
9.8,,1.7,64.1,1009.7,3.3
10.8,,1.8,58.4,1012.2,0.8
11.4,,1.6,57.3,1017.7,0.3
11.4,,1.7,63.1,1015.9,0.3
11.7,,1.9,64.5,1012.7,0.8
13,,1.7,74.5,1009.9,3.6
13.4,0,2.2,63.4,1009.2,2.5
12.7,,1.4,54.6,1013.1,0
14.6,,2,55.9,1014.5,4.6
13.8,,1.6,62.4,1013.5,6.1
14.1,0.7,1.6,73.3,1013.4,3.8
12.9,,1.9,77.3,1013.1,3
11.5,,1.7,76.6,1011.6,4
12.1,,1.5,71.1,1009.2,3
12.1,0,1.3,80.4,1009.6,2.4
13,,1.5,68.5,1010.8,0.6
14.1,,1.6,61.1,1010.6,1.3
15.3,,2.1,57.5,1009.4,7
8.6,25.7,3.2,82.1,1001.4,9.9
4.9,2,2.4,80.3,999.8,8.1
4.2,0.3,2.5,73.4,998,7.4
5.3,0,2.9,60.6,1001,3
4.5,,2.6,55.4,1006.7,1.3
7.3,,1.5,66.1,1008.1,4.5
11.3,,2.2,69.8,1007.3,3.4
10.1,,1.6,71.3,1011.2,3.6
8.5,,1.9,65.5,1013.9,0
7.5,,1.6,64.1,1013.3,3.5
11.9,0,2.4,70.8,1007.5,7.5
12.9,,1.9,84.8,1007.3,6.5
10.4,,1.6,77,1010.4,3.3
10.4,5.9,1.9,74.4,1005.9,8.9
2.7,1.3,4.1,61.8,1005.5,3.3
-0.6,,3.2,60.9,1007.9,2.9
4.1,0,1.9,64.3,1006.4,3.9
5.7,,2.2,55,1008.3,1.9
2.9,0,2.2,57.5,1016.4,1.4
3.4,,1.6,53,1023.5,0
5.1,,1.5,52.4,1022.9,4
7.6,,1.6,62,1015.7,7
5.7,27.2,3.7,80.4,1000.8,9
-1.3,,4.2,51.8,1011.2,0.6
1.3,0.1,2.1,68.9,1008.2,4.5
1.9,0.4,2.9,53.3,1008.4,1.4
1.4,,2,48.5,1015.3,1
2.9,,1.4,50.4,1018.6,0
5.4,,1.6,61.4,1016.5,4.1
6.8,,1.2,68.3,1018.8,0
6.7,,1.5,70,1021.5,1.6
6.5,,2.2,70.3,1018.6,6.9
7,0.7,2.1,81.5,1014.6,8.1
6,,1.4,83.6,1015.4,8.1
1.2,,3.2,61.8,1015.4,2.5
-2.2,,2.3,43.8,1017.3,2.1
3.7,1.2,2,64.9,1010.6,9
7.2,2.1,1.7,84.8,1009.3,7.3
6.4,0,1.8,71.6,1008.1,7.1
-5.6,,4.6,50.5,1013.5,1.4
-5.7,2.8,2,64.1,1014.4,4.1
-0.8,0.2,2,63.8,1011.2,0.6
5.2,0,2.1,77.9,1006.3,4.6
5.2,,2,70.9,1006.9,1.4
2.2,,1.7,47.4,1012.8,0
2.7,,1.4,53.5,1013.9,2.8
-0.3,0.2,2.6,65.3,1012.5,6.1
-11.7,,3.9,42.4,1021.5,0
-12.1,,3.1,43.5,1023.4,0
-7.6,0,1.7,60.9,1020,3.1
-4.1,,2.2,73.8,1016.9,4.1
0.4,0.2,2.6,72.9,1009,5.1
-3.9,0,3.3,48.5,1014.5,2
-6.7,,3.5,35.9,1020.6,0
-4.3,,1.5,46.3,1019.8,1.4
-1.3,0.3,2.3,57.9,1015.7,4.1
-1.9,0,1.8,58.3,1015.3,4.9
-2.5,0,2.4,51.8,1017.3,0
-2.8,,1.7,47.6,1016.9,7.3
-2.2,,2.3,47.1,1018,0
-1.6,,1.5,47.1,1018.8,0
0.3,0,1.7,64.3,1013.5,5.9
1.3,,1.7,71.5,1011.7,3.1
0.5,0.9,2,68.3,1009.7,7
-7.4,0.2,4,55.5,1010.1,0.4
-7.7,,2.4,47.8,1012,2.8
-6.4,,3.3,45.8,1011.1,2.3
-4.8,,1.7,41.8,1014.8,2.6
-1,0,1.9,48.3,1011.9,8.5
-2,0,3.3,54.5,1014.2,1.6
-5.8,0.5,2.2,59.9,1016.5,2.5
-5.6,,2.3,47.9,1017.6,0.3
-5.3,1.7,2.1,72.3,1013.9,5.1
-5,,1.8,63.5,1018.1,0
-2.7,,1.8,55.6,1019.3,0
0.3,,1.7,52.4,1015.4,5.9
2,,1.7,52.4,1011.5,4.8
4.6,,3.5,56,1011,4.9
2.8,0.7,2.3,80,1010.2,9.4
1.3,,2.2,62.8,1013.7,2.4
-1.1,,2.1,50,1014.2,2.1
-2.7,,2.8,51.6,1014.1,2
-3.6,,2.4,48.9,1011.5,0.8
-2.8,,2.2,45.4,1011.5,0.6
-0.7,1.2,1.9,59,1012.9,3.3
-1.3,1.7,2.6,76.6,1014.2,6.6
-3.4,,2.4,60.5,1017.4,3.5
-3.4,,2.4,52.4,1016.3,1.5
-5.2,0,3.1,53.3,1014.2,1.9
-6.6,,3.1,48.8,1015.4,0.9
-3.9,,2.5,50.3,1016.9,1
-2.5,,1.8,51.3,1017.5,6.1
-0.1,,1.9,53.8,1016.6,1.5
1,,1.8,52.3,1014.7,5.5
1.4,,2.3,57.8,1012.5,1.6
2.9,,1.8,61.1,1015.5,2.6
4.8,,1.7,50.4,1014,3.5
4.8,,1.8,44.9,1011.3,5.3
2.5,1.7,2.9,68.3,1009.5,6.6
-4.7,0,3.8,58,1011.1,5.6
-7.3,0,3.7,50.4,1012.9,0.9
-6.2,,2.5,41.6,1017.5,0
-1.2,,2,40.4,1018.8,3.9
-1.7,0.1,2.9,52.9,1013,6.5
-4.8,,4.1,41.1,1015.5,0.1
-3,0.1,2.9,56.3,1016.9,2.5
-4.5,,3.2,43.3,1021,1
-5.6,,2.6,38.5,1021.9,0
-2.4,,2.2,52.4,1019.6,0
3,,2.3,77.5,1015.6,3.8
5.4,1.1,3.9,78.4,1006.9,8
3.7,,2.8,56.6,1010.9,0
6.8,,1.5,62.3,1009.9,8
5.8,2.3,2.3,70.5,1004.2,6.1
3.5,,2.7,55.9,1007,1
5.8,,2.1,52.9,1007.1,0
6.9,,3.6,60.5,1001,5.1
2.3,,4.3,38.4,1005.2,0.1
1.4,,2.6,39.5,1011,1.3
2.8,,2,45.8,1010,6.1
6,,2,56.1,1008.6,4.9
7.1,,1.9,69.6,1011.2,2.3
9.3,,2.1,51.4,1010.1,6.6
11.2,,1.9,58.4,1007.8,5.3
12.8,2.6,2.7,72.1,1004.4,5.8
11.7,42.1,1.9,95.5,1000.6,9.4
8.2,8.7,3.2,90.3,1001,6.4
7.2,,2,72.6,1003.7,3.8
10.3,,2.1,62.6,1006.2,3.8
10.7,1.2,2.7,62,1008.5,10
7.5,0,4.4,60.8,1000.8,9.1
3.4,14.6,3,84.6,998.9,8.9
5.4,0,2.6,66.1,1008.2,5.1
5,,2.4,49.5,1013.3,7.5
7.1,,2.2,48.9,1011.4,2.5
6.2,,2.3,56.8,1007.5,9
8.2,,1.8,70.6,1009.1,8.4
12,10.9,2.6,70,1004.5,7.9
11.8,19.8,2.9,80.9,992.1,8.3
8.1,,3,49.1,1005.6,0.3
8.2,,2.1,35.6,1015.2,0.5
9.7,,2.1,52.9,1013.9,1.4
10.8,0.4,1.8,76.5,1010.3,7
10.9,,2.5,63.5,1013.4,7
9.2,,2.6,50.5,1018.1,1.1
8.2,,2.3,55,1016.7,0.5
9.6,,2.1,55,1017.3,0
10.3,,2.3,50.3,1017.2,0
10.3,,2.4,41.1,1011.9,6.1
11.7,,2.5,52.3,1010.5,6.4
10.9,,3.3,43.5,1007.5,2.4
12.9,,2.1,49,1008.5,0
17.8,0.5,3,43.8,1004.6,2.4
18.2,,2,46,1006.1,1.5
19.6,,2.4,60.4,1002.7,2.8
19.3,0.5,2.8,77.9,1000.4,8.6
13.1,1.3,4.4,69.3,1004.2,10
13.2,,4,53.4,1008,9.3
13.3,,3,46.8,1007.4,1
13.2,,2.5,48.5,1007.2,0.3
14,,2.3,53.8,1007.7,2.6
15.2,,2.4,46.1,1007.4,4.8
15.2,,2.4,51.9,1006.9,0
15.7,,2.3,48.8,1005.5,0
16.3,,2.8,48.4,1001.6,5.3
15,,3.5,76.8,1000.3,8.5
17.7,,1.7,57.3,1001.9,6
18.5,0.3,2.3,72.5,1001.2,6.4
20,1.3,1.4,80.5,1000.6,10
21.9,1,3.1,57.9,993.2,5
17.7,,2.7,31.5,1004.3,0.4
18.2,0,2.6,44,1005.6,5.8
13.4,15.5,3.4,70.6,1006.3,8.8
13,,2.9,68,1007.2,8
13.4,,3.1,54.8,1002.6,1.3
14.2,,2.4,56.5,1003.2,2
14.8,,2.5,45.9,1008.5,1
17.8,,2.7,43.3,1008.5,0
18.9,,2.2,48.1,1008.3,0.5
19.6,,2.5,67.1,1006.1,5.3
18.4,0.5,3,52.4,1006.6,8.6
15.3,2,2.8,51.8,1008.7,9.1
17.9,,2.2,56.4,1007.8,3.1
19.9,0,2.2,39,1005.7,7.3
19.7,0,2.4,50.4,1004.7,6.9
20.9,,1.9,51.5,1000.7,3.9
19.4,,2.2,45.8,997.5,5.9
15.7,,3.3,45.5,1001.8,4.4
16.2,,3.2,39.8,1003.6,2
17.3,,2.8,56.3,1001,0.5
20,,2.4,60.1,1002.6,0.3
20,1.5,2.9,59.4,1005.5,4.3
19.9,,3,53.6,1006,4.9
20.6,,2.3,52.8,1003.2,5
20.1,,2.5,70.8,999.1,3.6
20.3,,2.5,70.9,997.6,3.8
23,,2.3,63.5,1001.7,3
22.9,,2.1,56.8,1003.7,3.4
21,3.5,2.6,66.6,998.4,6.5
18.7,0,3.7,59.9,993.9,4.5
20,0,3.3,62.5,991.1,2.4
22.3,,2.8,54.1,995.1,2.1
23.1,,2.3,66.4,995,6
20.8,0,2.5,71,992.5,7.9
20.7,,2.5,42.4,997.5,1.4
22.1,,2.6,41.6,995.8,0.6
21.5,,2.7,67.4,997.3,3.9
24.5,,2,62.8,999.4,4.1
25.6,,1.7,57,999.4,7
22.7,0,2.3,59.8,992.9,9.1
19.7,4.3,3.2,69,991.8,6.9
20.6,0,2.7,54.5,997.3,6.4
21.2,,2.3,61.6,1001.1,6.4
20.9,2.6,1.6,76.1,1003,5.5
20.9,1.2,1.9,75.8,1003.8,5.6
24.6,,2.2,59.6,1002.1,3.4
24.6,,2.5,58.9,1001.9,5.8
23.6,18,2.6,68.5,999,7.5
21.5,0,4.2,56.4,998.4,7.8
17.5,18.5,2.3,92.4,996,9.8
20.3,0.7,2.3,78.4,997.7,5.6
22.5,,1.9,76.4,997.9,5.8
23.3,0,1.7,79.6,997.5,7.6
23.4,,1.4,81.6,997.6,8.6
25.2,,1.3,76.6,994.8,6
26.5,,2,72.6,993.9,3.1
25.9,,2.1,71.1,997.1,6.1
24.3,103,2.8,89.1,989.5,8.9
22.6,19.1,3.5,90.9,988.1,8.4
26,,2.8,80.4,994.1,7.5
26.5,,2.6,82.1,998.2,10
26.8,6.1,2.8,84.4,996.7,10
26.9,6.3,5.8,81.9,992.6,10
25.1,37.8,4.1,95.5,994.5,10
22.3,176.2,2.3,99.3,1000.6,10
26.6,,2.1,83.3,1004.4,5.6
28.8,,1.7,72.8,1002.6,4.1
29.3,,1.7,68.6,998.6,4.6
29.3,0,1.8,71.8,995.3,6.9
29.2,0,1.7,73.8,995.1,7.5
29.5,16.1,2.1,76,997,7.3
28.2,0,2.8,82.3,995.4,9.3
25.8,1.7,2.9,84.4,993,9.5
26.9,0.1,1.7,82.1,992.9,7
29.2,0,1.7,68,994.6,5.6
27,9,1.8,75,995.9,6.3
26.8,,2.2,73.1,997.5,8.1
25,114.5,1.8,93.9,992.3,10
25.7,0.9,2.3,84.6,990.2,8.1
26,,2.3,76.5,989.9,5.3
24.8,34,2,83.4,988.5,8.3
25.5,0,1.8,78.9,990.6,7.3
26.8,,2.2,76,989.4,5.4
27.4,,2.3,74.1,992.3,6.3
27.1,1.1,2.2,76.1,996.1,9
23.2,10.4,2.9,87.6,992.3,8.9
25.1,5.2,1.9,81.5,995.7,7.5
24.8,9.9,2,83.6,994.7,9.4
25,1.2,2.1,86.9,992.6,9.5
27.5,,1.9,75,998.7,3.8
28.9,,1.8,72.5,999.3,5
29.3,,2,66.3,999.6,5.3
29.7,,2.4,63.8,1000.8,3.5
30.7,,2.2,68.1,1001.8,5
30.9,1,2.6,68.4,999.3,4.5
27.2,47.2,2.5,85.8,996.4,9.8
28.6,30,2.4,82.4,995.6,8.9
26.8,33.5,2.8,90,998.4,9.9
27.1,51.1,2.8,90.1,1000.1,9.3
28.9,0,2.5,79.3,999.5,4.4
29.4,0,2.6,76.6,996.2,5.9
28.7,13.6,1.7,85.3,996.1,7.5
28.9,0.9,2.4,82.1,996.2,8.4
26.8,129.6,3.3,91.6,995.9,10
25.1,123.1,2.6,96,995.7,10
24.7,7.6,1.6,85.3,996,9.1
25,38.8,1.6,87.9,994.2,9
27,,1.7,73.8,996.2,4.5
25.8,4,1.3,82.8,995.6,8.9
27.6,3,1.9,83,995.5,7.8
28.1,0.9,4.8,83,990.6,9.5
26.7,0,2.6,75.4,993.5,4.8
26,0,2,76.6,996,4
25.6,,1.9,75.8,997.4,6.4
26,66.1,2.3,86.1,992.5,9.6
28.2,0,2.4,80,991.9,4.8
28.1,,1.7,75.3,994.9,5.9
26.8,3.2,2.3,75.6,994.3,8.4
25.4,2.2,2,75,995.9,5.4
24.8,,2.5,66.9,997.9,6.8
22.2,1.6,1.8,78,997.7,8.3
23.8,,2.4,75.3,997.1,4.5
21.5,17.6,2.8,63.1,1000.3,1.3
22.6,,1.7,59.4,1004.5,5.1
21,2.2,2.3,74,1005.5,9.9
19.1,35.8,2.6,96.3,1001.2,10
21.7,0,1.8,83.3,998.8,7.5
24,,1.7,70.8,1003.3,1
24.7,,3.1,61.8,1005.8,2.4
24.2,,3.4,63,1004.2,6.6
22.3,33.8,3.1,88.6,999.1,9.6
19.2,120,3.2,95.9,997.1,10
21,25.3,3.6,78,995.3,3.9
22.8,,1.9,65.3,1006.8,0.1
23.2,,1.6,65.5,1007.7,2.1
24.3,,2,59.1,1007.2,4.1
23.6,,2.6,52.3,1007.2,7.9
23.3,0.1,2.1,68.6,1004.8,8.9
23.8,,1.6,76.1,1004,8.1
24.3,0,2.5,73,1005.7,9.6
24.6,0,4.6,56.9,1005.7,8.8
25.2,0.1,3.6,66.9,1001,8.4
25.7,14.6,2.9,78.6,997.5,9
25.6,4.3,1.4,83.1,998.1,7.8
27.1,,2,75.3,993.8,6.5
24.6,,3.3,63.1,992.3,5.4
19.9,,2.3,57,1003.3,2.1
19.4,,1.8,56.9,1006.7,0.5
19.8,,2,60.1,1004.9,4
17.5,3.3,3.1,68.9,1002.7,3
18.5,,1.8,64.6,1006.6,3.4
19.6,,1.6,63.3,1006.1,6.4
20,,1.7,58.5,1006.6,6.5
20.9,,1.6,59,1005.4,0.5
20.4,,1.8,71,1003.5,4.6
20.4,,1.4,73.5,1004.5,2.5
20.7,,1.6,68,1005.9,0.3
20.9,,1.6,63.3,1007.4,5.4
19.4,15.8,2.7,78.9,1005.8,9.9
21.4,76,2.7,98.5,1001.2,10
17.9,11.8,2.9,83.8,1002.6,9.8
16.6,0.1,2.1,74.8,1009.2,7.5
15.8,0,2.1,76.6,1008.9,8.9
14.3,,2.5,69.5,1009.9,3.4
15.8,,2.5,64.6,1013.4,2.9
13.1,20.4,2.1,85.8,1007.3,8.8
9.9,0,3.8,72.9,1003.4,7.4
11.1,,2.2,69.1,1011.3,2.1
13.5,,1.8,68.1,1016.1,0
16.3,,1.5,69.6,1014.4,2.5
17.1,,1.6,73.4,1009.8,7.9
18.2,,1.4,68.5,1008.6,5.8
16.9,,1.7,73.9,1007.7,8.8
11.2,,3.4,50.3,1009.4,1.4
9.4,,2.3,52.1,1012.4,0
10.5,,1.8,57.8,1015.5,0
12.9,,1.8,64.4,1017,2.1
14,,1.7,68.8,1013.8,4.9
15.1,,1.9,76.3,1010.4,4.3
14,,2.7,65,1008.6,2.5
10.6,,2.8,52.6,1011.3,0.3
11.3,,2,56.5,1017.5,0
12.9,,1.9,58.3,1017,4.9
13.2,,1.7,71.8,1015,1.4
13.6,,1.7,70.1,1015.5,1.5
14.8,,1.8,65.9,1015.6,1.1
14.9,,1.9,64.5,1014.7,1.1
14.9,,2.1,69.8,1013.5,4
13.1,,1.8,73.5,1011.5,3.4
11.1,,1.7,57.1,1010.5,0
9.3,0,2,58.1,1009.3,6.1
4.9,,2.9,41.8,1012.9,0.1
6.5,,1.7,51.3,1014.5,0
9.6,,1.8,60.5,1013.8,2.6
11.4,0,1.7,64.5,1012.5,5.9
12.9,,1.5,68.3,1014.1,2.5
11.4,,1.5,76,1014.8,6.1
13.5,,1.3,74.5,1014.2,1.6
15.6,,1.8,62.5,1014.5,0.9
16.3,57.9,2.2,80,1005.1,8.1
10.3,,2.6,85.6,1005,8.8
9.7,,2.3,74.8,1007.5,5.3
8.1,1.6,2,77.4,1006.4,6.5
8.5,,1.7,71.3,1009.8,2
10.2,,1.6,64.6,1013.4,1.3
11,,1.6,69.6,1015.6,1
12.9,,2.3,55.8,1012,3.1
13.7,,1.7,58.3,1009.4,1.8
11.8,,1.6,70.5,1010.8,3.4
10.7,0,1.9,69.9,1010.3,8.8
10.8,0,2.1,56,1007.3,3.3
9.4,,1.5,65.6,1010.5,3.4
12.3,1.7,3,67.1,1006.6,5
6.7,,3,52.4,1007.9,0.3
5.4,,2.4,43.1,1010,2.4
12.3,19.5,2.7,65.5,1003.7,8.4
6.9,3.8,3.5,67,1007,8.8
-5.4,,3.9,49.1,1021.1,1.5
-5.4,,2.4,43.4,1021,1.5
-2.5,,1.7,42,1019,1.8
2.1,1.1,2.6,70.5,1014.6,6.6
-3.5,,2.8,38.9,1020.9,6.9
-3.1,,2.4,41.9,1018.7,2.9
0.9,0.1,2.4,62.8,1012.2,6.1
4.9,0.1,2.7,60.4,1012.3,1.8
3.7,,1.4,57.5,1015,1
4.5,0,2,60.8,1011.7,3.4
2.6,,1.3,46.5,1009.9,6.1
1.6,,1.8,52.5,1012.5,0.9
2,5.4,1.7,73.4,1009.1,7.5
0,0.6,3.5,70.8,1007.5,6.6
-8.4,,3.2,50.1,1017,1.4
-4.5,2.4,2.5,79.1,1013.9,7.3
-6.3,,2,56.9,1019.5,4.5
-7,0.2,2.7,52,1014.4,2.3
-9.5,,2.6,47.1,1012.2,0
-7,,1.7,55.6,1015.9,2.1
-3.2,,2.2,55.8,1015.4,4.9
-0.1,3.6,2.7,82.4,1001.2,8.5
-7.8,,4.4,60.5,999.6,2.1
-11.8,,4.3,60.5,1002.8,2
-8.4,,1.8,54.9,1009.9,0.6
-5.4,,1.7,66.5,1012.8,0.1
-3.9,,1.4,68.4,1015.3,1.4
-2.6,,1.8,69.8,1018.1,0.1
-3.3,0.1,2.5,58.1,1019.5,3.3
-2.9,0,1.7,56.3,1021.4,3.3
-1.8,0,1.9,65.6,1020.8,1.4
-1.2,0,1.4,65.5,1019.5,7.4
-0.2,,2.7,54.5,1019.8,1.3
-4.5,,2.5,45.9,1021,0
-5,,1.8,49,1019.5,0
-1.8,,1.9,51.4,1019.5,1.9
-1.6,,1.6,58.1,1019.6,3.6
0.6,3.9,2.2,71.9,1011.1,5.8
1.5,0.1,2.2,80.9,1008.7,5.6
1.3,,1.7,69.3,1013.9,3
3.1,,2.3,60.1,1013.8,3.3
1.6,,1.5,59.9,1017.6,1.4
2.6,,1.6,61.9,1015,1.4
5.9,0,2.2,46.6,1011.3,1.8
8.3,37.3,2.5,99.1,1000.5,10
6.6,1.6,2.5,92.9,1003.2,9.8
-0.2,3.2,2.8,93.9,1007.3,10
-4.6,0,2.7,63.1,1014.4,2.8
-3.7,0,1.8,65.1,1015.7,8.8
-1.9,0,2,60.5,1015.3,1.1
-0.4,1,2.5,69.3,1012.1,6.3
-3.3,,3.7,52.4,1016.5,0.3
-4.5,,1.8,55.4,1019.4,2
-0.6,0,2.6,62.8,1015.4,7.5
-0.8,,2.7,66.6,1012.7,5.3
-14.7,0,4.6,51.9,1018.4,1
-11.3,0,2.1,45.1,1019.1,1.6
-6,0.8,2.5,80.1,1013,8.5
-7.3,,3.5,56.5,1012,0
-6,0,2.4,54.9,1011.3,1
-1.8,,2.6,58.3,1008.2,2.5
-0.9,,2.1,55.9,1012.2,0
2.4,,2.7,69.1,1006.8,5.4
0.9,,3.2,68.4,1009,2.5
-2.4,,2.5,50.3,1015.9,5.5
-1.6,,2.2,47.4,1012.5,3
-0.2,,2,49.8,1013.9,0.9
1.7,,1.8,71,1014,2.3
3,,1.6,72.3,1011.6,3.6
3.5,,1.5,72.9,1010.7,3.4
2.1,,2.5,62.1,1015.7,0.3
4,0,2.5,49.9,1015.9,6.5
3.8,0.6,2.2,79.6,1010.1,6.1
2.8,,1.8,73,1012.7,3.4
3.7,,1.8,70,1010.8,6.9
5.9,,2.3,66.5,1007.8,7.3
1.7,,2.7,54.9,1012.1,1.6
3.2,,2.5,46.4,1017.9,3.9
2.3,0,2.7,68.3,1019.3,5.4
3.4,,1.8,67.8,1016.5,5
5.7,,1.5,58.3,1009,9.9
3.5,0.4,3.3,56.1,1008.5,3.9
-0.5,,3.3,46.4,1015.7,0
-1.3,,2.1,42.4,1023.4,0.1
1.2,,2.2,50.6,1019,5.5
2.9,,1.9,65.5,1013.3,2.5
3.5,,3,57.9,1013.7,1.8
0.7,,2.9,44,1020.9,0
2.2,,2.1,46.6,1025.4,0
4.4,,1.9,47.4,1022.9,0
4.3,,2,63.4,1016.3,5.5
6,,3.1,54.4,1011.3,5.4
2.2,,2.8,37.8,1016.6,0
4.6,,2.1,65,1016.7,3.8
7.7,,1.9,68.4,1017.8,4.8
8,,1.7,54,1016.2,0
9.2,,2.1,41.9,1012.3,1.1
11.7,,2.3,60.9,1009.1,2.1
12.5,1.2,2,66.3,1008.1,7
10.3,3.7,2.3,85.9,1004.8,5.1
13.5,,2.1,62.1,1008,0
15.2,,2.4,52,1010.8,5.9
5.9,5.6,3.7,68,1009.2,5.9
2.9,,3.2,38.9,1011.5,3.1
9.2,,2.9,45.9,1007.2,3.4
8.6,,3,66.6,1009.7,6.4
4.6,,2.4,36.8,1017.9,5.5
7.2,,1.7,34.3,1013,8
7.7,,2.6,46.4,1008.4,1.9
8.3,,2.1,59.6,1009.2,0.4
9.5,,1.6,50.4,1005.2,2.8
13,,1.7,35.1,1001.3,1.1
17,,1.8,44.8,999.1,6.4
17.4,0,2.5,48.9,996.2,5.6
12.5,,2.3,36.8,1004.4,8
12.5,,2.3,59.9,1007.2,4.1
9.4,,3.6,34,1006.8,0.8
7.3,,2.3,44.8,1011.2,1.1
9.2,,2.1,53.3,1013.1,2.9
