,LINK_ID,F_NODE,T_NODE,LANES,ROAD_RANK,ROAD_TYPE,ROAD_NO,ROAD_NAME,ROAD_USE,MULTI_LINK,CONNECT,MAX_SPD,REST_VEH,REST_W,REST_H,LENGTH,빈도
0,1140000900,1160044300,1160042700,2,104,0,-,목동남로,0,0,0,40,0,0,0,240.9425,0.2
1,1140001000,1160042700,1160044300,2,104,0,-,목동남로,0,0,0,40,0,0,0,240.9426,0.2
2,1140001301,1160045300,1160044300,2,104,0,-,목동남로,0,0,0,40,0,0,470,211.1626,0
3,1140001401,1160044300,1160045300,2,104,0,-,목동남로,0,0,0,40,0,0,470,201.375,0
4,1140278500,1160041101,1160040500,1,104,0,-,목동남로2길,0,0,0,40,0,0,0,269.4074,0.08
5,1140278600,1160040500,1160041101,1,104,0,-,목동남로2길,0,0,0,40,0,0,0,261.8604,0.08
6,1160000100,1160010700,1160115000,3,103,0,46,경인로,0,0,0,50,0,0,0,164.6134,0.94
7,1160000200,1160115000,1160010700,3,103,0,46,경인로,0,0,0,50,0,0,0,172.178,0.94
8,1160000301,1160011500,1160010700,3,103,0,46,경인로,0,0,0,50,0,0,0,152.4088,1
9,1160000302,1160012700,1160011500,3,103,0,46,경인로,0,0,0,50,0,0,450,199.5925,1
10,1160000304,1160013700,1160012701,3,103,0,46,경인로,0,0,0,60,0,0,0,98.0915,0.3
11,1160000305,1160012701,1160012700,3,103,0,46,경인로,0,0,0,60,0,0,0,337.5201,0.66
12,1160000401,1160010700,1160011500,3,103,0,46,경인로,0,0,0,50,0,0,0,151.3779,1
13,1160000402,1160011500,1160012700,3,103,0,46,경인로,0,0,0,50,0,0,450,192.9341,1
14,1160000404,1160012700,1160012701,3,103,0,46,경인로,0,0,0,60,0,0,0,339.8389,0.66
15,1160000405,1160012701,1160013700,3,103,0,46,경인로,0,0,0,60,0,0,0,98.0915,0.3
16,1160000501,1160015100,1160013700,3,103,0,46,경인로,0,0,0,60,0,0,450,264.7439,1
17,1160000502,1160017400,1160015100,3,103,0,46,경인로,0,0,0,60,0,0,0,192.4487,1
18,1160000601,1160013700,1160015100,3,103,0,46,경인로,0,0,0,60,0,0,450,265.142,1
19,1160000602,1160015100,1160017400,3,103,0,46,경인로,0,0,0,60,0,0,0,195.2401,1
20,1160000700,1160019700,1160017400,3,103,0,46,경인로,0,0,0,60,0,0,0,271.416,0.21
21,1160000800,1160017400,1160019700,3,103,0,46,경인로,0,0,0,60,0,0,0,270.5461,0.21
22,1160000900,1160020000,1160019700,3,103,0,46,경인로,0,0,0,60,0,0,0,105.3943,0.97
23,1160001000,1160019700,1160020000,3,103,0,46,경인로,0,0,0,60,0,0,0,105.3943,0.97
24,1160001101,1160020200,1160119200,2,102,0,55,서부간선도로,0,1,0,80,5,0,420,411.8261,1
25,1160001102,1160024800,1160020200,3,102,0,55,서부간선도로,0,1,0,80,5,0,490,274.7767,0.24
26,1160001103,1160029300,1160024800,1,102,0,55,서부간선도로,0,1,0,80,5,0,420,195.6622,0
27,1160001201,1160119200,1160019200,2,102,0,55,서부간선도로,0,1,0,80,5,0,420,321.2769,1
28,1160001202,1160019200,1160024800,2,102,0,55,서부간선도로,0,1,0,80,5,0,490,370.9739,0.46
29,1160001203,1160024800,1160029300,2,102,0,55,서부간선도로,0,1,0,80,5,0,420,192.238,0
30,1160001301,1160026200,1160020000,3,103,0,46,경인로,0,0,0,60,0,0,0,635.6794,1
31,1160001302,1160027200,1160026200,3,103,0,46,경인로,0,0,0,60,0,0,0,100.9403,1
32,1160001401,1160020000,1160026300,3,103,0,46,경인로,0,0,0,60,0,0,0,636.4066,1
33,1160001402,1160026300,1160026700,3,103,0,46,경인로,0,0,0,60,0,0,0,98.0318,1
34,1160001501,1160024300,1160025500,3,103,0,46,경인로,0,0,0,60,0,0,0,278.9823,0
35,1160001503,1160025200,1160023600,3,103,0,46,경인로,0,0,0,50,0,0,0,129.9238,1
36,1160001505,1160023600,1160023601,3,103,0,46,경인로,0,0,0,60,0,0,0,135.9346,0.16
37,1160001506,1160023601,1160024300,3,103,0,46,경인로,0,0,0,60,0,0,0,155.3497,0
38,1160001507,1160026900,1160025201,3,103,0,46,경인로,0,0,0,50,0,0,0,46.0864,1
39,1160001508,1160025201,1160025200,3,103,0,46,경인로,0,0,0,50,0,0,0,73.7523,1
40,1160001601,1160025500,1160024300,3,103,0,46,경인로,0,0,0,60,0,0,0,276.0277,0
41,1160001603,1160023600,1160025200,3,103,0,46,경인로,0,0,0,50,0,0,0,134.7424,1
42,1160001605,1160024300,1160023601,3,103,0,46,경인로,0,0,0,60,0,0,0,155.3498,0
43,1160001606,1160023601,1160023600,3,103,0,46,경인로,0,0,0,60,0,0,0,142.2006,0.16
44,1160001607,1160025200,1160025201,3,103,0,46,경인로,0,0,0,50,0,0,0,73.7523,1
45,1160001608,1160025201,1160026900,3,103,0,46,경인로,0,0,0,50,0,0,0,46.0864,1
46,1160001701,1160026700,1160027300,3,103,0,46,경인로,0,0,0,60,0,0,400,131.4088,0.03
47,1160001702,1160027300,1160027400,3,103,0,46,경인로,0,0,0,60,0,0,0,103.7737,0
48,1160001703,1160027400,1160027100,3,103,0,46,경인로,0,0,0,60,0,0,0,62.0282,0
49,1160001704,1160027100,1160026500,3,103,0,46,경인로,0,0,0,60,0,0,0,68.0234,0
50,1160001705,1160026500,1160025100,3,103,0,46,경인로,0,0,0,60,0,0,0,288.1979,0
51,1160001706,1160025100,1160025500,3,103,0,46,경인로,0,0,0,60,0,0,0,89.9473,0
52,1160001801,1160027700,1160027200,3,103,0,46,경인로,0,0,0,60,0,0,400,133.3625,0.04
53,1160001802,1160027900,1160027700,3,103,0,46,경인로,0,0,0,60,0,0,0,106.3076,0
54,1160001803,1160027100,1160027900,3,103,0,46,경인로,0,0,0,60,0,0,0,64.4247,0
55,1160001804,1160026500,1160027100,3,103,0,46,경인로,0,0,0,60,0,0,0,68.0234,0
56,1160001805,1160025100,1160026500,3,103,0,46,경인로,0,0,0,60,0,0,0,282.4066,0
57,1160001806,1160025500,1160025100,3,103,0,46,경인로,0,0,0,60,0,0,0,89.9473,0
58,1160001901,1160030600,1160029300,4,103,3,46,경인로,0,0,0,60,0,40000,0,277.8507,0
59,1160002001,1160029300,1160030600,4,103,3,46,경인로,0,0,0,60,0,40000,0,276.3894,0
60,1160002102,1160030700,1160026900,3,103,0,46,경인로,0,0,0,50,0,0,480,297.8935,1
61,1160002103,1160030600,1160030700,3,103,0,46,경인로,0,0,0,50,0,0,0,110.2166,0.37
62,1160002201,1160026900,1160030700,3,103,0,46,경인로,0,0,0,50,0,0,480,290.9727,1
63,1160002202,1160030700,1160030600,3,103,0,46,경인로,0,0,0,50,0,0,0,106.341,0.37
64,1160002302,1160033400,1160029300,3,103,0,46,경인로,0,0,0,60,0,0,450,542.5521,0
65,1160002303,1160034800,1160033400,3,103,0,46,경인로,0,0,0,60,0,0,0,121.7114,0
66,1160002304,1160034500,1160034800,2,103,0,46,경인로,0,0,0,60,0,0,0,26.3416,0
67,1160002305,1160036400,1160034500,2,103,0,46,경인로,0,0,0,60,0,0,0,160.5165,0
68,1160002401,1160029300,1160033400,3,103,0,46,경인로,0,0,0,60,0,0,450,549.9463,0
69,1160002402,1160033400,1160034800,3,103,0,46,경인로,0,0,0,60,0,0,0,121.7114,0
70,1160002404,1160034800,1160036400,2,103,0,46,경인로,0,0,0,60,0,0,0,186.9428,0
71,1160002502,1160032700,1160029300,2,102,0,55,서부간선도로,0,1,0,80,5,0,420,335.095,0
72,1160002503,1160041700,1160032700,2,102,0,55,서부간선도로,0,1,0,80,5,0,0,441.2686,0
73,1160002504,1160043500,1160041700,1,102,0,55,서부간선도로,0,1,0,80,5,0,0,197.7496,0.75
74,1160002601,1160029300,1160030100,2,102,0,55,서부간선도로,0,1,0,80,5,0,420,45.64,0
75,1160002602,1160030100,1160032700,1,102,0,55,서부간선도로,0,1,0,80,5,0,420,287.3856,0
76,1160002603,1160032700,1160041700,2,102,0,55,서부간선도로,0,1,0,80,5,0,0,435.9183,0
77,1160002604,1160041700,1160043500,2,102,0,55,서부간선도로,0,1,0,80,5,0,0,195.434,0.75
78,1160002702,1160037800,1160036400,2,103,0,46,경인로,0,0,0,60,0,0,0,206.6687,0
79,1160002703,1160040900,1160037800,3,103,0,46,경인로,0,0,0,60,0,0,0,246.1736,0
80,1160002705,1160043100,1160041300,3,103,0,46,경인로,0,0,0,60,0,0,0,144.0222,0
81,1160002707,1160044100,1160043100,4,103,0,46,경인로,0,0,0,60,0,0,0,85.2279,0
82,1160002708,1160044400,1160044100,4,103,0,46,경인로,0,0,0,60,0,0,0,51.418,0
83,1160002709,1160044900,1160044400,4,103,0,46,경인로,0,0,0,60,0,0,0,97.9964,0
84,1160002710,1160046000,1160044900,4,103,0,46,경인로,0,0,0,60,0,0,0,337.8545,0
85,1160002711,1160041300,1160040901,3,103,0,46,경인로,0,0,0,60,0,0,0,35.0749,0
86,1160002712,1160040901,1160040900,3,103,0,46,경인로,0,0,0,60,0,0,0,28.143,0
87,1160002802,1160036400,1160037800,2,103,0,46,경인로,0,0,0,60,0,0,0,206.6687,0
88,1160002803,1160037800,1160040900,3,103,0,46,경인로,0,0,0,60,0,0,0,246.1738,0
89,1160002805,1160041300,1160043100,3,103,0,46,경인로,0,0,0,60,0,0,0,144.0223,0
90,1160002806,1160043100,1160043400,4,103,0,46,경인로,0,0,0,60,0,0,0,38.7297,0
91,1160002807,1160043400,1160044100,4,103,0,46,경인로,0,0,0,60,0,0,0,46.416,0
92,1160002808,1160044100,1160044400,4,103,0,46,경인로,0,0,0,60,0,0,0,51.418,0
93,1160002809,1160044400,1160044900,4,103,0,46,경인로,0,0,0,60,0,0,0,97.9964,0
94,1160002810,1160044900,1160046000,4,103,0,46,경인로,0,0,0,60,0,0,0,335.6028,0
95,1160002811,1160040900,1160040901,3,103,0,46,경인로,0,0,0,60,0,0,0,28.143,0
96,1160002812,1160040901,1160041300,3,103,0,46,경인로,0,0,0,60,0,0,0,35.0749,0
97,1160002900,1160046100,1160046000,4,103,3,46,경인로,0,0,0,60,0,32000,0,84.8182,0
98,1160003000,1160046000,1160046100,3,103,3,46,경인로,0,0,0,60,0,32000,0,84.8182,0
99,1160003101,1160044800,1160043500,2,102,0,55,서부간선도로,0,1,0,80,5,0,0,183.4874,1
100,1160003102,1160047300,1160044800,2,102,0,55,서부간선도로,0,1,0,80,5,0,450,787.8486,0.34
101,1160003103,1160047700,1160047300,1,102,0,55,서부간선도로,0,1,0,80,5,0,0,151.9535,0
102,1160003201,1160043500,1160044800,1,102,0,55,서부간선도로,0,1,0,80,5,0,0,184.639,1
103,1160003202,1160044800,1160047300,2,102,0,55,서부간선도로,0,1,0,80,5,0,450,787.4611,0.34
104,1160003203,1160047300,1160047700,1,102,0,55,서부간선도로,0,1,0,80,5,0,0,153.1313,0
105,1160004101,1160005900,1160001700,1,104,0,-,디지털로26길,0,0,0,30,0,0,0,505.8412,0
106,1160004102,1160006600,1160005900,1,104,0,-,디지털로26길,0,0,0,30,0,0,0,242.8712,0
107,1160004201,1160001700,1160005900,1,104,0,-,디지털로26길,0,0,0,30,0,0,0,526.7815,0
108,1160004202,1160005900,1160006600,1,104,0,-,디지털로26길,0,0,0,30,0,0,0,238.0027,0
109,1160004502,1160007200,1160006200,2,104,0,-,구로동로,0,0,0,50,0,0,0,288.0902,0.93
110,1160004602,1160006200,1160007200,2,104,0,-,구로동로,0,0,0,50,0,0,0,272.4775,0.93
111,1160004700,1160002000,1160001700,3,104,0,-,디지털로,0,0,0,50,0,0,0,128.726,0
112,1160004800,1160001700,1160002000,3,104,0,-,디지털로,0,0,0,50,0,0,0,128.7259,0
113,1160004901,1160005800,1160005700,2,104,0,-,오리로,0,0,0,60,0,0,0,33.0362,0
114,1160004903,1160006300,1160005800,2,104,0,-,오리로,0,0,0,40,0,0,0,409.2809,0.56
115,1160004904,1160002400,1160006300,3,106,0,397,오리로,0,0,0,40,0,0,0,253.2403,1
116,1160005001,1160005700,1160005800,2,104,0,-,오리로,0,0,0,60,0,0,0,33.0362,0
117,1160005002,1160005800,1160006300,2,104,0,-,오리로,0,0,0,40,0,0,0,404.8772,0.56
118,1160005003,1160006300,1160002400,2,106,0,397,오리로,0,0,0,40,0,0,0,248.3545,1
119,1160005501,1160006400,1160002000,3,104,0,-,디지털로,0,0,0,50,0,0,0,144.602,0
120,1160005502,1160002300,1160006400,3,104,0,-,디지털로,0,0,0,50,0,0,0,152.1924,0
121,1160005601,1160002000,1160006400,3,104,0,-,디지털로,0,0,0,50,0,0,0,145.0465,0
122,1160005602,1160006400,1160002300,3,104,0,-,디지털로,0,0,0,50,0,0,0,153.0687,0
123,1160005900,1160002300,1160006600,2,104,0,-,디지털로32길,0,0,0,30,0,0,0,312.9884,0
124,1160006000,1160006600,1160002300,2,104,0,-,디지털로32길,0,0,0,30,0,0,0,310.7478,0
125,1160006101,1160007200,1160006900,1,104,0,-,디지털로27길,0,0,0,30,0,0,0,298.7925,1
126,1160006102,1160006900,1160006500,1,104,0,-,디지털로27길,0,0,0,30,0,0,0,207.574,1
127,1160006103,1160006500,1160002000,1,104,0,-,디지털로27길,0,0,0,30,0,0,0,213.3376,0.72
128,1160006202,1160006900,1160007200,1,104,0,-,디지털로27길,0,0,0,30,0,0,0,307.4296,1
129,1160006203,1160006500,1160006900,1,104,0,-,디지털로27길,0,0,0,30,0,0,0,211.2962,1
130,1160006204,1160002000,1160006500,1,104,0,-,디지털로27길,0,0,0,30,0,0,0,209.5972,0.72
131,1160006701,1160007700,1160002300,3,104,0,-,디지털로,0,0,0,50,0,0,0,166.9546,0
132,1160006702,1160009100,1160007700,3,104,0,-,디지털로,0,0,0,50,0,0,0,188.753,0.58
133,1160006801,1160002300,1160007700,3,104,0,-,디지털로,0,0,0,50,0,0,0,166.0735,0
134,1160006802,1160007700,1160009100,3,104,0,-,디지털로,0,0,0,50,0,0,0,187.6561,0.58
135,1160006902,1160009000,1160008600,2,104,0,-,가마산로,0,0,0,60,0,0,0,119.9848,1
136,1160006903,1160049700,1160009000,2,104,0,-,가마산로,0,0,0,60,0,0,0,18.3401,1
137,1160006904,1160049800,1160049700,2,104,2,-,가마산로,0,0,0,60,0,0,450,280.2498,1
138,1160007001,1160002600,1160049700,2,104,0,-,가마산로,0,0,0,60,0,0,0,139.2448,1
139,1160007002,1160049700,1160049800,2,104,2,-,가마산로,0,0,0,60,0,0,450,285.159,1
140,1160007100,1160012000,1160007200,2,104,0,-,구로동로,0,0,0,50,0,0,0,670.2168,1
141,1160007200,1160007200,1160012000,2,104,0,-,구로동로,0,0,0,50,0,0,0,655.4794,1
142,1160007301,1160010100,1160007200,2,104,0,-,도림로,0,0,0,60,0,0,0,486.4372,0.76
143,1160007302,1160010800,1160010100,2,104,0,-,도림로,0,0,0,60,0,0,0,209.146,0
144,1160007303,1160011900,1160010800,2,104,0,-,도림로,0,0,0,60,0,0,0,163.8806,0.3
145,1160007402,1160007200,1160010100,2,104,0,-,도림로,0,0,0,60,0,0,0,484.2526,0.76
146,1160007403,1160010100,1160010800,2,104,0,-,도림로,0,0,0,60,0,0,0,209.1164,0
147,1160007404,1160010800,1160011900,2,104,0,-,도림로,0,0,0,60,0,0,0,164.02,0.3
148,1160007501,1160008000,1160002400,3,106,0,397,오리로,0,0,0,60,0,0,0,210.3145,0.69
149,1160007502,1160009300,1160008000,2,106,0,397,오리로,0,0,0,60,0,0,0,104.5285,0.52
150,1160007503,1160010000,1160009300,2,106,0,397,오리로,0,0,0,60,0,0,0,177.2771,1
151,1160007504,1160010400,1160010000,2,106,0,397,오리로,0,0,0,60,0,0,0,78.2045,1
152,1160007505,1160011000,1160010400,2,106,0,397,오리로,0,0,0,50,0,0,0,226.2028,1
153,1160007506,1160011800,1160011000,2,106,0,397,오리로,0,0,0,50,0,0,0,107.0987,1
154,1160007507,1160013700,1160011800,1,104,0,-,경인로,0,0,0,40,0,0,0,134.856,0.76
155,1160007601,1160002400,1160008000,3,106,0,397,오리로,0,0,0,60,0,0,0,210.3146,0.69
156,1160007602,1160008000,1160009300,2,106,0,397,오리로,0,0,0,60,0,0,0,104.4352,0.52
157,1160007603,1160009300,1160010000,2,106,0,397,오리로,0,0,0,60,0,0,0,182.1924,1
158,1160007604,1160010000,1160010400,2,106,0,397,오리로,0,0,0,60,0,0,0,78.2045,1
159,1160007605,1160010400,1160011000,2,106,0,397,오리로,0,0,0,50,0,0,0,220.9342,1
160,1160007606,1160011000,1160011800,2,106,0,397,오리로,0,0,0,50,0,0,0,106.83,1
161,1160007607,1160011800,1160013700,2,104,0,-,경인로,0,0,0,40,0,0,0,134.8561,0.76
162,1160007701,1160048700,1160009100,3,104,0,-,도림천로,0,0,0,60,0,0,0,244.8286,1
163,1160007702,1160003100,1160048700,3,104,0,-,도림천로,0,0,0,60,0,0,0,307.5975,0.92
164,1160007901,1160008300,1160002400,1,104,0,-,오류로,0,0,0,60,0,0,0,238.0351,0.77
165,1160007902,1160009400,1160008300,1,104,0,-,오류로,0,0,0,30,0,0,0,57.0238,1
166,1160007904,1160012900,1160010900,1,104,0,-,오류로,0,0,0,30,0,0,0,177.7229,1
167,1160007905,1160014000,1160012900,1,104,0,-,오류로,0,0,0,30,0,0,0,82.1724,1
168,1160007906,1160015300,1160014000,1,104,0,-,오류로,0,0,0,30,0,0,0,93.2792,1
169,1160007907,1160016500,1160015300,1,104,0,-,오류로,0,0,0,30,0,0,0,79.2909,1
170,1160007909,1160019700,1160019000,1,104,0,-,경인로,0,0,0,30,0,0,0,94.6238,0.47
171,1160007910,1160010900,1160009401,1,104,0,-,오류로,0,0,0,30,0,0,0,187.7636,1
172,1160007911,1160009401,1160009400,1,104,0,-,오류로,0,0,0,30,0,0,0,44.8535,1
173,1160008001,1160002400,1160008300,1,104,0,-,오류로,0,0,0,60,0,0,0,245.5779,0.77
174,1160008002,1160008300,1160009400,1,104,0,-,오류로,0,0,0,30,0,0,0,57.0238,1
175,1160008004,1160010900,1160012900,1,104,0,-,오류로,0,0,0,30,0,0,0,181.6734,1
176,1160008005,1160012900,1160014000,1,104,0,-,오류로,0,0,0,30,0,0,0,83.1417,1
177,1160008006,1160014000,1160015300,1,104,0,-,오류로,0,0,0,30,0,0,0,93.2793,1
178,1160008007,1160015300,1160016500,1,104,0,-,오류로,0,0,0,30,0,0,0,79.2909,1
179,1160008009,1160019000,1160019700,1,104,0,-,경인로,0,0,0,30,0,0,0,99.8098,0.47
180,1160008010,1160009400,1160009401,1,104,0,-,오류로,0,0,0,30,0,0,0,44.7575,1
181,1160008011,1160009401,1160010900,1,104,0,-,오류로,0,0,0,30,0,0,0,185.0815,1
182,1160008102,1160010600,1160009900,3,104,0,-,남부순환로,0,0,0,60,0,0,430,122.8577,1
183,1160008103,1160013400,1160010600,3,104,0,-,남부순환로,0,0,0,50,0,0,0,285.1352,1
184,1160008202,1160008800,1160009800,2,104,0,-,남부순환로,0,0,0,60,0,0,0,169.9202,1
185,1160008203,1160009800,1160049500,2,104,0,-,남부순환로,0,0,0,60,0,0,430,206.652,1
186,1160008204,1160049500,1160119100,2,104,0,-,남부순환로,0,0,0,50,0,0,0,601.5133,1
187,1160008303,1160014800,1160012200,3,104,0,-,가마산로,0,0,0,40,0,0,0,193.5006,1
188,1160008304,1160015500,1160014800,1,104,0,-,가마산로,0,0,0,40,0,0,0,76.4346,1
189,1160008305,1160049900,1160015500,1,104,0,-,가마산로,0,0,0,40,0,0,0,50.1721,1
190,1160008307,1160049800,1160002700,1,104,0,-,가마산로,0,0,0,30,0,0,0,193.4315,1
191,1160008308,1160012200,1160049800,3,104,0,-,가마산로,0,0,0,40,0,0,0,98.164,1
192,1160008402,1160012200,1160014800,3,104,0,-,가마산로,0,0,0,40,0,0,0,193.8883,1
193,1160008403,1160014800,1160049900,1,104,0,-,가마산로,0,0,0,40,0,0,0,105.5022,1
194,1160008406,1160002700,1160049800,1,104,0,-,가마산로,0,0,0,40,0,0,0,195.3722,1
195,1160008407,1160049800,1160012200,3,104,0,-,가마산로,0,0,0,40,0,0,0,98.164,1
196,1160008502,1160003100,1160011900,2,104,0,-,도림로,0,0,0,60,0,0,0,243.2197,0.79
197,1160008600,1160011900,1160003100,2,104,0,-,도림로,0,0,0,60,0,0,0,242.6789,0.79
198,1160008701,1160013500,1160003000,2,104,0,-,부일로,0,0,0,60,0,0,0,91.0222,0
199,1160008702,1160003200,1160013500,2,104,0,-,부일로,0,0,0,60,0,0,0,85.432,0
200,1160008801,1160003000,1160013500,2,104,0,-,부일로,0,0,0,60,0,0,0,91.3975,0
201,1160008802,1160013500,1160003200,2,104,0,-,부일로,0,0,0,60,0,0,0,84.5957,0
202,1160008901,1160012500,1160012000,2,104,0,-,구로동로,0,0,0,50,0,0,0,19.5439,1
203,1160008902,1160016400,1160012500,2,104,0,-,구로동로,0,0,0,50,0,0,0,266.5254,1
204,1160009001,1160012000,1160012500,2,104,0,-,구로동로,0,0,0,50,0,0,0,19.5438,1
205,1160009002,1160012500,1160016400,2,104,0,-,구로동로,0,0,0,50,0,0,0,267.4623,1
206,1160009302,1160015700,1160011900,3,104,0,-,구로중앙로,0,0,0,30,0,0,0,325.8582,0.66
207,1160009303,1160019800,1160015700,3,104,0,-,구로중앙로,0,0,0,30,0,0,0,235.1558,0.95
208,1160009304,1160021000,1160019800,3,104,0,-,구로중앙로,0,0,0,60,0,0,0,85.7785,0
209,1160009402,1160011900,1160015700,3,104,0,-,구로중앙로,0,0,0,30,0,0,0,325.1395,0.66
210,1160009403,1160015700,1160019800,3,104,0,-,구로중앙로,0,0,0,30,0,0,0,235.1558,0.95
211,1160009404,1160019800,1160021000,3,104,0,-,구로중앙로,0,0,0,60,0,0,0,85.7785,0
212,1160009501,1160018400,1160016100,2,104,0,-,남부순환로,0,0,0,60,0,0,450,895.3078,0
213,1160009502,1160016100,1160015600,3,104,0,-,남부순환로,0,0,0,50,0,0,0,217.4671,0
214,1160009504,1160119100,1160013400,2,104,0,-,남부순환로,0,0,0,50,0,0,0,333.1042,1
215,1160009601,1160016700,1160019300,2,104,0,-,남부순환로,0,0,0,60,0,0,450,892.0492,0
216,1160009701,1160015900,1160003200,2,104,0,-,부일로,0,0,0,60,0,0,0,283.617,0.51
217,1160009801,1160003200,1160015900,2,104,0,-,부일로,0,0,0,60,0,0,0,278.6373,0.51
218,1160009802,1160015900,1160016800,2,104,0,-,부일로,0,0,0,60,0,0,0,206.734,1
219,1160009900,1160003500,1160016800,2,104,0,-,부일로,0,0,0,60,0,0,0,401.2062,0.55
220,1160009902,1160016800,1160015900,2,104,0,-,부일로,0,0,0,60,0,0,0,210.1262,1
221,1160010000,1160016800,1160003500,2,104,0,-,부일로,0,0,0,60,0,0,0,401.156,0.55
222,1160010101,1160017000,1160003500,2,104,0,-,부일로,0,0,0,60,0,0,0,236.8046,1
223,1160010102,1160017100,1160017000,2,104,0,-,부일로,0,0,0,60,0,0,0,46.5232,1
224,1160010103,1160017200,1160017100,2,104,0,-,부일로,0,0,0,60,0,0,0,142.5634,1
225,1160010104,1160017400,1160017200,2,104,0,-,부일로,0,0,0,60,0,0,0,97.7078,1
226,1160010201,1160003500,1160017000,2,104,0,-,부일로,0,0,0,60,0,0,0,236.8047,1
227,1160010202,1160017000,1160017100,2,104,0,-,부일로,0,0,0,60,0,0,0,46.5232,1
228,1160010203,1160017100,1160017200,2,104,0,-,부일로,0,0,0,60,0,0,0,142.5634,1
229,1160010204,1160017200,1160017400,2,104,0,-,부일로,0,0,0,60,0,0,0,92.7501,1
230,1160010501,1160021000,1160016400,3,104,0,-,가마산로,0,0,0,60,0,0,0,538.3278,0.18
231,1160010601,1160016400,1160021000,3,104,0,-,가마산로,0,0,0,60,0,0,0,541.956,0.18
232,1160010702,1160019600,1160016400,2,104,0,-,구로동로,0,0,0,50,0,0,0,143.8778,0.64
233,1160010704,1160022500,1160019600,2,104,0,-,구로동로,0,0,0,50,0,0,0,159.6501,0
234,1160010801,1160016400,1160019600,2,104,0,-,구로동로,0,0,0,50,0,0,0,144.3393,0.64
235,1160010802,1160019600,1160022500,2,104,0,-,구로동로,0,0,0,50,0,0,0,156.2053,0
236,1160010902,1160023900,1160018400,2,104,0,-,남부순환로,0,0,0,60,0,32000,0,371.8218,0
237,1160010903,1160025700,1160023900,2,104,0,-,남부순환로,0,0,0,60,0,0,0,149.9448,0
238,1160011003,1160019300,1160023500,2,104,0,-,남부순환로,0,0,0,60,0,32000,0,360.191,0
239,1160011004,1160023500,1160024400,2,104,0,-,남부순환로,0,0,0,60,0,0,0,50.1863,0
240,1160011101,1160019900,1160003100,3,104,0,-,도림천로,0,0,0,60,0,0,450,322.4458,0.91
241,1160011102,1160025000,1160019900,3,104,0,-,도림천로,0,0,0,60,0,0,0,293.1255,0.81
242,1160011103,1160003900,1160025000,4,104,0,-,도림천로,0,0,0,60,0,0,0,39.954,0
243,1160011301,1160018800,1160003600,1,104,0,-,남부순환로95길,0,0,0,40,0,0,0,42.331,0
244,1160011302,1160022600,1160018800,1,106,0,351,남부순환로95길,0,0,0,40,0,0,410,198.8749,0
245,1160011303,1160025500,1160022600,1,106,0,351,개봉로,0,0,0,60,0,0,270,177.5606,0
246,1160011401,1160003600,1160018800,1,104,0,-,남부순환로95길,0,0,0,40,0,0,0,42.4006,0
247,1160011402,1160018800,1160022600,1,106,0,351,남부순환로95길,0,0,0,40,0,0,410,198.9417,0
248,1160011403,1160022600,1160025500,1,106,0,351,개봉로,0,0,0,60,0,0,270,176.3561,0
249,1160011501,1160019500,1160003500,1,104,0,-,오리로15길,0,0,0,40,0,0,240,90.2353,0.81
250,1160011502,1160020600,1160019500,2,104,0,-,오리로,0,0,0,40,0,0,0,147.0051,0.51
251,1160011503,1160029000,1160020600,2,104,0,-,오리로,0,0,0,40,0,0,0,431.8801,1
252,1160011601,1160003500,1160019500,1,104,0,-,오리로15길,0,0,0,40,0,0,240,90.2353,0.81
253,1160011602,1160019500,1160020600,2,104,0,-,오리로,0,0,0,40,0,0,0,147.0051,0.51
254,1160011603,1160020600,1160029000,2,104,0,-,오리로,0,0,0,40,0,0,0,426.8501,1
255,1160011702,1160021900,1160021000,3,104,0,-,가마산로,0,0,0,60,0,0,0,60.7038,0
256,1160011703,1160024500,1160021900,3,104,0,-,가마산로,0,0,0,60,0,0,0,289.1833,0
257,1160011704,1160025400,1160024500,3,104,0,-,가마산로,0,0,0,60,0,0,0,53.5345,0
258,1160011705,1160003900,1160025400,3,104,0,-,가마산로,0,0,0,60,0,0,0,54.1197,0
259,1160011802,1160021000,1160021900,3,104,0,-,가마산로,0,0,0,60,0,0,0,60.7038,0
260,1160011803,1160021900,1160024500,3,104,0,-,가마산로,0,0,0,60,0,0,0,289.1833,0
261,1160011804,1160024500,1160024900,3,104,0,-,가마산로,0,0,0,60,0,0,0,53.5345,0
262,1160011805,1160024900,1160003900,3,104,0,-,가마산로,0,0,0,60,0,0,0,54.1197,0
263,1160011902,1160022900,1160021000,3,104,0,-,구로중앙로,0,0,0,60,0,0,0,112.7947,0.85
264,1160011903,1160024000,1160022900,3,104,0,-,구로중앙로,0,0,0,60,0,0,0,93.6397,1
265,1160011904,1160027800,1160024000,1,104,0,-,구로중앙로25길,0,0,0,30,0,0,0,201.9434,1
266,1160011905,1160028500,1160027800,2,104,0,-,구로중앙로,0,0,0,60,0,0,0,41.8399,1
267,1160012002,1160021000,1160022900,3,104,0,-,구로중앙로,0,0,0,60,0,0,0,112.7947,0.85
268,1160012003,1160022900,1160024000,3,104,0,-,구로중앙로,0,0,0,60,0,0,0,93.6396,1
269,1160012004,1160024000,1160027800,1,104,0,-,구로중앙로,0,0,0,30,0,0,0,201.9434,1
270,1160012005,1160027800,1160028500,2,104,0,-,구로중앙로,0,0,0,60,0,0,0,42.7481,1
271,1160012100,1160022500,1160024600,1,104,0,-,구로동로42길,0,0,0,30,0,0,0,156.6347,0.17
272,1160012301,1160023400,1160022500,2,104,0,-,구로동로,0,0,0,50,0,0,0,86.65,0
273,1160012303,1160027000,1160023400,2,104,0,-,구로동로,0,0,0,50,0,0,0,171.0994,0
274,1160012304,1160004300,1160027000,2,104,0,-,구로동로,0,0,0,50,0,0,0,289.9941,0.94
275,1160012401,1160022500,1160023400,2,104,0,-,구로동로,0,0,0,50,0,0,0,86.6499,0
276,1160012404,1160023400,1160027000,2,104,0,-,구로동로,0,0,0,50,0,0,0,171.0995,0
277,1160012405,1160027000,1160004300,2,104,0,-,구로동로,0,0,0,50,0,0,0,288.7199,0.94
278,1160012500,1160026600,1160003900,3,104,0,-,가마산로,0,0,0,60,0,0,440,73.9328,0
279,1160012600,1160003900,1160026600,3,104,0,-,가마산로,0,0,0,60,0,0,440,73.9328,0
280,1160012701,1160028900,1160028500,3,104,0,-,구로중앙로,0,0,0,60,0,0,0,31.7589,1
281,1160012702,1160029900,1160028900,1,104,0,-,구로중앙로31길,0,0,0,40,0,0,0,92.3628,1
282,1160012703,1160030300,1160029900,1,104,0,-,구로중앙로31길,0,0,0,40,0,0,0,72.7529,1
283,1160012801,1160028500,1160028900,3,104,0,-,구로중앙로,0,0,0,60,0,0,0,33.2503,1
284,1160012802,1160028900,1160029900,1,104,0,-,구로중앙로32길,0,0,0,40,0,0,0,92.3628,1
285,1160012803,1160029900,1160050100,1,104,0,-,구로중앙로32길,0,0,0,40,0,0,0,114.1656,1
286,1160012901,1160026800,1160003900,4,104,0,-,공원로,0,0,0,30,0,0,0,77.8343,0
287,1160012902,1160029200,1160026800,4,104,0,-,공원로,0,0,0,30,0,0,0,118.3717,0.92
288,1160012903,1160030800,1160029200,4,104,0,-,공원로,0,0,0,30,0,0,0,129.5197,1
289,1160012904,1160032100,1160030800,4,104,0,-,공원로,0,0,0,30,0,0,0,87.4171,1
290,1160012905,1160033100,1160032100,4,104,0,-,공원로,0,0,0,30,0,0,0,50.1749,1
291,1160013001,1160003900,1160027500,4,104,0,-,공원로,0,0,0,30,0,0,0,82.6519,0
292,1160013002,1160027500,1160028600,4,104,0,-,공원로,0,0,0,30,0,0,0,75.7257,0.51
293,1160013003,1160028600,1160031200,4,104,0,-,공원로,0,0,0,30,0,0,0,172.1042,1
294,1160013004,1160031200,1160033000,4,104,0,-,공원로,0,0,0,30,0,0,0,90.1502,1
295,1160013005,1160033000,1160033200,4,104,0,-,공원로,0,0,0,30,0,0,0,47.8513,1
296,1160013101,1160033800,1160020000,2,104,0,-,고척로,0,0,0,40,0,0,0,1148.2357,0.81
297,1160013201,1160020000,1160033800,2,104,0,-,고척로,0,0,0,40,0,0,0,1129.6853,0.81
298,1160013301,1160029700,1160025700,2,104,0,-,남부순환로,0,0,0,60,0,0,0,154.4765,0.14
299,1160013302,1160030400,1160029700,2,104,0,-,남부순환로,0,0,0,60,0,0,0,146.6682,0.45
300,1160013303,1160033800,1160030400,3,104,0,-,남부순환로,0,0,0,60,0,0,0,189.0226,0
301,1160013401,1160024400,1160028000,3,104,0,-,남부순환로,0,0,0,60,0,0,0,175.1351,0
302,1160013402,1160028000,1160028700,2,104,0,-,남부순환로,0,0,0,60,0,0,0,66.0613,0
303,1160013403,1160028700,1160033800,3,104,0,-,남부순환로,0,0,0,60,0,0,0,350.0121,0
304,1160013501,1160031700,1160028500,2,104,0,-,구로중앙로28길,0,0,0,60,0,0,0,365.5116,1
305,1160013502,1160033100,1160031700,2,104,0,-,구로중앙로28길,0,0,0,60,0,0,0,86.4362,1
306,1160013601,1160028500,1160031700,2,104,0,-,구로중앙로28길,0,0,0,60,0,0,0,364.9056,1
307,1160013602,1160031700,1160033100,2,104,0,-,구로중앙로28길,0,0,0,60,0,0,0,86.4363,1
308,1160013702,1160004300,1160031300,3,104,0,-,구로중앙로,0,0,0,60,0,0,0,59.7592,1
309,1160013704,1160050100,1160030300,1,104,0,-,구로중앙로32길,0,0,0,40,0,0,0,47.2432,1
310,1160013705,1160031300,1160050100,3,104,0,-,구로중앙로,0,0,0,60,0,0,0,84.5206,1
311,1160013801,1160050100,1160031300,3,104,0,-,구로중앙로,0,0,0,60,0,0,0,83.597,1
312,1160013802,1160031300,1160004300,3,104,0,-,구로중앙로,0,0,0,60,0,0,0,59.7592,1
313,1160013901,1160032400,1160027500,2,104,0,-,도림천로,0,0,0,60,0,0,320,252.1543,0.74
314,1160013902,1160004600,1160032400,3,104,0,-,도림천로,0,0,0,60,0,0,0,182.1804,0.3
315,1160014101,1160031500,1160026900,3,104,0,-,중앙로,0,0,0,40,0,0,0,273.6095,1
316,1160014102,1160032500,1160031500,3,104,0,-,중앙로,0,0,0,40,0,0,0,37.2453,1
317,1160014103,1160034600,1160032500,3,104,0,-,중앙로,0,0,0,60,0,0,0,178.6603,1
318,1160014104,1160039100,1160034600,3,104,0,-,중앙로,0,0,0,60,0,0,0,259.3483,0.85
319,1160014202,1160026900,1160031500,3,104,0,-,중앙로,0,0,0,40,0,0,0,273.6657,1
320,1160014203,1160031500,1160032500,3,104,0,-,중앙로,0,0,0,40,0,0,0,37.2453,1
321,1160014204,1160032500,1160034600,3,104,0,-,중앙로,0,0,0,60,0,0,0,178.6604,1
322,1160014205,1160034600,1160039100,3,104,0,-,중앙로,0,0,0,60,0,0,0,259.3483,0.85
323,1160014301,1160028800,1160025500,1,104,0,-,경서로,0,0,0,30,0,0,0,147.9439,0.35
324,1160014302,1160031900,1160028800,1,104,0,-,경서로,0,0,0,30,0,0,0,229.942,1
325,1160014303,1160034200,1160031900,1,104,0,-,경서로,0,0,0,30,0,0,0,194.4575,1
326,1160014304,1160038500,1160034200,2,104,0,-,경서로,0,0,0,30,0,0,0,247.608,0.34
327,1160014305,1160039100,1160038500,2,104,0,-,경서로,0,0,0,30,0,0,0,95.6819,0
328,1160014401,1160025500,1160028800,1,104,0,-,경서로,0,0,0,30,0,0,0,149.8098,0.35
329,1160014402,1160028800,1160031900,1,104,0,-,경서로,0,0,0,30,0,0,0,223.7069,1
330,1160014403,1160031900,1160034200,1,104,0,-,경서로,0,0,0,30,0,0,0,194.4574,1
331,1160014404,1160034200,1160038500,2,104,0,-,경서로,0,0,0,30,0,0,0,247.608,0.34
332,1160014405,1160038500,1160039100,2,104,0,-,경서로,0,0,0,30,0,0,0,95.6819,0
333,1160014501,1160033200,1160033100,3,104,0,-,공원로6길,0,0,0,60,0,0,0,60.5739,1
334,1160014502,1160033900,1160033200,3,104,0,-,공원로6길,0,0,0,60,0,0,0,84.2375,1
335,1160014503,1160034400,1160033900,2,104,0,-,공원로6길,0,0,0,60,0,0,0,78.0484,0.49
336,1160014601,1160033100,1160033200,3,104,0,-,공원로6길,0,0,0,60,0,0,0,60.5739,1
337,1160014603,1160033200,1160033900,3,104,0,-,공원로6길,0,0,0,60,0,0,0,84.2376,1
338,1160014604,1160033900,1160034400,2,104,0,-,공원로6길,0,0,0,60,0,0,0,78.0485,0.49
339,1160014701,1160036400,1160004300,3,104,0,-,구로중앙로,0,0,0,60,0,0,410,355.0768,0.19
340,1160014801,1160004300,1160036400,3,104,0,-,구로중앙로,0,0,0,60,0,0,410,355.927,0.19
341,1160014901,1160033300,1160033100,4,104,0,-,공원로,0,0,0,30,0,0,0,49.0829,1
342,1160014902,1160037500,1160033300,4,104,0,-,공원로,0,0,0,30,0,0,0,263.997,0.91
343,1160014903,1160039000,1160037500,4,104,0,-,공원로,0,0,0,30,0,0,0,127.2419,1
344,1160015001,1160033200,1160033600,4,104,0,-,공원로,0,0,0,30,0,0,0,49.3467,1
345,1160015002,1160033600,1160035500,4,104,0,-,공원로,0,0,0,30,0,0,0,148.4239,0.74
346,1160015003,1160035500,1160039000,4,104,0,-,공원로,0,0,0,30,0,0,0,243.2163,1
347,1160015302,1160034300,1160033800,2,104,0,-,고척로,0,0,0,40,0,0,0,100.0626,0
348,1160015303,1160034700,1160034300,2,104,0,-,고척로,0,0,0,40,0,0,0,88.6906,0
349,1160015304,1160035900,1160034700,2,104,0,-,고척로,0,0,0,40,0,0,0,149.1417,0.91
350,1160015305,1160037100,1160035900,2,104,0,-,고척로,0,0,0,40,0,0,0,126.233,1
351,1160015306,1160040000,1160037100,2,104,0,-,고척로,0,0,0,40,0,0,0,438.4048,0.47
352,1160015308,1160042700,1160040001,2,104,0,-,고척로,0,0,0,40,0,0,0,96.5856,1
353,1160015309,1160040001,1160040000,2,104,0,-,고척로,0,0,0,40,0,0,0,324.6693,1
354,1160015402,1160033800,1160034300,2,104,0,-,고척로,0,0,0,40,0,0,0,100.0626,0
355,1160015403,1160034300,1160034700,2,104,0,-,고척로,0,0,0,40,0,0,0,86.7876,0
356,1160015404,1160034700,1160035900,2,104,0,-,고척로,0,0,0,40,0,0,0,149.1417,0.91
357,1160015405,1160035900,1160037100,2,104,0,-,고척로,0,0,0,40,0,0,0,126.2329,1
358,1160015406,1160037100,1160040000,2,104,0,-,고척로,0,0,0,40,0,0,0,438.5654,0.47
359,1160015408,1160040000,1160040001,2,104,0,-,고척로,0,0,0,40,0,0,0,324.6692,1
360,1160015409,1160040001,1160042700,2,104,0,-,고척로,0,0,0,40,0,0,0,96.5493,1
361,1160015503,1160005100,1160036800,2,104,0,-,새말로20길,0,0,0,60,0,0,0,443.7325,0
362,1160015603,1160036800,1160005100,2,104,0,-,새말로20길,0,0,0,60,0,0,0,446.2748,0
363,1160015701,1160038400,1160030600,1,104,0,-,안양천로537길,0,0,0,60,0,0,0,326.5717,0
364,1160015702,1160039700,1160038400,3,104,0,-,안양천로,0,0,0,60,0,0,0,277.8683,0
365,1160015703,1160040100,1160039700,3,104,0,-,안양천로,0,0,0,60,0,0,0,36.2675,0
366,1160015801,1160030600,1160038400,1,104,0,-,안양천로537길,0,0,0,60,0,0,0,327.2272,0
367,1160015802,1160038400,1160039700,3,104,0,-,안양천로,0,0,0,60,0,0,0,278.1745,0
368,1160015803,1160039700,1160040100,3,104,0,-,안양천로,0,0,0,60,0,0,0,36.2676,0
369,1160015902,1160039200,1160036400,3,104,0,-,구로중앙로,0,0,0,60,0,0,0,241.3788,0
370,1160015903,1160040600,1160039200,3,104,0,-,구로중앙로,0,0,0,60,0,0,0,146.0534,0.5
371,1160015904,1160040800,1160040600,3,104,0,-,구로중앙로,0,0,0,60,0,0,0,28.8148,0.73
372,1160015905,1160042900,1160040800,1,104,0,-,구로중앙로,0,0,0,40,0,0,0,180.4545,1
373,1160016002,1160036400,1160039200,3,104,0,-,구로중앙로,0,0,0,60,0,0,0,241.3788,0
374,1160016003,1160039200,1160040600,3,104,0,-,구로중앙로,0,0,0,60,0,0,0,146.0533,0.5
375,1160016005,1160040600,1160040800,3,104,0,-,구로중앙로,0,0,0,60,0,0,0,28.8147,0.73
376,1160016006,1160040800,1160042900,1,104,0,-,구로중앙로,0,0,0,40,0,0,0,180.9312,1
377,1160016101,1160041600,1160033800,3,104,0,-,남부순환로,0,0,0,60,0,0,0,555.7816,0.95
378,1160016201,1160033800,1160041600,3,104,0,-,남부순환로,0,0,0,60,0,0,0,555.7341,0.95
379,1160016501,1160039600,1160039100,3,104,0,-,중앙로,0,0,0,60,0,0,0,65.7748,0
380,1160016503,1160042700,1160041100,3,104,0,-,중앙로,0,0,0,60,0,0,0,97.6159,1
381,1160016504,1160041100,1160039601,3,104,0,-,중앙로,0,0,0,60,0,0,0,53.372,0.69
382,1160016505,1160039601,1160039600,3,104,0,-,중앙로,0,0,0,60,0,0,0,94.3235,0
383,1160016601,1160039100,1160039600,3,104,0,-,중앙로,0,0,0,60,0,0,0,65.7747,0
384,1160016603,1160041100,1160042700,3,104,0,-,중앙로,0,0,0,60,0,0,0,97.616,1
385,1160016604,1160039600,1160039601,3,104,0,-,중앙로,0,0,0,60,0,0,0,94.3234,0
386,1160016605,1160039601,1160041100,3,104,0,-,중앙로,0,0,0,60,0,0,0,53.372,0.69
387,1160016701,1160039300,1160039000,2,104,0,-,새말로,0,0,0,30,0,0,0,37.0269,1
388,1160016702,1160039900,1160039300,2,104,0,-,새말로,0,0,0,30,0,0,0,81.1262,1
389,1160016703,1160040400,1160039900,2,104,0,-,새말로,0,0,0,30,0,0,0,124.524,1
390,1160016704,1160042800,1160040400,2,104,0,-,새말로,0,0,0,60,0,0,0,253.1307,0.5
391,1160016706,1160005100,1160042800,2,104,0,-,새말로,0,0,0,60,0,0,0,69.6015,0
392,1160016801,1160039000,1160039300,2,104,0,-,새말로,0,0,0,30,0,0,0,37.0268,1
393,1160016802,1160039300,1160039900,2,104,0,-,새말로,0,0,0,30,0,0,0,81.1262,1
394,1160016803,1160039900,1160040400,2,104,0,-,새말로,0,0,0,30,0,0,0,124.524,1
395,1160016804,1160040400,1160042800,2,104,0,-,새말로,0,0,0,60,0,0,0,252.908,0.5
396,1160016806,1160042800,1160005100,2,104,0,-,새말로,0,0,0,60,0,0,0,69.6015,0
397,1160017101,1160043000,1160042700,3,104,0,-,중앙로,0,0,0,60,0,0,0,34.0664,1
398,1160017102,1160045900,1160043000,3,104,0,-,중앙로,0,0,0,60,0,0,0,357.8164,0.45
399,1160017201,1160042700,1160043000,3,104,0,-,중앙로,0,0,0,60,0,0,0,34.0663,1
400,1160017202,1160043000,1160045900,3,104,0,-,중앙로,0,0,0,60,0,0,0,357.8164,0.45
401,1160017300,1160045100,1160043500,3,104,3,-,구로중앙로,0,0,0,60,0,0,0,175.3824,1
402,1160017400,1160043500,1160045100,3,104,3,-,구로중앙로,0,0,0,60,0,0,0,175.0042,1
403,1160017501,1160046300,1160046000,3,104,0,-,경인로67길,0,0,0,40,0,0,0,133.6993,0
404,1160017502,1160046900,1160046300,3,104,0,-,경인로67길,0,0,0,40,0,0,0,281.9363,0
405,1160017503,1160047200,1160046900,2,104,0,-,경인로67길,0,0,0,40,0,0,0,290.139,0.96
406,1160017505,1160047600,1160047400,1,104,0,-,영등포로2길,0,0,0,30,0,0,0,60.5639,0
407,1160017506,1160050000,1160047200,2,104,0,-,경인로67길,0,0,0,40,0,0,0,71.9687,1
408,1160017507,1160047400,1160050000,1,104,0,-,경인로67길,0,0,0,40,0,0,0,149.4656,0.57
409,1160017601,1160046000,1160046300,3,104,0,-,경인로67길,0,0,0,40,0,0,0,135.596,0
410,1160017602,1160046300,1160046900,2,104,0,-,경인로67길,0,0,0,40,0,0,0,285.8936,0
411,1160017603,1160046900,1160047200,1,104,0,-,경인로67길,0,0,0,40,0,0,0,286.7316,0.96
412,1160017605,1160047400,1160047600,1,104,0,-,영등포로2길,0,0,0,30,0,0,0,52.9886,0
413,1160017606,1160047200,1160050000,1,104,0,-,경인로67길,0,0,0,40,0,0,0,71.9688,1
414,1160017607,1160050000,1160047400,1,104,0,-,경인로67길,0,0,0,40,0,0,0,140.2378,0.57
415,1160018100,1160005300,1160005800,2,107,0,-,광남로,0,0,0,60,0,0,0,810.4724,0
416,1160018200,1160005800,1160005300,2,107,0,-,광남로,0,0,0,60,0,0,0,811.6856,0
417,1160018303,1160118900,1160119000,2,106,0,397,금오로,0,0,0,60,0,0,0,298.0997,0
418,1160018304,1160119000,1160006300,2,106,0,397,금오로,0,0,0,60,0,0,0,464.6106,0.44
419,1160018403,1160006300,1160119000,2,106,0,397,금오로,0,0,0,60,0,0,0,470.6286,0.44
420,1160018404,1160119000,1160118900,2,106,0,397,금오로,0,0,0,60,0,0,0,288.3934,0
421,1160019600,1160005600,1160006100,1,104,3,-,개봉로1길.인접길,0,0,0,30,0,0,0,32.8132,1
422,1160019700,1160006100,1160005600,1,104,3,-,개봉로1길.인접길,0,0,0,30,0,0,0,33.1103,1
423,1160019900,1160006100,1160006700,1,104,0,-,개봉로1길,1,0,0,30,0,0,0,449.3782,1
424,1160020000,1160006700,1160006100,1,104,0,-,개봉로1길,0,0,0,30,0,0,0,433.6981,1
425,1160020101,1160005700,1160005701,1,104,0,-,개봉로1길,0,0,0,30,0,0,0,104.421,0
426,1160020102,1160005701,1160006100,1,104,0,-,개봉로1길,0,0,0,30,0,0,0,253.2554,0.85
427,1160020201,1160006100,1160005701,1,104,0,-,개봉로1길,0,0,0,30,0,0,0,261.3238,0.85
428,1160020202,1160005701,1160005700,1,104,0,-,개봉로1길,0,0,0,30,0,0,0,111.352,0
429,1160020300,1160006400,1160005900,1,104,0,-,디지털로30길,0,0,0,30,0,0,0,312.7436,0
430,1160020400,1160005900,1160006400,1,104,0,-,디지털로30길,0,0,0,30,0,0,0,312.137,0
431,1160020700,1160007000,1160006400,1,104,0,-,디지털로29길,0,0,0,30,0,0,0,200.6411,0.53
432,1160020800,1160006400,1160007000,1,104,0,-,디지털로29길,0,0,0,30,0,0,0,200.6411,0.53
433,1160020900,1160006500,1160007000,1,104,0,-,디지털로27가길,0,0,0,30,0,0,0,118.958,1
434,1160021000,1160007000,1160006500,1,104,0,-,디지털로27가길,0,0,0,30,0,0,0,113.6262,1
435,1160021400,1160007600,1160006800,1,104,0,-,연동로13길,0,0,0,30,0,0,0,346.1098,0.66
436,1160021500,1160006800,1160007600,1,104,0,-,연동로13길,0,0,0,30,0,0,0,353.121,0.66
437,1160021600,1160007000,1160007500,1,104,0,-,디지털로27가길,0,0,0,30,0,0,0,136.4976,0.87
438,1160021700,1160007500,1160007000,1,104,0,-,디지털로27가길,0,0,0,30,0,0,0,136.4976,0.87
439,1160021900,1160007500,1160002300,1,104,0,-,디지털로31길,0,0,0,30,0,0,0,197.4307,0
440,1160022000,1160002300,1160007500,1,104,0,-,디지털로31길,0,0,0,30,0,0,0,197.4307,0
441,1160022100,1160007700,1160006600,2,104,0,-,디지털로34길,0,0,0,30,0,0,0,339.4973,0
442,1160022200,1160006600,1160007700,2,104,0,-,디지털로34길,0,0,0,30,0,0,0,356.0297,0
443,1160022400,1160007800,1160007100,1,104,0,-,시흥대로,0,0,0,60,0,0,0,155.5227,0
444,1160022500,1160006700,1160007900,1,104,0,-,개봉로1길,1,0,0,30,0,0,0,362.8491,0.11
445,1160022600,1160007900,1160006700,1,104,0,-,개봉로1길,0,0,0,30,0,0,0,373.8222,0.11
446,1160022900,1160006900,1160009200,1,104,0,-,디지털로27다길,0,0,0,30,0,0,0,369.8121,1
447,1160023000,1160009200,1160006900,1,104,0,-,디지털로27다길,0,0,0,30,0,0,0,381.2243,1
448,1160023100,1160008500,1160008100,1,104,0,-,개봉로3길,0,0,0,30,0,0,0,722.27,1
449,1160023200,1160008100,1160008500,1,104,0,-,개봉로3길,0,0,0,30,0,0,0,681.6244,1
450,1160023300,1160009200,1160007500,1,104,0,-,디지털로31길,0,0,0,30,0,0,0,331.8538,0.86
451,1160023400,1160007500,1160009200,1,104,0,-,디지털로31길,0,0,0,30,0,0,0,326.334,0.86
452,1160023500,1160008200,1160007900,2,106,0,351,개봉로,0,0,0,60,0,0,0,46.7811,0
453,1160023600,1160007900,1160008200,2,106,0,351,개봉로,0,0,0,60,0,0,0,46.7811,0
454,1160023700,1160008100,1160008200,1,104,0,-,개봉로3길,0,0,0,30,0,0,0,61.7154,0.5
455,1160023800,1160008200,1160008100,1,104,0,-,개봉로3길,0,0,0,30,0,0,0,61.7155,0.5
456,1160023900,1160008000,1160008300,1,104,0,-,오류로,0,0,0,30,0,0,0,90.4063,0.21
457,1160024000,1160008300,1160008000,1,104,0,-,오류로,0,0,0,30,0,0,0,87.845,0.21
458,1160024201,1160007500,1160007501,1,104,0,-,디지털로33길,0,0,0,30,0,0,0,162.6436,0.18
459,1160024202,1160007501,1160007700,1,104,0,-,디지털로33길,0,0,0,30,0,0,0,186.7708,0.5
460,1160024301,1160007700,1160007501,1,104,0,-,디지털로33길,0,0,0,30,0,0,0,193.2144,0.5
461,1160024302,1160007501,1160007500,1,104,0,-,디지털로33길,0,0,0,30,0,0,0,174.8505,0.18
462,1160024400,1160006800,1160010700,1,104,0,-,연동로,0,0,0,30,0,0,0,639.1636,1
463,1160024500,1160010700,1160006800,1,104,0,-,연동로,0,0,0,30,0,0,0,623.0807,1
464,1160024600,1160007900,1160009600,1,104,0,-,개봉로2길,0,0,0,40,0,0,0,356.1743,0.59
465,1160024700,1160009600,1160007900,1,104,0,-,개봉로2길,0,0,0,40,0,0,0,344.9012,0.59
466,1160024900,1160002600,1160008700,1,104,0,-,남부순환로,0,0,104,40,0,0,0,71.827,1
467,1160025000,1160008500,1160008100,1,104,0,-,개봉로11길,1,0,0,10,0,0,0,180.3973,1
468,1160025100,1160008100,1160008500,1,104,0,-,개봉로5길,0,0,0,10,0,0,0,201.1407,1
469,1160025200,1160119400,1160008900,2,104,0,-,남부순환로,0,0,0,40,0,0,430,140.6816,1
470,1160025300,1160009000,1160008900,1,104,0,-,남부순환로,0,0,104,40,0,0,440,152.8183,1
471,1160025400,1160009700,1160008200,2,106,0,351,개봉로,0,0,0,60,0,0,0,187.0481,0.58
472,1160025500,1160008200,1160009700,2,106,0,351,개봉로,0,0,0,60,0,0,0,187.0481,0.58
473,1160025800,1160008800,1160008600,1,104,0,-,가마산로,0,0,104,50,0,0,0,227.2956,1
474,1160025900,1160009300,1160009400,1,104,0,-,오리로,0,0,0,30,0,0,0,115.7096,1
475,1160026000,1160009400,1160009300,1,104,0,-,오리로,0,0,0,30,0,0,0,122.0753,1
476,1160026101,1160008900,1160119400,2,104,0,-,남부순환로,0,0,0,40,0,0,430,114.9103,1
477,1160026102,1160009800,1160008900,2,104,0,-,남부순환로,0,0,0,40,0,0,0,223.8133,1
478,1160026400,1160010100,1160009200,2,104,0,-,디지털로31길,0,0,0,30,0,0,0,147.0455,0.11
479,1160026500,1160009200,1160010100,2,104,0,-,디지털로31길,0,0,0,30,0,0,0,147.7117,0.11
480,1160026600,1160119300,1160009900,2,104,0,-,남부순환로,0,0,0,40,0,0,0,265.659,1
481,1160026700,1160008900,1160010500,2,104,0,-,구일로,0,0,0,40,0,0,0,172.2629,1
482,1160026800,1160010600,1160119300,2,104,0,-,남부순환로,0,0,0,40,0,0,430,301.1346,1
483,1160026900,1160009700,1160009600,1,104,0,-,개봉로12길,0,0,0,40,0,0,0,259.3211,1
484,1160027000,1160009600,1160009700,1,104,0,-,개봉로12길,0,0,0,40,0,0,0,265.2063,1
485,1160027301,1160008400,1160008401,1,104,0,-,오리로13길,0,0,0,30,0,0,0,434.0303,1
486,1160027302,1160008401,1160011000,1,104,0,-,오리로13길,0,0,0,30,0,0,0,116.9366,1
487,1160027401,1160011000,1160008401,1,104,0,-,오리로13길,0,0,0,30,0,0,0,116.1685,1
488,1160027402,1160008401,1160008400,1,104,0,-,오리로13길,0,0,0,30,0,0,0,453.5901,1
489,1160027500,1160009800,1160010500,1,104,0,-,남부순환로,0,0,0,40,0,0,0,78.0355,1
490,1160027600,1160010000,1160010900,1,104,0,-,오리로10길,0,0,0,10,0,0,0,345.9234,1
491,1160027700,1160010900,1160010000,1,104,0,-,오리로10길,0,0,0,10,0,0,0,355.8544,1
492,1160027800,1160011300,1160009700,2,106,0,351,개봉로,0,0,0,60,0,0,0,210.9984,1
493,1160027900,1160009700,1160011300,2,106,0,351,개봉로,0,0,0,60,0,0,0,210.9985,1
494,1160028001,1160010500,1160049600,2,104,0,-,구일로,0,0,0,40,0,0,0,68.1189,1
495,1160028002,1160049600,1160049500,1,104,0,-,남부순환로,0,0,0,40,0,0,430,81.185,1
496,1160028100,1160009600,1160011700,1,104,0,-,개봉로2길,0,0,0,40,0,0,0,329.2939,1
497,1160028200,1160011700,1160009600,1,104,0,-,개봉로2길,0,0,0,40,0,0,0,328.999,1
498,1160028300,1160012100,1160002700,2,104,0,-,벚꽃로,0,0,0,50,0,0,0,283.5508,1
499,1160028400,1160002700,1160012100,2,104,0,-,벚꽃로,0,0,0,50,0,0,0,283.5624,1
500,1160028500,1160011400,1160011100,1,104,0,-,개봉로15길,0,0,0,30,0,0,0,120.9013,1
501,1160028600,1160011100,1160011400,1,104,0,-,개봉로15길,0,0,0,30,0,0,0,101.0868,1
502,1160028700,1160011200,1160011300,1,104,0,-,개봉로15길,0,0,0,30,0,0,0,342.9811,0.56
503,1160028800,1160011300,1160011200,1,104,0,-,개봉로15길,0,0,0,30,0,0,0,342.7043,0.56
504,1160028900,1160011100,1160011200,1,104,0,-,개봉로15길,0,0,0,30,0,0,0,46.6577,1
505,1160029000,1160011200,1160011100,1,104,0,-,개봉로15길,0,0,0,30,0,0,0,46.6576,1
506,1160029100,1160012000,1160010800,1,104,0,-,구로동로26길,0,0,0,10,0,0,0,691.1434,0.82
507,1160029200,1160010800,1160012000,1,104,0,-,구로동로26길,0,0,0,10,0,0,0,695.5247,0.82
508,1160029300,1160010400,1160014000,2,104,0,-,서해안로,0,0,0,40,0,0,0,535.3955,1
509,1160029400,1160014000,1160010400,2,104,0,-,서해안로,0,0,0,40,0,0,0,535.5044,1
510,1160029500,1160013200,1160049600,2,104,0,-,구일로,0,0,0,40,0,0,450,290.8482,1
511,1160029600,1160049600,1160013200,2,104,0,-,구일로,0,0,0,40,0,0,450,289.0714,1
512,1160029800,1160013000,1160011100,1,104,0,-,개봉로15길,1,0,0,10,0,0,0,148.8274,0.79
513,1160029900,1160011100,1160013000,1,104,0,-,개봉로15길,0,0,0,10,0,0,0,148.8275,0.79
514,1160030000,1160012200,1160012000,1,104,0,-,구로동로25길,0,0,0,30,0,0,0,224.1338,1
515,1160030100,1160012000,1160012200,1,104,0,-,구로동로25길,0,0,0,30,0,0,0,225.3212,1
516,1160030200,1160012100,1160012200,1,104,0,-,가마산로5길,0,0,0,10,0,0,0,119.0056,1
517,1160030300,1160012200,1160012100,1,104,0,-,가마산로5길,0,0,0,10,0,0,0,114.7053,1
518,1160030400,1160013100,1160011200,1,104,0,-,개봉로15길,0,0,0,10,0,0,0,149.4358,0.54
519,1160030500,1160011200,1160013100,1,104,0,-,개봉로15길,1,0,0,10,0,0,0,149.4358,0.54
520,1160030700,1160049400,1160011300,2,106,0,351,개봉로,0,0,0,60,0,0,0,184.6691,1
521,1160030800,1160011300,1160049400,2,106,0,351,개봉로,0,0,0,60,0,0,0,184.0558,1
522,1160030900,1160012500,1160015700,1,104,0,-,구로동로28길,0,0,0,10,0,0,0,676.9047,1
523,1160031000,1160015700,1160012500,1,104,0,-,구로동로28길,0,0,0,10,0,0,0,669.4608,1
524,1160031100,1160014100,1160011500,1,104,0,-,경인로,0,0,0,50,0,0,0,200.528,1
525,1160031200,1160011500,1160014100,1,104,0,-,경인로,1,0,0,50,0,0,0,199.0466,1
526,1160031300,1160011700,1160013300,2,104,0,-,개봉로2길,0,0,0,40,0,0,0,225.607,0.04
527,1160031400,1160013300,1160011700,2,104,0,-,개봉로2길,0,0,0,40,0,0,0,232.8661,0.04
528,1160031500,1160012900,1160013900,1,104,0,-,오류로8길,0,0,0,30,0,0,0,184.5504,1
529,1160031600,1160013900,1160012900,1,104,0,-,오류로8길,0,0,0,30,0,0,0,178.7202,1
530,1160031700,1160013000,1160013100,1,104,0,-,개봉로17길,0,0,0,30,0,0,0,45.6382,0
531,1160031800,1160013100,1160013000,1,104,0,-,개봉로17길,0,0,0,30,0,0,0,45.6382,0
532,1160031900,1160013100,1160013600,1,104,0,-,개봉로17길,0,0,0,30,0,0,0,142.722,0
533,1160032000,1160013600,1160013100,1,104,0,-,개봉로17길,0,0,0,30,0,0,0,138.0579,0
534,1160032100,1160014100,1160012700,1,104,0,-,경인로3길,0,0,0,50,0,0,0,295.465,1
535,1160032200,1160012700,1160014100,1,104,0,-,경인로3길,0,0,0,50,0,0,0,299.603,1
536,1160032300,1160014200,1160012800,1,104,0,-,서부샛길,0,0,0,30,0,0,0,89.951,1
537,1160032400,1160012800,1160014200,1,104,0,-,서부샛길,0,0,0,30,0,0,0,88.0492,1
538,1160032500,1160015200,1160011700,2,104,0,-,개봉로2길,0,0,0,40,0,0,0,242.661,1
539,1160032600,1160011700,1160015200,2,104,0,-,개봉로2길,0,0,0,40,0,0,0,235.3521,1
540,1160032700,1160014200,1160013400,1,104,0,-,남부순환로,0,0,0,50,0,0,0,168.1069,1
541,1160032800,1160013400,1160014200,1,104,0,-,남부순환로,1,0,0,50,0,0,0,147.0835,1
542,1160032900,1160013600,1160049400,1,104,0,-,개봉로17길,0,0,0,30,0,0,0,203.4381,0.56
543,1160033000,1160049400,1160013600,1,104,0,-,개봉로17길,0,0,0,30,0,0,0,211.052,0.56
544,1160033100,1160014500,1160013200,2,104,0,-,구일로,0,0,0,40,0,0,0,79.9595,1
545,1160033200,1160005200,1160014100,1,104,0,-,경인로3길,0,0,0,10,0,0,0,392.2902,0.32
546,1160033300,1160014100,1160005200,1,104,0,-,경인로3길,0,0,0,10,0,0,0,403.2096,0.32
547,1160033400,1160013500,1160014400,1,104,0,-,부일로.부일로1길사이길,0,0,0,60,0,0,0,84.5665,0
548,1160033500,1160014400,1160013500,1,104,0,-,부일로.부일로1길사이길,1,0,0,60,0,0,0,104.959,0
549,1160033800,1160014400,1160003200,1,104,0,-,부일로1길,0,0,0,30,0,0,0,53.2919,0
550,1160033900,1160003200,1160014400,1,104,0,-,부일로1길,0,0,0,30,0,0,0,55.4226,0
551,1160034000,1160003100,1160014600,3,104,0,-,도림로,0,0,0,60,0,0,0,58.2691,0
552,1160034100,1160014600,1160003100,3,104,0,-,도림로,0,0,0,60,0,0,0,58.2691,0
553,1160034200,1160015600,1160013300,2,104,0,-,개봉로2길,0,0,0,40,0,0,0,225.4781,0
554,1160034300,1160013200,1160014700,2,104,0,-,구일로,0,0,0,40,0,0,0,242.5565,1
555,1160034400,1160014000,1160015400,2,104,0,-,서해안로,0,0,0,60,0,0,0,162.8571,1
556,1160034500,1160015000,1160014000,2,104,0,-,서해안로,0,0,0,60,0,0,0,126.5893,1
557,1160034600,1160015100,1160015300,1,104,0,-,경인로8길,0,0,0,30,0,0,0,508.0602,0.74
558,1160034700,1160015300,1160015100,2,104,0,-,경인로8길,0,0,0,30,0,0,0,500.8016,0.74
559,1160034800,1160015400,1160013900,1,104,0,-,서해안로26길,0,0,0,10,0,0,0,115.5206,1
560,1160034900,1160013900,1160015400,1,104,0,-,서해안로26길,0,0,0,10,0,0,0,114.4632,1
561,1160035000,1160014700,1160014500,1,104,0,-,구일로,0,0,0,40,0,0,0,156.9905,1
562,1160035100,1160014200,1160014700,1,104,0,-,서부샛길,1,0,0,40,0,0,380,61.5583,1
563,1160035200,1160014700,1160014200,1,104,0,-,서부샛길,0,0,0,40,0,0,380,72.0199,1
564,1160035300,1160015200,1160013300,1,104,0,-,개봉로20길,0,0,0,40,0,0,0,301.441,0.07
565,1160035400,1160013300,1160015200,2,104,0,-,개봉로20길,0,0,0,40,0,0,0,311.405,0.07
566,1160035700,1160016600,1160013600,1,104,0,-,개봉로17라길,0,0,0,30,0,0,0,187.8495,0
567,1160035800,1160013600,1160016600,1,104,0,-,개봉로17라길,0,0,0,30,0,0,0,187.8495,0
568,1160035900,1160018900,1160013000,1,104,0,-,개봉로17아길,0,0,0,10,0,0,0,374.1393,0
569,1160036000,1160013000,1160018900,1,104,0,-,개봉로17아길,1,0,0,10,0,0,0,351.4194,0
570,1160036300,1160019500,1160011800,2,104,1,-,오리로,0,0,0,60,0,0,0,418.1971,0.88
571,1160036400,1160011800,1160019500,2,104,1,-,오리로,0,0,0,60,0,0,0,417.82,0.88
572,1160036501,1160049400,1160013800,2,106,0,351,개봉로,0,0,0,60,0,23000,0,57.0837,1
573,1160036502,1160013800,1160003600,1,104,0,-,개봉로20길,0,0,0,40,0,0,0,162.668,0.62
574,1160036601,1160013800,1160049400,2,106,0,351,개봉로,0,0,0,60,0,23000,0,57.0837,1
575,1160036602,1160016300,1160013800,1,104,0,-,개봉로19길,0,0,0,60,0,0,0,96.3772,1
576,1160036700,1160013200,1160017600,1,104,0,-,구일로4길,0,0,0,30,0,0,0,454.7506,1
577,1160036800,1160017600,1160013200,1,104,0,-,구일로4길,0,0,0,30,0,0,0,427.9466,1
578,1160036900,1160013900,1160017800,1,104,0,-,오류로8길,0,0,0,30,0,0,0,285.2523,1
579,1160037000,1160017800,1160013900,1,104,0,-,오류로8길,0,0,0,30,0,0,0,270.8137,1
580,1160037300,1160017900,1160013000,1,104,0,-,개봉로17바길,1,0,0,10,0,0,0,277.7474,0
581,1160037400,1160013000,1160017900,1,104,0,-,개봉로17바길,0,0,0,10,0,0,0,277.5142,0
582,1160037500,1160015300,1160015000,1,104,0,-,서해안로,0,0,0,30,0,0,0,104.044,1
583,1160037600,1160015000,1160015300,1,104,0,-,서해안로,0,0,0,30,0,0,0,117.8097,1
584,1160037700,1160016900,1160014700,2,104,0,-,구일로,0,0,0,40,0,0,0,107.0284,1
585,1160037800,1160014700,1160016900,2,104,0,-,구일로,0,0,0,40,0,0,0,100.786,1
586,1160037900,1160014800,1160016400,2,104,1,-,가마산로,0,0,0,40,0,0,0,153.4174,1
587,1160038000,1160016400,1160014800,2,104,1,-,가마산로,0,0,0,40,0,0,0,166.5549,1
588,1160038100,1160017500,1160015200,1,104,0,-,개봉로20길,0,0,0,40,0,0,0,150.1003,0.99
589,1160038200,1160015200,1160017500,2,104,0,-,개봉로20길,0,0,0,40,0,0,0,142.6774,0.99
590,1160038300,1160020900,1160012100,2,104,0,-,벚꽃로,0,0,0,50,0,0,0,498.6235,0.56
591,1160038400,1160012100,1160020900,2,104,0,-,벚꽃로,0,0,0,50,0,0,0,498.3195,0.56
592,1160038500,1160020200,1160014500,1,102,0,55,서부간선도로,0,0,102,40,5,0,0,455.5803,1
593,1160038600,1160016600,1160016300,1,104,0,-,개봉로17나길,0,0,0,10,0,0,0,243.6816,0.01
594,1160038700,1160016300,1160016600,1,104,0,-,개봉로17나길,0,0,0,10,0,0,0,242.0841,0.01
595,1160039000,1160015400,1160017800,2,104,0,-,서해안로,0,0,0,60,0,0,0,186.5107,1
596,1160039100,1160017800,1160015000,2,104,0,-,서해안로,0,0,0,60,0,0,0,227.4831,1
597,1160039200,1160017500,1160016100,2,104,0,-,개봉로20길,0,0,0,40,0,0,0,321.1135,0
598,1160039300,1160016900,1160017600,1,104,0,-,구일로,0,0,0,30,0,0,0,226.2756,1
599,1160039400,1160017600,1160016900,1,104,0,-,구일로,0,0,0,30,0,0,0,226.2754,1
600,1160039500,1160017900,1160016600,1,104,0,-,개봉로17나길,0,0,0,10,0,0,0,205.8641,0
601,1160039600,1160016600,1160017900,1,104,0,-,개봉로17나길,0,0,0,10,0,0,0,201.2435,0
602,1160039700,1160015500,1160019600,1,104,0,-,구로동로35길,0,0,0,40,0,0,0,162.3674,0.72
603,1160039800,1160019600,1160015500,1,104,0,-,구로동로35길,0,0,0,40,0,0,0,177.0248,0.72
604,1160039900,1160017700,1160017500,2,104,0,-,개봉로20길,0,0,0,40,0,0,0,85.0928,0.99
605,1160040000,1160017500,1160017700,1,104,0,-,개봉로20길,0,0,0,40,0,0,0,85.0928,0.99
606,1160040200,1160003600,1160016300,1,104,0,-,개봉로19길,0,0,0,60,0,0,0,66.0756,0.02
607,1160040300,1160018000,1160016900,2,104,0,-,구일로,0,0,0,40,0,0,0,65.5842,1
608,1160040400,1160016900,1160018000,2,104,0,-,구일로,0,0,0,40,0,0,0,65.6289,1
609,1160040500,1160016700,1160018100,2,104,0,-,남부순환로,0,0,0,40,0,0,0,403.6323,0
610,1160040601,1160003600,1160017700,4,104,0,-,개봉로20길,0,0,0,40,0,0,350,184.1379,0.3
611,1160040602,1160018200,1160003600,4,104,0,-,개봉로19길,0,0,0,40,0,0,0,223.5767,0
612,1160040701,1160017700,1160003600,1,104,0,-,개봉로20길,0,0,0,40,0,0,350,184.5446,0.3
613,1160040702,1160003600,1160018200,1,104,0,-,개봉로19길,0,0,0,40,0,0,0,223.4221,0
614,1160040800,1160019700,1160015300,1,104,2,-,오류로,0,0,0,30,0,0,450,206.8659,0.73
615,1160040900,1160015300,1160019700,1,104,2,-,오류로,0,0,0,30,0,0,450,210.0211,0.73
616,1160041000,1160017700,1160018100,1,104,0,-,남부순환로97길,0,0,0,30,0,0,0,39.3839,0.17
617,1160041100,1160015700,1160019900,1,104,0,-,구로중앙로14길,0,0,0,30,0,0,0,358.3627,1
618,1160041200,1160019900,1160015700,1,104,0,-,구로중앙로14길,1,0,0,30,0,0,0,369.0386,1
619,1160041300,1160018900,1160017900,1,104,0,-,개봉로17나길,0,0,0,10,0,0,0,59.6978,0
620,1160041400,1160017900,1160018900,1,104,0,-,개봉로17나길,0,0,0,10,0,0,0,58.8189,0
621,1160041500,1160018100,1160018800,1,104,0,-,남부순환로95길,0,0,0,40,0,0,350,188.9001,0
622,1160041600,1160018400,1160018200,1,104,0,-,개봉로19길,0,0,0,40,0,0,0,80.4268,0
623,1160041900,1160018000,1160019200,1,102,0,55,서부간선도로,0,0,102,80,5,0,0,20.6374,1
624,1160042300,1160020800,1160018200,1,104,0,-,개봉로19길,0,0,0,40,0,0,0,305.7782,0
625,1160042400,1160018200,1160020800,1,104,0,-,개봉로19길,0,0,0,40,0,0,0,297.8023,0
626,1160042700,1160018800,1160019400,1,104,0,-,남부순환로95길,0,0,0,40,0,0,0,227.8764,0
627,1160042800,1160019400,1160019300,1,104,0,-,남부순환로,0,0,0,60,0,0,0,63.4272,0
628,1160042900,1160017800,1160020500,2,104,0,-,서해안로,0,0,0,60,0,0,0,540.311,0.79
629,1160043000,1160020500,1160017800,2,104,0,-,서해안로,0,0,0,60,0,0,0,541.5796,0.79
630,1160043100,1160015900,1160021700,1,104,0,-,부일로7길,0,0,0,30,0,0,0,292.477,1
631,1160043200,1160021700,1160015900,1,104,0,-,부일로7길,0,0,0,30,0,0,0,299.9376,1
632,1160043300,1160017600,1160021600,1,104,0,-,구일로,0,0,0,30,0,0,0,246.2381,1
633,1160043400,1160021600,1160017600,1,104,0,-,구일로,0,0,0,30,0,0,0,235.5331,1
634,1160043500,1160020500,1160018900,1,104,0,-,개봉로17나길,0,0,0,10,0,0,0,138.185,0
635,1160043600,1160018900,1160020500,1,104,0,-,개봉로17나길,0,0,0,10,0,0,0,135.3229,0
636,1160043700,1160021100,1160017000,1,104,0,-,부일로15길,0,0,0,30,0,0,0,350.5539,1
637,1160043800,1160017000,1160021100,1,104,0,-,부일로15길,0,0,0,30,0,0,0,361.3581,1
638,1160043900,1160021700,1160016800,1,104,0,-,부일로9길,0,0,0,30,0,0,0,309.9881,1
639,1160044000,1160016800,1160021700,1,104,0,-,부일로9길,0,0,0,30,0,0,0,319.4343,1
640,1160044100,1160013800,1160022600,2,106,1,351,개봉로,0,0,0,60,0,23000,0,403.9429,0.25
641,1160044200,1160022600,1160013800,2,106,1,351,개봉로,0,0,0,60,0,23000,0,403.6553,0.25
642,1160044300,1160021200,1160018000,2,104,0,-,구일로,0,0,0,40,0,0,490,176.0929,1
643,1160044400,1160018000,1160021200,2,104,0,-,구일로,0,0,0,40,0,0,490,175.0665,1
644,1160044500,1160018000,1160021400,1,104,0,-,구일로8길,0,0,0,40,0,0,0,230.1108,1
645,1160044600,1160021400,1160018000,1,104,0,-,구일로8길,0,0,0,40,0,0,0,226.9414,1
646,1160044700,1160025900,1160014400,1,104,0,-,부일로1길,0,0,0,30,0,0,0,901.4546,0.75
647,1160044800,1160014400,1160025900,1,104,0,-,부일로1길,0,0,0,30,0,0,0,887.9139,0.75
648,1160044900,1160022700,1160017200,1,104,0,-,부일로19길,0,0,0,10,0,0,0,314.703,1
649,1160045000,1160017200,1160022700,1,104,0,-,부일로19길,0,0,0,10,0,0,0,327.0834,1
650,1160045100,1160022200,1160017100,1,104,0,-,부일로17길,0,0,0,10,0,0,0,419.7063,1
651,1160045200,1160017100,1160022200,1,104,0,-,부일로17길,0,0,0,10,0,0,0,430.603,1
652,1160045400,1160019400,1160020800,1,104,0,-,남부순환로95길,0,0,0,40,0,0,0,338.5521,0
653,1160045500,1160020500,1160020800,1,104,0,-,서해안로34길,0,0,0,50,0,0,0,84.0282,0
654,1160045600,1160020800,1160020500,1,104,0,-,서해안로34길,0,0,0,50,0,0,0,84.0282,0
655,1160045701,1160022600,1160022601,1,104,0,-,개봉로23가길,0,0,0,50,0,0,0,252.1201,0
656,1160045702,1160022601,1160024300,1,104,0,-,개봉로23가길,0,0,0,50,0,0,0,200.2797,0
657,1160045801,1160024300,1160022601,1,104,0,-,개봉로23가길,0,0,0,50,0,0,0,195.5224,0
658,1160045802,1160022601,1160022600,1,104,0,-,개봉로23가길,0,0,0,50,0,0,0,239.4872,0
659,1160045900,1160020600,1160021100,1,104,0,-,부일로15길,0,0,0,30,0,0,0,98.2326,1
660,1160046000,1160021100,1160020600,1,104,0,-,부일로15길,0,0,0,30,0,0,0,94.2932,1
661,1160046300,1160021200,1160021400,2,104,0,-,구일로10길,0,0,0,40,0,0,0,169.4739,1
662,1160046400,1160021400,1160021200,2,104,0,-,구일로10길,0,0,0,40,0,0,0,170.7714,1
663,1160046500,1160021400,1160021600,1,104,0,-,구일로10길,0,0,0,40,0,0,0,103.0291,1
664,1160046600,1160021600,1160021400,1,104,0,-,구일로10길,0,0,0,40,0,0,0,103.0291,1
665,1160046700,1160022200,1160021100,1,104,0,-,부일로13길,0,0,0,10,0,0,0,38.1379,1
666,1160046800,1160021100,1160022200,1,104,0,-,부일로13길,0,0,0,10,0,0,0,35.147,1
667,1160047300,1160022400,1160021700,1,104,0,-,부일로9길,0,0,0,30,0,0,0,31.3374,1
668,1160047400,1160021700,1160022400,1,104,0,-,부일로9길,0,0,0,30,0,0,0,31.3374,1
669,1160047500,1160019800,1160024500,1,104,0,-,구로중앙로18길,1,0,0,30,0,0,0,444.4896,0.79
670,1160047600,1160024500,1160019800,1,104,0,-,구로중앙로18길,0,0,0,30,0,0,0,424.8798,0.79
671,1160047700,1160022800,1160021200,2,104,0,-,구일로,0,0,0,40,0,0,0,62.598,0.14
672,1160047800,1160021200,1160022800,2,104,0,-,구일로,0,0,0,40,0,0,0,64.078,0.14
673,1160047900,1160020900,1160023400,2,104,0,-,구로동로43길,0,0,0,60,0,0,0,272.9833,0
674,1160048000,1160023400,1160020900,2,104,0,-,구로동로43길,0,0,0,60,0,0,0,271.2583,0
675,1160048100,1160023000,1160021900,1,104,0,-,가마산로23길,0,0,0,40,0,0,0,74.3938,0.6
676,1160048200,1160021900,1160023000,1,104,0,-,가마산로23길,0,0,0,40,0,0,0,74.3938,0.6
677,1160048300,1160024100,1160020900,2,104,0,-,벚꽃로,0,0,0,50,0,0,0,186.8054,0
678,1160048400,1160020900,1160024100,2,104,0,-,벚꽃로,0,0,0,50,0,0,0,187.8401,0
679,1160048500,1160024700,1160021400,1,104,0,-,구일로8길,0,0,0,40,0,0,0,234.7597,0.26
680,1160048600,1160021400,1160024700,1,104,0,-,구일로8길,0,0,0,40,0,0,0,234.7597,0.26
681,1160049400,1160022900,1160023000,1,104,0,-,가마산로23길,0,0,0,40,0,0,0,163.3428,1
682,1160049500,1160023000,1160022900,1,104,0,-,가마산로23길,0,0,0,40,0,0,0,194.8698,1
683,1160049700,1160023000,1160025800,1,104,0,-,가마산로27길,0,0,0,10,0,0,0,285.4873,0.61
684,1160049800,1160025800,1160023000,1,104,0,-,가마산로27길,0,0,0,10,0,0,0,285.4872,0.61
685,1160049900,1160023400,1160024600,1,104,0,-,구로중앙로27길,0,0,0,30,0,0,0,91.7268,0.2
686,1160050000,1160024600,1160023400,1,104,0,-,구로중앙로27길,0,0,0,30,0,0,0,91.7268,0.2
687,1160050100,1160022800,1160024700,1,104,0,-,구일로,0,0,0,40,0,0,0,378.4035,0
688,1160050200,1160024700,1160022800,1,104,0,-,구일로,0,0,0,40,0,0,0,396.4126,0
689,1160050300,1160025300,1160023600,1,104,0,-,경인로43길,0,0,0,30,0,0,0,101.3818,0.44
690,1160050400,1160023600,1160025300,1,104,0,-,경인로43길,0,0,0,30,0,0,0,103.7667,0.44
691,1160050500,1160030000,1160022400,1,104,0,-,부일로9길,0,0,0,30,0,0,0,634.7717,0.79
692,1160050600,1160022400,1160030000,1,104,0,-,부일로9길,0,0,0,30,0,0,0,618.2099,0.79
693,1160050700,1160029500,1160022200,1,104,0,-,부일로17길,0,0,0,10,0,0,0,403.094,1
694,1160050800,1160022200,1160029500,1,104,0,-,부일로17길,0,0,0,10,0,0,0,403.3829,1
695,1160050900,1160025800,1160024500,1,104,0,-,가마산로27길,0,0,0,30,0,0,0,71.5478,0.13
696,1160051000,1160024500,1160025800,1,104,0,-,가마산로27길,0,0,0,30,0,0,0,71.5478,0.13
697,1160051100,1160023500,1160027400,1,103,0,46,경인로,0,0,103,40,0,0,0,239.4894,0
698,1160051200,1160024900,1160025000,1,104,0,-,도림천로,0,0,0,60,0,0,0,55.6136,0
699,1160051300,1160026300,1160023900,1,103,0,46,경인로,0,0,103,40,0,0,0,283.0111,0.4
700,1160051400,1160027300,1160024400,1,103,0,46,경인로,0,0,103,40,0,0,0,268.4479,0
701,1160051500,1160025300,1160026100,1,104,0,-,중앙로1길,0,0,0,30,0,0,0,76.8776,0.96
702,1160051600,1160026100,1160025300,1,104,0,-,중앙로1길,0,0,0,30,0,0,0,78.3639,0.96
703,1160051700,1160025600,1160025000,1,104,0,-,도림천로,0,0,0,60,0,0,0,77.8356,0
704,1160051800,1160027800,1160024000,2,104,2,-,구로중앙로,0,0,0,60,0,0,450,201.9434,1
705,1160051900,1160024000,1160027800,2,104,2,-,구로중앙로,0,0,0,60,0,0,450,201.9434,1
706,1160052000,1160025700,1160026700,1,103,0,46,경인로,0,0,103,40,0,0,0,134.7981,0.06
707,1160052100,1160026800,1160025400,1,104,0,-,가마산로,0,0,0,60,0,0,0,80.3414,0
708,1160052200,1160026100,1160025200,1,104,0,-,경인로,0,0,0,30,0,0,0,136.6671,1
709,1160052300,1160025200,1160026100,2,104,0,-,경인로,0,0,0,30,0,0,0,153.1035,1
710,1160052400,1160027600,1160025300,1,104,0,-,경인로43길,0,0,0,30,0,0,0,163.0503,0
711,1160052500,1160025300,1160027600,1,104,0,-,경인로43길,0,0,0,30,0,0,0,163.0503,0
712,1160052600,1160024600,1160028500,1,104,0,-,구로중앙로27길,0,0,0,30,0,0,0,284.5826,1
713,1160052700,1160028500,1160024600,1,104,0,-,구로중앙로27길,0,0,0,30,0,0,0,285.1009,1
714,1160052800,1160028100,1160025800,1,104,0,-,가마산로27길,0,0,0,30,0,0,0,118.3757,1
715,1160052900,1160025800,1160028100,1,104,0,-,가마산로27길,0,0,0,30,0,0,0,119.197,1
716,1160053000,1160022400,1160029000,1,104,0,-,오리로21길,0,0,0,30,0,0,0,559.0291,1
717,1160053100,1160029000,1160022400,1,104,0,-,오리로21길,0,0,0,30,0,0,0,567.3941,1
718,1160053200,1160026600,1160027500,1,104,0,-,공원로,0,0,0,30,0,0,440,83.8307,0
719,1160053300,1160026800,1160027500,1,104,0,-,공원로,0,0,0,30,0,0,0,78.4338,0
720,1160053401,1160024100,1160048800,2,104,0,-,벚꽃로,0,0,0,50,0,0,0,137.629,0
721,1160053402,1160048800,1160027000,1,104,0,-,구로동로47길,0,0,0,30,0,0,0,246.5338,0
722,1160053501,1160048800,1160024100,2,104,0,-,벚꽃로,0,0,0,50,0,0,0,139.3175,0
723,1160053502,1160027000,1160048800,1,104,0,-,구로동로47길,0,0,0,30,0,0,0,246.5338,0
724,1160053600,1160024600,1160030300,1,104,0,-,구로동로42길,0,0,0,30,0,0,0,281.8844,1
725,1160053700,1160030300,1160024600,1,104,0,-,구로동로42길,1,0,0,30,0,0,0,279.428,1
726,1160053800,1160029100,1160026100,1,104,0,-,중앙로3길.경인로사이길,0,0,0,30,0,0,0,180.6281,1
727,1160053900,1160026100,1160029100,1,104,0,-,중앙로3길.경인로사이길,0,0,0,30,0,0,0,180.6281,1
728,1160054100,1160027600,1160029100,1,104,0,-,중앙로3길,0,0,0,30,0,0,0,81.7362,0.05
729,1160054200,1160029100,1160027600,1,104,0,-,중앙로3길,0,0,0,30,0,0,0,81.7363,0.05
730,1160054300,1160030400,1160026200,1,103,0,46,경인로,0,0,103,40,0,0,0,258.3424,0.87
731,1160054400,1160026000,1160030600,1,104,0,-,안양천로,0,0,0,60,0,0,470,179.1274,0.69
732,1160054500,1160030600,1160026000,1,104,0,-,안양천로,0,0,0,60,0,0,470,179.1274,0.69
733,1160054600,1160022800,1160024700,1,104,0,-,구일로,0,0,0,10,0,0,0,990.1547,0
734,1160054700,1160024700,1160022800,1,104,0,-,구일로,0,0,0,10,0,0,0,1040.3483,0
735,1160054800,1160028100,1160029200,1,104,0,-,공원로,0,0,0,60,0,0,0,88.825,1
736,1160054900,1160029200,1160028100,1,104,0,-,공원로,1,0,0,60,0,0,0,88.825,1
737,1160055000,1160027200,1160029700,1,103,0,46,경인로,0,0,103,40,0,0,0,175.7919,1
738,1160055200,1160029000,1160029500,1,104,0,-,오리로22길,0,0,0,10,0,0,0,76.4941,1
739,1160055300,1160029500,1160029000,1,104,0,-,오리로22길,0,0,0,10,0,0,0,88.3085,1
740,1160055400,1160030200,1160028100,1,104,0,-,가마산로27길,0,0,0,30,0,0,0,128.3468,1
741,1160055500,1160028100,1160030200,1,104,0,-,가마산로27길,0,0,0,30,0,0,0,128.3468,1
742,1160055600,1160024800,1160032700,2,102,2,55,서부간선도로,0,1,0,80,5,0,0,525.8476,0
743,1160055700,1160032700,1160024800,2,102,2,55,서부간선도로,0,1,0,80,5,0,0,530.1731,0
744,1160055800,1160028000,1160027700,1,103,0,46,경인로,0,0,103,40,0,0,0,306.2399,0
745,1160055900,1160050100,1160028900,2,104,2,-,구로중앙로,0,0,0,60,0,0,450,212.5586,1
746,1160056000,1160028900,1160050100,2,104,2,-,구로중앙로,0,0,0,60,0,0,450,205.1322,1
747,1160056200,1160027900,1160028700,1,103,0,46,경인로,0,0,103,40,0,0,0,306.1262,0
748,1160056400,1160030900,1160027100,1,104,0,-,경인로31길,0,0,0,10,0,0,0,290.4268,0
749,1160056500,1160027100,1160030900,1,104,0,-,경인로31길,0,0,0,10,0,0,0,294.2694,0
750,1160056600,1160031800,1160026500,1,104,0,-,경인로33길,0,0,0,30,0,0,0,299.1503,0
751,1160056700,1160026500,1160031800,1,104,0,-,경인로33길,0,0,0,30,0,0,0,301.0138,0
752,1160056800,1160031900,1160027600,1,104,0,-,경인로43길,0,0,0,30,0,0,0,348.9299,0.6
753,1160056900,1160027600,1160031900,1,104,0,-,경인로43길,0,0,0,30,0,0,0,348.9299,0.6
754,1160057000,1160029100,1160031000,1,104,0,-,중앙로3길,0,0,0,30,0,0,0,174.6189,1
755,1160057100,1160031000,1160029100,1,104,0,-,중앙로3길,0,0,0,30,0,0,0,175.8778,1
756,1160057200,1160030200,1160030800,1,104,0,-,공원로,1,0,0,30,0,0,0,87.6754,1
757,1160057300,1160030800,1160030200,1,104,0,-,공원로,0,0,0,30,0,0,0,87.6754,1
758,1160057400,1160028600,1160032300,1,104,0,-,새말로18길,0,0,0,10,0,0,0,198.4229,1
759,1160057500,1160030500,1160030900,1,104,0,-,경인로33다길,0,0,0,30,0,0,0,168.7322,0
760,1160057600,1160030900,1160030500,1,104,0,-,경인로33다길,0,0,0,30,0,0,0,167.8818,0
761,1160057700,1160037100,1160025100,1,104,0,-,경인로35길,0,0,0,10,0,0,0,803.8589,0.05
762,1160057800,1160025100,1160037100,1,104,0,-,경인로35길,0,0,0,10,0,0,0,805.9724,0.05
763,1160057900,1160029500,1160032000,1,104,0,-,오리로22가길,0,0,0,10,0,0,0,189.9682,0.32
764,1160058000,1160032000,1160029500,1,104,0,-,오리로22가길,0,0,0,10,0,0,0,179.1736,0.32
765,1160058100,1160029000,1160032600,2,104,0,-,오리로,0,0,0,50,0,0,0,209.3904,0.38
766,1160058200,1160032600,1160029000,2,104,0,-,오리로,0,0,0,50,0,0,0,209.5181,0.38
767,1160058300,1160031100,1160030700,2,104,0,-,경인로47길,0,0,0,30,0,0,0,74.6381,1
768,1160058400,1160030700,1160031100,1,104,0,-,경인로47길,0,0,0,30,0,0,0,74.6489,1
769,1160058500,1160031700,1160030200,1,104,0,-,가마산로27길,0,0,0,30,0,0,0,140.0234,1
770,1160058600,1160030200,1160031700,1,104,0,-,가마산로27길,0,0,0,30,0,0,0,140.0234,1
771,1160058700,1160029900,1160032900,1,104,0,-,구로중앙로32가길,0,0,0,30,0,0,0,201.2818,1
772,1160058800,1160032900,1160029900,1,104,0,-,구로중앙로32가길,0,0,0,30,0,0,0,193.5147,1
773,1160058900,1160033800,1160030500,1,104,0,-,고척로22길,0,0,0,30,0,0,0,337.3702,0
774,1160059000,1160030500,1160033800,1,104,0,-,고척로22길,0,0,0,30,0,0,0,308.1225,0
775,1160059100,1160031000,1160031500,1,104,0,-,중앙로3길,0,0,0,30,0,0,0,96.1503,1
776,1160059200,1160031500,1160031000,1,104,0,-,중앙로3길,0,0,0,30,0,0,0,96.1503,1
777,1160059300,1160030900,1160031800,1,104,0,-,경인로33다길,0,0,0,10,0,0,0,144.7656,0
778,1160059400,1160031800,1160030900,1,104,0,-,경인로33다길,0,0,0,10,0,0,0,145.6109,0
779,1160059500,1160032200,1160031100,1,104,0,-,중앙로6길,0,0,0,30,0,0,0,253.0997,1
780,1160059600,1160031100,1160032200,1,104,0,-,중앙로6길,0,0,0,30,0,0,0,253.3225,1
781,1160059700,1160031200,1160032300,2,104,0,-,공원로,0,0,0,60,0,0,0,86.1211,1
782,1160059800,1160032300,1160031200,2,104,0,-,공원로,1,0,0,60,0,0,0,83.8748,1
783,1160059900,1160032800,1160031000,1,104,0,-,중앙로3길,0,0,0,30,0,0,0,106.5735,0.97
784,1160060000,1160031000,1160032800,1,104,0,-,중앙로3길,0,0,0,30,0,0,0,106.5734,0.97
785,1160060200,1160031300,1160032900,1,104,0,-,구로중앙로34길,0,0,0,40,0,0,0,183.6063,1
786,1160060300,1160032900,1160031300,1,104,0,-,구로중앙로34길,0,0,0,40,0,0,0,184.3399,1
787,1160060400,1160033800,1160030500,1,104,0,-,고척로,1,0,0,60,0,0,0,267.538,0
788,1160060500,1160030500,1160033800,1,104,0,-,고척로.경인로33다길,0,0,0,60,0,0,0,273.4327,0
789,1160060600,1160032300,1160032400,1,104,0,-,공원로,0,0,0,40,0,0,0,37.3389,1
790,1160060700,1160032400,1160032300,1,104,0,-,공원로,0,0,0,40,0,0,0,33.0388,1
791,1160060800,1160032500,1160032200,1,104,0,-,중앙로6길,0,0,0,30,0,0,0,52.8974,1
792,1160060900,1160032200,1160032500,1,104,0,-,중앙로6길,0,0,0,30,0,0,0,52.8973,1
793,1160061000,1160032600,1160032000,1,104,0,-,오리로,0,0,0,10,0,0,0,61.2588,0
794,1160061100,1160032000,1160032600,1,104,0,-,오리로,0,0,0,10,0,0,0,61.2588,0
795,1160061200,1160032800,1160032500,1,104,0,-,중앙로5길,0,0,0,30,0,0,0,119.4495,0.97
796,1160061300,1160032500,1160032800,1,104,0,-,중앙로5길,0,0,0,30,0,0,0,119.4495,0.97
797,1160061400,1160038100,1160028800,1,104,0,-,고척로52길,0,0,0,30,0,0,0,648.9418,1
798,1160061500,1160028800,1160038100,1,104,0,-,고척로52길,0,0,0,30,0,0,0,625.2834,1
799,1160061600,1160026000,1160038400,2,104,2,-,안양천로,0,0,0,60,0,0,430,506.3033,0.25
800,1160061700,1160038400,1160026000,2,104,2,-,안양천로,0,0,0,60,0,0,430,505.7503,0.25
801,1160061800,1160033000,1160032100,1,104,0,-,공원로,0,0,0,30,0,0,0,73.2153,1
802,1160061900,1160034100,1160031100,1,104,0,-,경인로47길,0,0,0,30,0,0,0,268.8889,1
803,1160062000,1160031100,1160034100,1,104,0,-,경인로47길,0,0,0,30,0,0,0,269.6483,1
804,1160062100,1160033900,1160032300,2,104,0,-,공원로6길,0,0,0,30,0,0,0,139.1645,1
805,1160062200,1160032300,1160033900,2,104,0,-,공원로6길,0,0,0,30,0,0,0,133.3092,1
806,1160062300,1160034200,1160032800,1,104,0,-,중앙로5길,0,0,0,30,0,0,0,318.7311,0.37
807,1160062400,1160032800,1160034200,1,104,0,-,중앙로5길,0,0,0,30,0,0,0,312.6352,0.37
808,1160062600,1160034700,1160030900,1,104,0,-,고척로30길,0,0,0,10,0,0,0,282.3264,0
809,1160062700,1160030900,1160034700,1,104,0,-,고척로30길,1,0,0,10,0,0,0,281.1094,0
810,1160062800,1160033300,1160033600,1,104,0,-,공원로,0,0,0,30,0,0,0,74.7885,1
811,1160062900,1160032200,1160034100,1,104,0,-,중앙로6길,0,0,0,30,0,0,0,138.8912,1
812,1160063000,1160034100,1160032200,1,104,0,-,중앙로6길,0,0,0,30,0,0,0,144.5129,1
813,1160063100,1160034400,1160032300,1,104,0,-,새말로18길,0,0,0,10,0,0,0,154.8657,0.64
814,1160063200,1160032300,1160034400,1,104,0,-,새말로18길,0,0,0,10,0,0,0,155.5301,0.64
815,1160063300,1160032900,1160035000,1,104,0,-,구로중앙로34길,0,0,0,10,0,0,0,301.1493,0.98
816,1160063400,1160035000,1160032900,1,104,0,-,구로중앙로34길,0,0,0,10,0,0,0,280.6975,0.98
817,1160063500,1160034900,1160032600,2,104,0,-,오리로,0,0,0,50,0,0,0,193.7708,0
818,1160063600,1160032600,1160034900,2,104,0,-,오리로,0,0,0,50,0,0,0,193.7709,0
819,1160063700,1160034900,1160032000,1,104,0,-,오리로22가길,0,0,0,10,0,0,0,241.9135,0
820,1160063800,1160032000,1160034900,1,104,0,-,오리로22가길,0,0,0,10,0,0,0,251.8099,0
821,1160063900,1160035900,1160031800,1,104,0,-,경인로33길,0,0,0,30,0,0,0,293.9954,0.17
822,1160064000,1160031800,1160035900,1,104,0,-,경인로33길,0,0,0,30,0,0,0,294.4253,0.17
823,1160064101,1160049100,1160049200,2,104,0,-,새말로,0,0,0,60,0,0,0,174.8602,0.39
824,1160064102,1160049200,1160036100,2,104,0,-,새말로,0,0,0,40,0,0,0,53.3153,0
825,1160064201,1160049200,1160049100,2,104,0,-,새말로,0,0,0,60,0,0,0,174.8603,0.39
826,1160064202,1160036100,1160049200,2,104,0,-,새말로,0,0,0,40,0,0,0,53.3152,0
827,1160064300,1160035100,1160034100,1,104,0,-,경인로47길,0,0,0,10,0,0,0,108.165,1
828,1160064400,1160034100,1160035100,1,104,0,-,경인로47길,0,0,0,10,0,0,0,108.165,1
829,1160064500,1160034600,1160035100,1,104,0,-,중앙로8길,0,0,0,10,0,0,0,120.6933,1
830,1160064600,1160035100,1160034600,1,104,0,-,중앙로8길,0,0,0,10,0,0,0,120.6932,1
831,1160064700,1160036500,1160033800,1,104,0,-,고척로21길,0,0,0,30,0,0,0,187.5433,0.84
832,1160064800,1160033800,1160036500,1,104,0,-,고척로21길,0,0,0,30,0,0,0,175.8153,0.84
833,1160064900,1160036600,1160033900,1,104,0,-,공원로6가길,0,0,0,30,0,0,0,196.3404,0.39
834,1160065000,1160033900,1160036600,1,104,0,-,공원로6가길,0,0,0,30,0,0,0,198.2772,0.39
835,1160065100,1160035400,1160034400,1,104,0,-,새말로18길,0,0,0,60,0,0,0,81.2989,0
836,1160065200,1160034400,1160035400,1,104,0,-,새말로18길,0,0,0,60,0,0,0,80.7131,0
837,1160065300,1160036900,1160033800,1,104,0,-,고척로23길,1,0,0,10,0,0,0,174.5731,0.85
838,1160065400,1160033800,1160036900,1,104,0,-,고척로23길,0,0,0,10,0,0,0,182.3685,0.85
839,1160065600,1160036300,1160036500,1,104,0,-,고척로21나길,0,0,0,10,0,0,0,329.912,1
840,1160065700,1160036500,1160036300,1,104,0,-,고척로21나길,0,0,0,10,0,0,0,309.724,1
841,1160065800,1160030100,1160040200,1,104,0,-,경인로51길,0,0,0,50,0,0,0,744.9253,0
842,1160065900,1160037600,1160034300,1,104,0,-,고척로25길,0,0,0,10,0,0,0,204.6474,0.92
843,1160066000,1160034300,1160037600,1,104,0,-,고척로25길,1,0,0,10,0,0,0,182.8232,0.92
844,1160066300,1160038600,1160034500,1,104,0,-,경인로55길,0,0,0,10,0,0,0,339.4311,0
845,1160066400,1160034500,1160038600,1,104,0,-,경인로55길,0,0,0,10,0,0,0,319.9232,0
846,1160066500,1160037600,1160034300,1,104,0,-,고척로27길,1,0,0,10,0,0,0,175.7961,0.92
847,1160066600,1160034300,1160037600,1,104,0,-,고척로27길,0,0,0,10,0,0,0,177.9713,0.92
848,1160066700,1160036800,1160004600,1,104,0,-,새말로20길,0,0,0,60,0,0,0,112.6151,0
849,1160066900,1160035500,1160036600,1,104,0,-,공원로8길,0,0,0,30,0,0,0,87.8819,1
850,1160067000,1160036600,1160035500,1,104,0,-,공원로8길,0,0,0,30,0,0,0,87.8818,1
851,1160067100,1160037300,1160035000,1,104,2,-,새말로12길,0,0,0,40,0,0,460,103.9783,0.41
852,1160067200,1160035000,1160037300,1,104,2,-,새말로12길,0,0,0,40,0,0,460,103.9782,0.41
853,1160067300,1160034800,1160037800,2,103,2,46,경인로,0,0,0,60,0,0,450,393.5571,0
854,1160067400,1160037800,1160034800,2,103,2,46,경인로,0,0,0,60,0,0,450,393.6661,0
855,1160067500,1160034200,1160038100,1,104,0,-,경서로7길,0,0,0,30,0,0,0,298.7817,1
856,1160067600,1160038100,1160034200,1,104,0,-,경서로7길,0,0,0,30,0,0,0,296.917,1
857,1160067700,1160040200,1160033400,2,104,0,-,경인로53길,0,0,0,30,0,0,0,522.2512,0
858,1160067800,1160033400,1160040200,2,104,0,-,경인로53길,0,0,0,30,0,0,0,517.4697,0
859,1160068000,1160036100,1160037300,2,104,0,-,새말로,0,0,0,60,0,0,0,78.9633,0.2
860,1160068100,1160037300,1160036100,2,104,0,-,새말로,0,0,0,60,0,0,0,78.9634,0.2
861,1160068300,1160036500,1160036900,1,104,0,-,고척로23길,0,0,0,30,0,0,0,34.1303,1
862,1160068400,1160036900,1160036500,1,104,0,-,고척로23길,0,0,0,30,0,0,0,34.1304,1
863,1160068500,1160038000,1160035400,1,104,0,-,새말로16길,0,0,0,30,0,0,0,133.5869,0
864,1160068600,1160035400,1160038000,1,104,0,-,새말로16길,0,0,0,30,0,0,0,133.5868,0
865,1160068800,1160036600,1160038000,1,104,0,-,공원로8길,0,0,0,30,0,0,0,125.1599,0.05
866,1160068900,1160038000,1160036600,1,104,0,-,공원로8길,0,0,0,30,0,0,0,125.1599,0.05
867,1160069000,1160038900,1160035400,1,104,0,-,새말로18길,0,0,0,30,0,0,0,172.8326,0
868,1160069100,1160035400,1160038900,1,104,0,-,새말로18길,0,0,0,30,0,0,0,172.8326,0
869,1160069200,1160037300,1160038700,2,104,0,-,새말로,0,0,0,60,0,0,0,149.3648,1
870,1160069300,1160038700,1160037300,2,104,0,-,새말로,0,0,0,60,0,0,0,149.3647,1
871,1160069600,1160038300,1160037600,1,104,0,-,고척로27길,1,0,0,10,0,0,0,72.1282,1
872,1160069700,1160037600,1160038300,1,104,0,-,고척로27길,0,0,0,10,0,0,0,72.9217,1
873,1160070100,1160038700,1160037500,1,104,0,-,공원로,0,0,0,60,0,0,0,136.7277,1
874,1160070200,1160038000,1160038900,1,104,0,-,공원로8길,0,0,0,30,0,0,0,109.5839,0
875,1160070300,1160038900,1160038000,1,104,0,-,공원로8길,0,0,0,30,0,0,0,109.5839,0
876,1160070400,1160039900,1160036600,1,104,0,-,공원로6가길,0,0,0,30,0,0,0,240.8251,1
877,1160070500,1160036600,1160039900,1,104,0,-,공원로6가길,0,0,0,30,0,0,0,240.8251,1
878,1160070600,1160036900,1160039800,1,104,0,-,고척로23길,0,0,0,10,0,0,0,195.6801,1
879,1160070700,1160039800,1160036900,1,104,0,-,고척로23길,1,0,0,10,0,0,0,207.541,1
880,1160070800,1160036100,1160039500,1,104,0,-,새말로9길,0,0,0,30,0,0,0,289.7678,0.77
881,1160070900,1160039500,1160036100,1,104,0,-,새말로9길,0,0,0,30,0,0,0,312.0859,0.77
882,1160071001,1160038100,1160038101,1,104,0,-,경서로11길,0,0,0,10,0,0,0,355.0192,0.76
883,1160071002,1160038101,1160038500,1,104,0,-,경서로11길,0,0,0,10,0,0,0,18.5573,0
884,1160071101,1160038500,1160038101,1,104,0,-,경서로11길,0,0,0,10,0,0,0,24.6287,0
885,1160071102,1160038101,1160038100,1,104,0,-,경서로11길,0,0,0,10,0,0,0,376.6034,0.76
886,1160071200,1160038700,1160039000,2,104,0,-,새말로,0,0,0,30,0,0,0,57.9155,1
887,1160071300,1160039000,1160038700,2,104,0,-,새말로,0,0,0,30,0,0,0,57.9156,1
888,1160071400,1160038600,1160039200,1,104,0,-,구로중앙로37길,0,0,0,30,0,0,0,100.0398,0
889,1160071500,1160039200,1160038600,2,104,0,-,구로중앙로37길,0,0,0,30,0,0,0,100.0397,0
890,1160071600,1160039800,1160038300,1,104,0,-,고척로25길,0,0,0,10,0,0,0,155.3521,1
891,1160071700,1160038300,1160039800,1,104,0,-,고척로25길,1,0,0,10,0,0,0,140.5154,1
892,1160071800,1160042000,1160034900,2,104,0,-,오리로,0,0,0,50,0,0,0,437.4531,0
893,1160071900,1160034900,1160042000,2,104,0,-,오리로,0,0,0,50,0,0,0,437.2632,0
894,1160072100,1160039600,1160035100,1,104,0,-,경인로47길,0,0,0,10,0,0,0,434.7524,0.75
895,1160072200,1160035100,1160039600,1,104,0,-,경인로47길,0,0,0,10,0,0,0,462.7066,0.75
896,1160072300,1160039500,1160038700,2,104,0,-,새말로,0,0,0,30,0,0,0,73.4415,1
897,1160072400,1160040000,1160038100,1,104,0,-,고척로52길,0,0,0,30,0,0,0,168.781,1
898,1160072500,1160038100,1160040000,1,104,0,-,고척로52길,0,0,0,30,0,0,0,162.7444,1
899,1160072800,1160040400,1160038000,1,104,0,-,새말로16길,0,0,0,30,0,0,0,239.5062,0.8
900,1160072900,1160038000,1160040400,1,104,0,-,새말로16길,1,0,0,30,0,0,0,239.5062,0.8
901,1160073000,1160036300,1160036500,1,104,0,-,고척로21길,0,0,0,30,0,0,0,607.4445,1
902,1160073100,1160036500,1160036300,1,104,0,-,고척로21길,0,0,0,30,0,0,0,649.095,1
903,1160073200,1160040800,1160038600,1,104,0,-,구로중앙로39길,0,0,0,20,0,0,0,271.344,0.09
904,1160073300,1160038600,1160040800,1,104,0,-,구로중앙로39길,0,0,0,20,0,0,0,252.5757,0.09
905,1160073400,1160040500,1160039700,1,104,0,-,안양천로539길,0,0,0,10,0,0,0,540.0354,0.26
906,1160073500,1160039700,1160040500,1,104,0,-,안양천로539길,0,0,0,10,0,0,0,543.1794,0.26
907,1160073600,1160042600,1160038300,1,104,0,-,고척로27길,0,0,0,10,0,0,0,304.1715,1
908,1160073700,1160038300,1160042600,1,104,0,-,고척로27길,0,0,0,10,0,0,0,305.8818,1
909,1160073800,1160042800,1160038900,1,104,0,-,새말로18길,0,0,0,30,0,0,0,299.3435,0
910,1160073900,1160038900,1160042800,1,104,0,-,새말로18길,0,0,0,30,0,0,0,292.759,0
911,1160074000,1160039300,1160039500,2,104,0,-,새말로.새말로9길,0,0,0,30,0,0,0,278.548,1
912,1160074200,1160043100,1160039000,3,104,2,-,공원로,0,0,0,50,0,0,450,365.5172,0.93
913,1160074300,1160039000,1160043100,3,104,2,-,공원로,0,0,0,50,0,0,450,365.2544,0.93
914,1160074700,1160004900,1160041200,3,104,4,-,신정로,0,0,0,60,0,0,450,108.8432,0
915,1160074800,1160041200,1160004900,3,104,4,-,신정로,0,0,0,60,0,0,450,108.7772,0
916,1160074900,1160040200,1160042900,1,104,0,-,경인로53길,0,0,0,10,0,0,0,198.3163,0.67
917,1160075000,1160042900,1160040200,1,104,0,-,경인로53길,0,0,0,10,0,0,0,200.3747,0.67
918,1160075100,1160039800,1160043800,1,104,0,-,고척로25길,0,0,0,10,0,0,0,289.1903,1
919,1160075200,1160043800,1160039800,1,104,0,-,고척로25길,0,0,0,10,0,0,0,296.1833,1
920,1160075300,1160042300,1160040900,2,104,0,-,경인로59길,0,0,0,30,0,0,0,98.4889,0
921,1160075400,1160040900,1160042300,2,104,0,-,경인로59길,0,0,0,30,0,0,0,98.489,0
922,1160075500,1160040600,1160042500,3,104,0,-,신도림로,0,0,0,30,0,0,0,179.1796,1
923,1160075600,1160042500,1160040600,3,104,0,-,신도림로,0,0,0,30,0,0,0,179.1796,1
924,1160075700,1160041200,1160042000,3,104,0,-,신정로,0,0,0,60,0,0,0,451.4466,0
925,1160075800,1160042000,1160041200,3,104,0,-,신정로,0,0,0,60,0,0,0,451.2882,0
926,1160076300,1160043500,1160040800,3,104,0,-,구로중앙로,0,0,0,60,0,0,0,229.1663,1
927,1160076400,1160040800,1160043500,3,104,0,-,구로중앙로,0,0,0,60,0,0,0,229.0047,1
928,1160076700,1160042000,1160042100,3,104,0,-,신정로,0,0,0,60,0,0,0,98.7676,0
929,1160076800,1160042100,1160042000,3,104,0,-,신정로,0,0,0,60,0,0,0,98.5376,0
930,1160076900,1160042100,1160042200,3,104,4,-,신정로,0,0,0,60,0,0,450,74.8195,0
931,1160077000,1160042200,1160042100,3,104,4,-,신정로,0,0,0,60,0,0,450,74.8194,0
932,1160077100,1160050200,1160044400,1,104,0,-,경인로66길,0,0,0,40,0,0,0,256.928,0.76
933,1160077201,1160044400,1160050200,1,104,0,-,경인로66길,0,0,0,40,0,0,0,237.6695,0.76
934,1160077202,1160050200,1160043400,1,104,0,-,경인로.인접길,0,0,0,40,0,0,0,125.9583,0.86
935,1160077300,1160043300,1160042300,1,104,0,-,경인로59길,0,0,0,30,0,0,0,74.1356,0.84
936,1160077400,1160042300,1160043300,1,104,0,-,경인로59길,0,0,0,30,0,0,0,76.3879,0.84
937,1160077501,1160041100,1160041101,1,104,0,-,중앙로14길,0,0,0,40,0,0,0,217.4893,0.1
938,1160077502,1160041101,1160045300,1,104,0,-,중앙로14길,0,0,0,40,0,0,0,270.8126,0
939,1160077601,1160045300,1160041101,1,104,0,-,중앙로14길,0,0,0,40,0,0,0,255.2146,0
940,1160077602,1160041101,1160041100,1,104,0,-,중앙로14길,0,0,0,40,0,0,0,223.0137,0.1
941,1160077700,1160044500,1160040800,1,104,0,-,구로중앙로40길,0,0,0,10,0,0,0,265.0165,1
942,1160077800,1160040800,1160044500,1,104,0,-,구로중앙로40길,0,0,0,10,0,0,0,284.4338,1
943,1160077900,1160044000,1160040000,1,104,0,-,고척로51길,0,0,0,30,0,0,0,618.6574,0.63
944,1160078000,1160040000,1160044000,1,104,0,-,고척로51길,0,0,0,30,0,0,0,627.6363,0.63
945,1160078100,1160043200,1160042800,2,104,0,-,새말로,0,0,0,30,0,0,0,39.5426,0
946,1160078200,1160042800,1160043200,2,104,0,-,새말로,0,0,0,30,0,0,0,36.0737,0
947,1160078300,1160043800,1160042600,1,104,0,-,고척로27길,0,0,0,10,0,0,0,84.4277,1
948,1160078400,1160042600,1160043800,1,104,0,-,고척로27길,0,0,0,10,0,0,0,89.7121,1
949,1160078500,1160043300,1160041300,1,104,0,-,경인로,0,0,0,10,0,0,0,195.7499,0.18
950,1160078600,1160041300,1160043300,1,104,0,-,경인로,1,0,0,10,0,0,0,213.605,0.18
951,1160078700,1160044200,1160043200,1,104,0,-,새말로,0,0,0,30,0,0,0,119.7402,0
952,1160078900,1160044000,1160043000,1,104,0,-,중앙로15길,0,0,0,30,0,0,0,998.4636,0.64
953,1160079000,1160043000,1160044000,1,104,0,-,중앙로15길,0,0,0,30,0,0,0,1016.3174,0.64
954,1160079100,1160043700,1160043300,1,104,0,-,경인로59길,0,0,0,30,0,0,0,102.2917,1
955,1160079200,1160043300,1160043700,1,104,0,-,경인로59길,0,0,0,30,0,0,0,91.2287,1
956,1160079300,1160041700,1160044800,2,102,2,55,서부간선도로,0,1,0,80,5,0,420,381.8448,0.87
957,1160079400,1160044800,1160041700,2,102,2,55,서부간선도로,0,1,0,80,5,0,420,379.4654,0.87
958,1160079500,1160042500,1160044700,3,104,0,-,신도림로,0,0,0,30,0,0,0,248.7738,1
959,1160079600,1160044700,1160042500,3,104,0,-,신도림로,0,0,0,30,0,0,0,248.7738,1
960,1160079700,1160042600,1160044000,1,104,0,-,고척로27바길,0,0,0,10,0,0,0,492.138,1
961,1160079800,1160044000,1160042600,1,104,0,-,고척로27바길,0,0,0,10,0,0,0,493.2393,1
962,1160080000,1160043200,1160044200,1,104,0,-,새말로,0,0,0,30,0,0,0,129.6252,0
963,1160080100,1160044600,1160043800,1,104,0,-,신정로14길,0,0,0,30,0,0,0,60.7701,0.41
964,1160080200,1160043800,1160044600,1,104,0,-,신정로14길,0,0,0,30,0,0,0,64.4898,0.41
965,1160080300,1160044700,1160043700,1,104,0,-,경인로59길,0,0,0,30,0,0,0,136.7084,1
966,1160080400,1160043700,1160044700,2,104,0,-,경인로59길,0,0,0,30,0,0,0,136.7084,1
967,1160080500,1160042900,1160045200,1,104,0,-,구로중앙로42길,0,0,0,30,0,0,0,197.2909,1
968,1160080600,1160045200,1160042900,1,104,0,-,구로중앙로42길,0,0,0,30,0,0,0,202.267,1
969,1160080700,1160043900,1160045000,1,104,0,-,신도림로11길,0,0,0,10,0,0,0,129.8017,1
970,1160080800,1160045000,1160043900,1,104,0,-,신도림로11길,0,0,0,10,0,0,0,131.2372,1
971,1160080900,1160045400,1160043700,2,104,0,-,신도림로,0,0,0,30,0,0,0,196.738,1
972,1160081000,1160043700,1160045400,1,104,0,-,신도림로,0,0,0,30,0,0,0,209.5263,1
973,1160081100,1160045200,1160044500,1,104,0,-,구로중앙로40나길,0,0,0,10,0,0,0,127.7297,1
974,1160081200,1160044500,1160045200,1,104,0,-,구로중앙로40나길,0,0,0,10,0,0,0,127.2695,1
975,1160081300,1160045000,1160044700,1,104,0,-,신도림로11길,0,0,0,30,0,0,0,59.9606,1
976,1160081400,1160044700,1160045000,1,104,0,-,신도림로11길,0,0,0,30,0,0,0,56.2121,1
977,1160081500,1160045700,1160044100,1,104,0,-,경인로63길,0,0,0,30,0,0,0,240.4371,0
978,1160081600,1160044100,1160045700,1,104,0,-,경인로63길,0,0,0,30,0,0,0,233.5253,0
979,1160081700,1160044700,1160045400,3,104,0,-,신도림로,0,0,0,30,0,0,0,159.1277,1
980,1160081800,1160045400,1160044700,3,104,0,-,신도림로,0,0,0,30,0,0,0,159.1277,1
981,1160081900,1160044500,1160045600,1,104,0,-,신도림로11다길,0,0,0,10,0,0,0,185.7205,1
982,1160082000,1160045600,1160044500,1,104,0,-,신도림로11다길,0,0,0,10,0,0,0,185.7205,1
983,1160082100,1160045500,1160044900,2,104,0,-,경인로65길,0,0,0,30,0,0,0,98.4264,0
984,1160082200,1160044900,1160045500,2,104,0,-,경인로65길,0,0,0,30,0,0,0,99.296,0
985,1160082300,1160045600,1160045000,1,104,0,-,신도림로11길,0,0,0,10,0,0,0,164.0083,1
986,1160082400,1160045000,1160045600,1,104,0,-,신도림로11길,0,0,0,10,0,0,0,164.0083,1
987,1160082500,1160045400,1160045800,3,104,0,-,신도림로,0,0,0,60,0,0,0,103.2975,0.52
988,1160082600,1160045800,1160045400,3,104,0,-,신도림로,0,0,0,60,0,0,0,103.2976,0.52
989,1160082700,1160045700,1160045500,1,104,0,-,경인로65길,0,0,0,30,0,0,0,143.5598,0
990,1160082800,1160045500,1160045700,1,104,0,-,경인로65길,0,0,0,30,0,0,0,152.8341,0
991,1160082900,1160045500,1160046300,2,104,0,-,경인로65길,0,0,0,30,0,0,0,354.5971,0
992,1160083000,1160046300,1160045500,2,104,0,-,경인로65길,0,0,0,30,0,0,0,355.5881,0
993,1160083100,1160046200,1160045700,1,104,0,-,경인로63길,0,0,0,30,0,0,0,188.8644,0.86
994,1160083200,1160045700,1160046200,1,104,0,-,경인로63길,0,0,0,30,0,0,0,189.1448,0.86
995,1160083300,1160045800,1160046200,3,104,0,-,신도림로,0,0,0,60,0,0,0,237.3713,1
996,1160083400,1160046200,1160045800,3,104,0,-,신도림로,0,0,0,60,0,0,0,236.6582,1
997,1160083500,1160045200,1160047100,1,104,0,-,구로중앙로42길,0,0,0,30,0,0,0,584.4818,0.47
998,1160083600,1160047100,1160045200,1,104,0,-,구로중앙로42길,0,0,0,30,0,0,0,583.7581,0.47
999,1160083700,1160045600,1160046800,1,104,0,-,신도림로11라길,0,0,0,10,0,0,0,409.4213,0.55
1000,1160083800,1160046800,1160045600,1,104,0,-,신도림로11라길,0,0,0,10,0,0,0,407.2294,0.55
1001,1160084100,1160046200,1160046400,3,104,0,-,신도림로,0,0,0,60,0,0,0,49.0499,1
1002,1160084200,1160046400,1160046200,3,104,0,-,신도림로,0,0,0,60,0,0,0,49.0498,1
1003,1160084300,1160046500,1160046400,1,104,0,-,신도림로,0,0,0,10,0,0,0,23.9412,1
1004,1160084400,1160046400,1160046500,1,104,0,-,신도림로,0,0,0,10,0,0,0,23.9412,1
1005,1160084500,1160046600,1160046500,1,104,0,-,신도림로19길,1,0,0,10,0,0,0,253.7438,1
1006,1160084600,1160046500,1160046600,1,104,0,-,신도림로19길,0,0,0,10,0,0,0,253.4611,1
1007,1160084700,1160046400,1160046900,3,104,0,-,신도림로,0,0,0,60,0,0,0,190.7733,0.94
1008,1160084800,1160046900,1160046400,3,104,0,-,신도림로,0,0,0,60,0,0,0,190.7733,0.94
1009,1160084900,1160046700,1160046600,1,104,0,-,신도림로19길,1,0,0,10,0,0,0,73.2217,1
1010,1160085000,1160046600,1160046700,1,104,0,-,신도림로19길,0,0,0,10,0,0,0,71.3376,1
1011,1160085100,1160046800,1160046700,1,104,0,-,신도림로19길,0,0,0,30,0,0,0,36.065,1
1012,1160085200,1160046700,1160046800,1,104,0,-,신도림로19길,0,0,0,30,0,0,0,36.065,1
1013,1160085300,1160047000,1160046500,1,104,0,-,신도림로21가길,0,0,0,30,0,0,0,310.1489,1
1014,1160085400,1160046500,1160047000,1,104,0,-,신도림로21가길,1,0,0,30,0,0,0,330.8385,1
1015,1160085500,1160046700,1160047000,1,104,0,-,경인로67가길,0,0,0,30,0,0,0,117.4274,1
1016,1160085600,1160047000,1160046700,1,104,0,-,경인로67가길,0,0,0,30,0,0,0,116.0223,1
1017,1160085700,1160047100,1160046800,1,104,0,-,신도림로19길,0,0,0,30,0,0,0,103.1395,0.89
1018,1160085800,1160046800,1160047100,1,104,0,-,신도림로19길,0,0,0,30,0,0,0,103.1395,0.89
1019,1160085900,1160047000,1160047200,1,104,0,-,경인로67가길,0,0,0,30,0,0,0,162.3866,1
1020,1160086000,1160047200,1160047000,1,104,0,-,경인로67가길,0,0,0,30,0,0,0,161.41,1
1021,1160086100,1160046900,1160047400,1,104,0,-,경인로67길,0,0,0,40,0,0,0,499.7298,0.82
1022,1160086200,1160047100,1160047400,1,104,0,-,신도림로19길,0,0,0,30,0,0,0,287.8463,0.38
1023,1160086300,1160047400,1160047700,1,104,0,-,-,0,0,0,40,0,0,0,61.749,0
1024,1160086400,1160047300,1160047700,2,102,2,55,서부간선도로,0,0,0,80,5,0,450,154.3427,0
1025,1160086500,1160047700,1160047300,2,102,2,55,서부간선도로,0,1,0,80,5,0,450,150.742,0
1026,1160086601,1160047800,1160047801,3,104,0,-,서해안로,0,0,0,60,0,0,0,288.0541,0
1027,1160086602,1160047801,1160047900,3,104,0,-,서해안로,0,0,0,60,0,0,0,93.3097,0
1028,1160086701,1160047900,1160047801,3,104,0,-,서해안로,0,0,0,60,0,0,0,93.3096,0
1029,1160086702,1160047801,1160047800,3,104,0,-,서해안로,0,0,0,60,0,0,0,288.301,0
1030,1160086800,1160047900,1160048000,3,104,0,-,서해안로,0,0,0,60,0,0,0,261.9422,0
1031,1160086900,1160048000,1160047900,3,104,0,-,서해안로,0,0,0,60,0,0,0,261.9303,0
1032,1160087000,1160048000,1160048100,3,104,3,-,서해안로,0,0,0,60,0,0,0,61.3591,0
1033,1160087100,1160048100,1160048000,3,104,3,-,서해안로,0,0,0,60,0,0,0,61.3591,0
1034,1160087201,1160048100,1160048101,3,104,0,-,서해안로,0,0,0,60,0,0,0,94.8523,0
1035,1160087202,1160048101,1160048200,3,104,0,-,서해안로,0,0,0,60,0,0,0,140.2286,0
1036,1160087301,1160048200,1160048101,3,104,0,-,서해안로,0,0,0,60,0,0,0,141.0245,0
1037,1160087302,1160048101,1160048100,3,104,0,-,서해안로,0,0,0,60,0,0,0,94.8522,0
1038,1160087401,1160048200,1160048201,3,104,0,-,서해안로,0,0,0,60,0,0,0,141.9242,0
1039,1160087402,1160048201,1160048400,3,104,0,-,서해안로,0,0,0,60,0,0,0,599.1692,0.14
1040,1160087501,1160048400,1160048201,3,104,0,-,서해안로,0,0,0,60,0,0,0,598.94,0.14
1041,1160087502,1160048201,1160048200,3,104,0,-,서해안로,0,0,0,60,0,0,0,141.9242,0
1042,1160087600,1160048400,1160048500,3,104,4,-,서해안로,0,0,0,60,0,0,0,106.9214,1
1043,1160087700,1160048500,1160048400,3,104,4,-,서해안로,0,0,0,60,0,0,0,106.9214,1
1044,1160087800,1160048500,1160048600,3,104,0,-,서해안로,0,0,0,60,0,0,0,252.1067,1
1045,1160087900,1160048600,1160048500,3,104,0,-,서해안로,0,0,0,60,0,0,0,254.4825,1
1046,1160088000,1160048600,1160010400,3,104,0,-,서해안로,0,0,0,60,0,0,0,318.8437,1
1047,1160088100,1160010400,1160048600,3,104,0,-,서해안로,0,0,0,60,0,0,0,317.0812,1
1048,1160088400,1160049000,1160048900,2,104,3,-,벚꽃로,0,0,0,60,0,0,0,138.3047,0
1049,1160088500,1160048800,1160048900,2,104,0,-,벚꽃로,0,0,0,60,0,0,0,352.828,0
1050,1160088600,1160048900,1160049000,2,104,3,-,벚꽃로,0,0,0,60,0,0,0,134.076,0
1051,1160088700,1160048900,1160048800,2,104,0,-,벚꽃로,0,0,0,60,0,0,0,358.4278,0
1052,1160088800,1160004300,1160049100,1,104,0,-,새말로,0,0,0,40,0,0,0,197.6013,0.91
1053,1160088900,1160049100,1160049000,2,104,0,-,새말로,0,0,0,60,0,0,430,53.0128,0
1054,1160089000,1160049000,1160049100,2,104,0,-,새말로,0,0,0,60,0,0,430,53.0128,0
1055,1160089100,1160049200,1160049300,1,104,0,-,새말로.인접길,0,0,0,10,0,0,0,30.6534,0
1056,1160089200,1160049300,1160049200,1,104,0,-,새말로.인접길,0,0,0,10,0,0,0,25.6644,0
1057,1160089300,1160049600,1160008900,1,104,0,-,구일로,0,0,0,40,0,0,0,246.0229,1
1058,1160089400,1160008900,1160049600,1,104,0,-,구일로,0,0,0,40,0,0,0,253.0551,1
1059,1160089500,1160013300,1160015600,2,104,0,-,개봉로2길,1,0,0,40,0,0,0,238.6702,0
1060,1160089600,1160018100,1160017700,1,104,0,-,남부순환로97길,0,0,0,30,0,0,0,39.3839,0.17
1061,1160089700,1160047400,1160047100,1,104,0,-,신도림로19길,1,0,0,30,0,0,0,322.7524,0.38
1062,1160265200,1160115200,1160009401,1,104,0,-,오류로,0,0,0,40,0,0,0,225.4033,1
1063,1160265300,1160009401,1160115200,1,104,0,-,오류로,0,0,0,40,0,0,0,236.1039,1
1064,1160265400,1160115300,1160006300,2,104,0,-,오리로,0,0,0,30,0,0,0,115.3023,1
1065,1160265500,1160006300,1160115300,2,104,0,-,오리로,0,0,0,30,0,0,0,115.3024,1
1066,1160265600,1160115400,1160022601,1,104,0,-,개봉로23가길,0,0,0,50,0,0,0,164.2238,0
1067,1160265700,1160022601,1160115400,1,104,0,-,개봉로23가길,0,0,0,50,0,0,0,158.8739,0
1068,1160265800,1160117700,1160115400,1,104,0,-,개봉로23가길,0,0,0,50,0,0,0,124.8563,0
1069,1160265900,1160115400,1160117700,1,104,0,-,개봉로23가길,0,0,0,50,0,0,0,125.0383,0
1070,1160266000,1160115600,1160048201,1,104,0,-,서해안로,0,0,0,40,0,0,0,99.9108,0
1071,1160266100,1160048201,1160115600,1,104,0,-,서해안로,0,0,0,40,0,0,0,99.9108,0
1072,1160266200,1160115700,1160048201,1,104,0,-,항동로,0,0,0,30,0,0,0,53.5272,0
1073,1160266300,1160048201,1160115700,1,104,0,-,항동로,0,0,0,30,0,0,0,53.5272,0
1074,1160266400,1160116100,1160048101,2,104,0,-,연동로,0,0,0,30,0,0,0,52.1409,0.08
1075,1160266500,1160048101,1160116100,2,104,0,-,연동로,0,0,0,30,0,0,0,52.1409,0.08
1076,1160266600,1160116500,1160116300,2,104,0,-,연동로,0,0,0,30,0,0,0,98.6487,1
1077,1160266700,1160116300,1160116500,2,104,0,-,연동로,0,0,0,30,0,0,0,98.6487,1
1078,1160266800,1160116600,1160116200,1,104,0,-,연동로,0,0,0,40,0,0,0,161.4012,1
1079,1160266900,1160116200,1160116600,1,104,0,-,연동로,0,0,0,40,0,0,0,195.2577,1
1080,1160267000,1160116800,1160115500,2,104,0,-,천왕로,0,0,0,50,0,0,0,231.1035,0.95
1081,1160267100,1160115500,1160116800,2,104,0,-,천왕로,0,0,0,50,0,0,0,240.4167,0.95
1082,1160267200,1160118100,1160038101,1,104,0,-,고척로60길,0,0,0,40,0,0,0,135.7507,0.57
1083,1160267300,1160038101,1160118100,1,104,0,-,고척로60길,0,0,0,40,0,0,0,136.106,0.57
1084,1160267400,1160118200,1160041101,1,104,0,-,중앙로14가길,0,0,0,40,0,0,0,326.527,0.36
1085,1160267500,1160041101,1160118200,1,104,0,-,중앙로14가길,0,0,0,40,0,0,0,343.9987,0.36
1086,1160267600,1160118400,1160040901,1,104,0,-,경인로,0,0,0,60,0,0,0,198.5826,0
1087,1160267700,1160040901,1160118400,1,104,0,-,경인로,0,0,0,60,0,0,0,148.9595,0
1088,1160267800,1160118600,1160007501,1,104,0,-,디지털로33길,0,0,0,30,0,0,0,141.8158,1
1089,1160267900,1160007501,1160118600,1,104,0,-,디지털로33길,0,0,0,30,0,0,0,141.8729,1
1090,1160268000,1160118700,1160115300,1,104,0,-,오리로,0,0,0,30,0,0,0,53.451,1
1091,1160268100,1160115300,1160118700,1,104,0,-,오리로,0,0,0,30,0,0,0,55.7471,1
1092,1160268200,1160118800,1160044900,2,104,0,-,경인로,0,0,0,60,0,0,0,134.419,0.36
1093,1160268300,1160044900,1160118800,2,104,0,-,경인로,0,0,0,60,0,0,0,135.5009,0.36
1094,1160268400,1160047802,1160047801,2,104,0,-,부광로,0,0,0,50,0,0,0,225.824,0
1095,1160268500,1160047801,1160047802,2,104,0,-,부광로,0,0,0,50,0,0,0,220.9183,0
1096,1160268800,1160115800,1160115700,1,104,0,-,항동로4길,0,0,0,40,0,0,0,94.9158,0
1097,1160268900,1160115700,1160115800,1,104,0,-,항동로4길,0,0,0,40,0,0,0,94.9158,0
1098,1160269000,1160115900,1160115700,1,104,0,-,항동로,0,0,0,30,0,0,0,244.2361,0.14
1099,1160269100,1160115700,1160115900,1,104,0,-,항동로,0,0,0,30,0,0,0,236.5023,0.14
1100,1160269200,1160048101,1160006800,1,104,0,-,연동로,0,0,0,30,0,0,0,546.8173,0.31
1101,1160269300,1160006800,1160048101,1,104,0,-,연동로,0,0,0,30,0,0,0,555.356,0.31
1102,1160269400,1160116000,1160115900,1,104,0,-,항동로2길,0,0,0,10,0,0,0,245.6901,0.54
1103,1160269500,1160115900,1160116000,1,104,0,-,항동로2길,0,0,0,10,0,0,0,229.3962,0.54
1104,1160269600,1160116100,1160115700,1,104,0,-,항동로3길,0,0,0,40,0,0,0,288.3567,0.04
1105,1160269700,1160115700,1160116100,1,104,0,-,항동로3길,0,0,0,40,0,0,0,288.5047,0.04
1106,1160269800,1160116200,1160116100,2,104,0,-,연동로,0,0,0,30,0,0,0,44.5607,1
1107,1160269900,1160116100,1160116200,2,104,0,-,연동로,0,0,0,30,0,0,0,44.5607,1
1108,1160270000,1160116500,1160115900,1,104,0,-,항동로,0,0,0,30,0,0,0,278.009,1
1109,1160270100,1160115900,1160116500,1,104,0,-,항동로,0,0,0,30,0,0,0,269.8263,1
1110,1160270200,1160116300,1160116200,2,104,0,-,연동로,0,0,0,30,0,0,0,71.5247,1
1111,1160270300,1160116200,1160116300,2,104,0,-,연동로,0,0,0,30,0,0,0,71.5247,1
1112,1160270600,1160116600,1160116300,1,104,0,-,연동로,0,0,0,40,0,0,0,51.1566,1
1113,1160270700,1160116300,1160116600,1,104,0,-,연동로,0,0,0,40,0,0,0,51.1567,1
1114,1160270800,1160117800,1160025201,1,104,0,-,경인로46길,0,0,0,30,0,0,0,259.0836,1
1115,1160270900,1160025201,1160117800,1,104,0,-,경인로46길,0,0,0,30,0,0,0,252.0567,1
1116,1160271000,1160117900,1160032800,1,104,0,-,중앙로3길,0,0,0,30,0,0,0,71.2301,0
1117,1160271100,1160032800,1160117900,1,104,0,-,중앙로3길,0,0,0,30,0,0,0,69.9552,0
1118,1160271200,1160118000,1160021600,1,104,0,-,구일로10길,0,0,0,40,0,0,0,215.5435,0.2
1119,1160271300,1160021600,1160118000,1,104,0,-,구일로10길,0,0,0,40,0,0,0,215.025,0.2
1120,1160271400,1160116400,1160115500,1,104,0,-,천왕로1길,0,0,0,30,0,0,0,256.1623,1
1121,1160271500,1160115500,1160116400,1,104,0,-,천왕로1길,0,0,0,30,0,0,0,242.6902,1
1122,1160271600,1160118900,1160116700,1,104,0,-,금오로,0,0,0,50,0,0,0,67.5494,0
1123,1160271700,1160116700,1160118900,1,104,0,-,금오로,0,0,0,50,0,0,0,67.5494,0
1124,1160271800,1160119000,1160116800,2,104,0,-,천왕로,0,0,0,60,0,0,0,309.4766,0
1125,1160271900,1160116800,1160119000,2,104,0,-,천왕로,0,0,0,60,0,0,0,319.5776,0
1126,1160272000,1160116900,1160116800,1,104,0,-,천왕로2길,0,0,0,30,0,0,0,48.9972,0
1127,1160272100,1160116800,1160116900,1,104,0,-,천왕로2길,0,0,0,30,0,0,0,48.9973,0
1128,1160272200,1160117100,1160115500,2,104,0,-,천왕로,0,0,0,50,0,0,0,363.0074,0.68
1129,1160272300,1160115500,1160117100,2,104,0,-,천왕로,0,0,0,50,0,0,0,362.4023,0.68
1130,1160272400,1160117000,1160115500,1,104,0,-,천왕로2길,0,0,0,30,0,0,0,51.9579,1
1131,1160272500,1160115500,1160117000,1,104,0,-,천왕로2길,0,0,0,30,0,0,0,51.9579,1
1132,1160272600,1160117200,1160117100,1,104,0,-,천왕로,0,0,0,10,0,0,0,124.3702,0
1133,1160272700,1160117100,1160117200,1,104,0,-,천왕로,0,0,0,10,0,0,0,125.1257,0
1134,1160272800,1160117300,1160117100,2,104,0,-,천왕로,0,0,0,50,0,0,0,117.4122,0
1135,1160272900,1160117100,1160117300,2,104,0,-,천왕로,0,0,0,50,0,0,0,110.6878,0
1136,1160273000,1160117300,1160008000,2,104,0,-,천왕로,0,0,0,50,0,0,0,75.0257,0
1137,1160273100,1160008000,1160117300,2,104,0,-,천왕로,0,0,0,50,0,0,0,77.2047,0
1138,1160273200,1160117300,1160115100,1,104,0,-,천왕로3길,0,0,0,50,0,0,0,209.5084,0.29
1139,1160273300,1160115100,1160117300,1,104,0,-,천왕로3길,0,0,0,50,0,0,0,204.8765,0.29
1140,1160273400,1160115400,1160023601,1,104,0,-,경인로42길,0,0,0,50,0,0,0,221.7553,0
1141,1160273500,1160023601,1160115400,1,104,0,-,경인로42길,0,0,0,50,0,0,0,221.4288,0
1142,1160273600,1160117500,1160005701,1,104,0,-,-,0,0,0,10,0,0,0,114.929,0
1143,1160273700,1160005701,1160117500,1,104,0,-,-,0,0,0,10,0,0,0,114.929,0
1144,1160273800,1160012701,1160008401,1,104,0,-,경인로6길,0,0,0,60,0,0,0,258.9554,0.44
1145,1160273900,1160008401,1160012701,1,104,0,-,경인로6길,0,0,0,60,0,0,0,259.0387,0.44
1146,1160274000,1160117600,1160018100,1,104,0,-,남부순환로97길,0,0,0,30,0,0,0,108.2697,0
1147,1160274100,1160018100,1160117600,1,104,0,-,남부순환로97길,0,0,0,30,0,0,0,131.977,0
1148,1160274200,1160118100,1160039601,1,104,0,-,중앙로,0,0,0,40,0,0,0,100.2159,0.88
1149,1160274300,1160039601,1160118100,1,104,0,-,중앙로,0,0,0,40,0,0,0,100.2159,0.88
1150,1160274400,1160118100,1160040001,1,104,0,-,고척로60길,0,0,0,40,0,0,0,151.0045,1
1151,1160274500,1160040001,1160118100,1,104,0,-,고척로60길,0,0,0,40,0,0,0,151.087,1
1152,1160274600,1160045800,1160043100,3,104,0,-,경인로63길,0,0,0,60,0,0,0,373.8403,0.14
1153,1160274700,1160043100,1160045800,3,104,0,-,경인로63길,0,0,0,60,0,0,0,373.8929,0.14
1154,1160274800,1160118200,1160040500,1,104,0,-,중앙로14나길,0,0,0,40,0,0,0,86.4958,1
1155,1160274900,1160040500,1160118200,1,104,0,-,중앙로14나길,0,0,0,40,0,0,0,82.5653,1
1156,1160275000,1160118300,1160118200,1,104,0,-,중앙로14가길,0,0,0,40,0,0,0,76.8415,1
1157,1160275100,1160118200,1160118300,1,104,0,-,중앙로14가길,0,0,0,40,0,0,0,76.5818,1
1158,1160275200,1160118500,1160045800,2,104,0,-,신도림로17길,0,0,0,60,0,0,0,149.2492,1
1159,1160275300,1160045800,1160118500,2,104,0,-,신도림로17길,0,0,0,60,0,0,0,130.587,1
1160,1160275400,1160117400,1160115300,1,104,0,-,오리로,0,0,0,30,0,0,0,50.7187,1
1161,1160275500,1160115300,1160117400,1,104,0,-,오리로,0,0,0,30,0,0,0,50.7188,1
1162,1160275600,1160118700,1160117400,1,104,0,-,오리로,0,0,0,30,0,0,0,149.2069,1
1163,1160275700,1160117400,1160118700,1,104,0,-,오리로,0,0,0,30,0,0,0,188.3396,1
1164,1160276300,1160119400,1160119300,2,104,0,-,남부순환로,0,0,0,40,0,0,0,58.1299,1
1165,1160276400,1160119300,1160119400,2,104,0,-,남부순환로,0,0,0,40,0,0,0,58.1299,1
1166,1180042300,1160014600,1160025600,3,104,0,-,도림천로,0,0,0,50,0,0,450,590.5425,0.77
1167,1180043000,1160025600,1160026600,3,104,0,-,도림천로,0,0,0,50,0,0,0,66.4997,0
1168,1180130000,1160048700,1160014600,3,104,0,-,도림천로,0,0,0,50,0,0,0,329.8953,0.82
