,LINK_ID,TIME,SPEED
0,1140000900,52,0.8346009419373243
1,1140001000,69,0.7611356704948858
2,1140001301,45,0.8280864622045006
3,1140001401,36,0.8743328183276157
4,1140278500,97,0.6826828187046304
5,1140278600,95,0.6745364693251373
6,1160000100,44,0.7822160927165325
7,1160000200,53,0.7255361074680803
8,1160000301,26,0.8849434541480709
9,1160000302,105,0.788875087935525
10,1160000304,132,0.8361852512473373
11,1160000305,45,0.9230203310789307
12,1160000401,160,0.8249159082386132
13,1160000402,144,0.8879722966312075
14,1160000404,273,0.804377887229992
15,1160000405,122,0.8530892657604237
16,1160000501,242,0.7981415036420235
17,1160000502,55,0.7619049403529219
18,1160000601,235,0.8056962027091573
19,1160000602,29,0.9025003197010316
20,1160000700,89,0.7188651297804022
21,1160000800,62,0.8221486584553598
22,1160000900,17,0.9025486010813022
23,1160001000,21,0.8656616265545317
24,1160001101,107,0.7891143902963496
25,1160001102,78,0.7609436044257554
26,1160001103,580,0.846589384043531
27,1160001201,273,0.8863341733215285
28,1160001202,429,0.8936784902908927
29,1160001203,331,0.8671493389897738
30,1160001301,148,0.8162981753495887
31,1160001302,349,0.9003153689446461
32,1160001401,144,0.821352992752975
33,1160001402,193,0.9286909752298621
34,1160001501,176,0.40069863967542046
35,1160001503,81,0.44417369703540366
36,1160001505,85,0.42315158069171566
37,1160001506,96,0.4237272971280308
38,1160001507,38,0.1871462228982136
39,1160001508,45,0.4312427306074976
40,1160001601,66,0.8123358916408309
41,1160001603,141,0.5999183203226319
42,1160001605,21,0.9202827234499419
43,1160001606,28,0.8497574600013226
44,1160001607,157,0.6498355660026951
45,1160001608,18,0.646184128120247
46,1160001701,29,0.8324074601250946
47,1160001702,23,0.8309027467119979
48,1160001703,107,0.8120847401753241
49,1160001704,81,0.8050335673589354
50,1160001705,81,0.7583842204218195
51,1160001706,19,0.8337565135299398
52,1160001801,46,0.9342908133714442
53,1160001802,185,0.935565310146067
54,1160001803,9,0.9265251345237031
55,1160001804,20,0.7763496711078647
56,1160001805,44,0.895847909665468
57,1160001806,10,0.940601543193689
58,1160001901,479,0.9151246834050242
59,1160002001,191,0.9243855890791954
60,1160002102,182,0.39743084074816626
61,1160002103,268,0.8457381063626032
62,1160002201,66,0.8192931409698236
63,1160002202,408,0.9196441304588484
64,1160002302,445,0.8766426853464837
65,1160002303,18,0.906932708709484
66,1160002304,4,0.894064596940145
67,1160002305,125,0.8819770191336801
68,1160002401,280,0.8908884930880554
69,1160002402,24,0.8561375306726197
70,1160002404,317,0.7664660192962708
71,1160002502,687,0.8601720620743688
72,1160002503,527,0.88259610122364
73,1160002504,43,0.8645291317225694
74,1160002601,467,0.9070663239715759
75,1160002602,17,0.9981398460439698
76,1160002603,118,0.9099621596871729
77,1160002604,369,0.8324633494804382
78,1160002702,334,0.8256007727832491
79,1160002703,22,0.965810521385959
80,1160002705,95,0.8921643207737232
81,1160002707,69,0.970679393584106
82,1160002708,12,0.833972362074715
83,1160002709,31,0.7423093924315936
84,1160002710,180,0.7415227699740539
85,1160002711,4,0.9412799243344112
86,1160002712,4,0.9063056077460658
87,1160002802,188,0.8819912712137572
88,1160002803,47,0.8595517470290069
89,1160002805,140,0.763013037605035
90,1160002806,27,0.439617070770332
91,1160002807,66,0.8785035772352707
92,1160002808,131,0.9156861594185969
93,1160002809,16,0.8957007716518275
94,1160002810,43,0.9286949565546896
95,1160002811,16,0.4472677025240326
96,1160002812,8,0.8232416058487456
97,1160002900,18,0.8431434153608636
98,1160003000,30,0.6990268637213881
99,1160003101,419,0.8489351678817824
100,1160003102,116,0.9070833085596567
101,1160003103,285,0.9045558575815761
102,1160003201,276,0.9303306685472794
103,1160003202,741,0.9082760191213528
104,1160003203,392,0.8635390201866953
105,1160004101,191,0.6770090572209126
106,1160004102,102,0.6166745484988305
107,1160004201,178,0.7412478603954673
108,1160004202,119,0.5429005994452895
109,1160004502,77,0.7752885389639438
110,1160004602,186,0.8014560101550825
111,1160004700,78,0.42993423995705476
112,1160004800,35,0.7769023440994901
113,1160004901,26,0.2455692290173815
114,1160004903,57,0.9121392144582625
115,1160004904,56,0.8232416058487456
116,1160005001,26,0.2455692290173815
117,1160005002,94,0.8166019504339269
118,1160005003,48,0.8569668397017929
119,1160005501,45,0.7296899598148935
120,1160005502,59,0.6661744885089484
121,1160005601,30,0.8395660541499547
122,1160005602,34,0.8327608250814605
123,1160005900,89,0.7579335198013486
124,1160006000,108,0.6935929609546537
125,1160006101,88,0.7813686855296714
126,1160006102,83,0.6328240696846803
127,1160006103,70,0.7100502714554865
128,1160006202,132,0.8063789889222218
129,1160006203,84,0.6276855856710009
130,1160006204,73,0.6950816441112897
131,1160006701,42,0.7948116449939663
132,1160006702,49,0.784269715370462
133,1160006801,91,0.48622061419683726
134,1160006802,39,0.8404020679111998
135,1160006902,238,0.838856540356939
136,1160006903,5,0.7365572157108348
137,1160006904,73,0.7910016024901163
138,1160007001,1003,0.6774775525842408
139,1160007002,33,0.9380244191092728
140,1160007100,163,0.804625123697262
141,1160007200,164,0.8030625892241159
142,1160007301,121,0.7899797305427093
143,1160007302,68,0.731127590955726
144,1160007303,96,0.8157010744467129
145,1160007402,100,0.8367244310205996
146,1160007403,67,0.7359539240713783
147,1160007404,57,0.7067936239893837
148,1160007501,60,0.7628105049972326
149,1160007502,23,0.798271961553701
150,1160007503,52,0.7541623626440662
151,1160007504,40,0.5492761259067067
152,1160007505,225,0.794639496215687
153,1160007506,30,0.7670063692117067
154,1160007507,10,0.9828119252830714
155,1160007601,51,0.8072866656706591
156,1160007602,16,0.8777208297652066
157,1160007603,30,0.8832667734877631
158,1160007604,71,0.8294395426344349
159,1160007605,68,0.7371494377789253
160,1160007606,20,0.8644436604144968
161,1160007607,16,0.9369081347608681
162,1160007701,51,0.8559414102940989
163,1160007702,176,0.8000043905120525
164,1160007901,89,0.7262662844116996
165,1160007902,34,0.4641250267271016
166,1160007904,60,0.7111715169494338
167,1160007905,16,0.8553013960547289
168,1160007906,41,0.588804389967493
169,1160007907,17,0.8398407443857923
170,1160007909,47,0.5689822986056322
171,1160007910,39,0.8367736230232072
172,1160007911,19,0.6668408338552386
173,1160008001,43,0.898405498869962
174,1160008002,16,0.7792273175998533
175,1160008004,66,0.6763568443623694
176,1160008005,20,0.8042971843633918
177,1160008006,39,0.6117562852285945
178,1160008007,30,0.7111715169494338
179,1160008009,30,0.7724195520563062
180,1160008010,19,0.6668408338552386
181,1160008011,32,0.8767175291405941
182,1160008102,70,0.46181022569222374
183,1160008103,23,0.9756731315692311
184,1160008202,206,0.8763740733700234
185,1160008203,29,0.9225500998258411
186,1160008204,233,0.9697238192114951
187,1160008303,36,0.8646477175688482
188,1160008304,216,0.8439780672043354
189,1160008305,10,0.8568015199280035
190,1160008307,220,0.8354524663817455
191,1160008308,20,0.8418792350833244
192,1160008402,61,0.7294598528110504
193,1160008403,106,0.8433802933221383
194,1160008406,71,0.866341123453709
195,1160008407,25,0.7875194831491362
196,1160008502,119,0.8229578598908472
197,1160008600,79,0.7193432942650086
198,1160008701,13,0.9084546616094649
199,1160008702,32,0.6611166864828915
200,1160008801,8,0.9664791159212388
201,1160008802,27,0.7233356796605767
202,1160008901,5,0.8134050793082733
203,1160008902,90,0.7017983358683011
204,1160009001,4,0.8625877120106341
205,1160009002,54,0.8448062986490115
206,1160009302,72,0.8239886838138447
207,1160009303,36,0.8990506983244533
208,1160009304,14,0.8892041955907353
209,1160009402,99,0.7357400991865076
210,1160009403,64,0.774398163716746
211,1160009404,24,0.7676941618554911
212,1160009501,51,1.0
213,1160009502,14,0.9923752149751972
214,1160009504,22,0.990462557036772
215,1160009601,191,0.8341224211657747
216,1160009701,60,0.8372031273900609
217,1160009801,44,0.8964338248380652
218,1160009802,17,0.9736684873335268
219,1160009900,168,0.8362895433677267
220,1160009902,29,0.9132098364018444
221,1160010000,191,0.8538270555605261
222,1160010101,140,0.8521593027843456
223,1160010102,8,0.8715300088656087
224,1160010103,34,0.8102657623272717
225,1160010104,33,0.7991383614251459
226,1160010201,147,0.7598571241767091
227,1160010202,20,0.5898476579339065
228,1160010203,40,0.7663153245932472
229,1160010204,150,0.811437774000179
230,1160010501,261,0.8226457144253104
231,1160010601,190,0.8211644752443255
232,1160010702,46,0.7270775212083256
233,1160010704,27,0.8770531922172108
234,1160010801,18,0.9293110039285222
235,1160010802,19,0.931057651655097
236,1160010902,30,0.9744276713064133
237,1160010903,13,0.967353457013608
238,1160011003,31,0.9693803386368275
239,1160011004,5,0.951731233783663
240,1160011101,55,0.878981922911421
241,1160011102,47,0.8930742069391523
242,1160011103,10,0.852751185470162
243,1160011301,7,0.8690591110504184
244,1160011302,34,0.8819626885297459
245,1160011303,53,0.7465166988330628
246,1160011401,8,0.8418792350833244
247,1160011402,41,0.845448309705266
248,1160011403,61,0.6993013714387966
249,1160011501,10,0.945819859660783
250,1160011502,30,0.8456281834925787
251,1160011503,84,0.8537301762632895
252,1160011601,10,0.945819859660783
253,1160011602,35,0.8100131736046623
254,1160011603,95,0.8268079294522817
255,1160011702,18,0.7688333184217591
256,1160011703,86,0.7465582616212619
257,1160011704,14,0.7915461314405575
258,1160011705,16,0.7475189109711488
259,1160011802,90,0.7989395991016968
260,1160011803,60,0.8411136047743922
261,1160011804,9,0.8839311186550548
262,1160011805,30,0.4855208612925353
263,1160011902,48,0.6166745484988305
264,1160011903,22,0.8149916158470593
265,1160011904,46,0.8205723976417832
266,1160011905,23,0.519427070200981
267,1160012002,33,0.75500070297422
268,1160012003,11,0.9371549293335681
269,1160012004,22,0.9451354473000234
270,1160012005,17,0.6602682456668322
271,1160012100,52,0.7470657142678798
272,1160012301,37,0.6097311179996737
273,1160012303,45,0.7776358918883748
274,1160012304,172,0.8132688393284886
275,1160012401,31,0.6826371382408202
276,1160012404,42,0.7964147152838215
277,1160012405,80,0.7620994552662425
278,1160012500,23,0.7293847484417405
279,1160012600,31,0.6146252721362322
280,1160012701,11,0.7042811129999106
281,1160012702,205,0.8001612859245288
282,1160012703,139,0.7978171410747383
283,1160012801,4,0.9302138319763801
284,1160012802,70,0.8521593027843456
285,1160012803,14,0.9407961607340601
286,1160012901,12,0.8962389870175125
287,1160012902,15,0.9269034624675674
288,1160012903,83,0.7754595381836045
289,1160012904,13,0.9101309236229163
290,1160012905,18,0.6947881416143447
291,1160013001,146,0.802429057359365
292,1160013002,21,0.770124362530196
293,1160013003,24,0.9143589043289085
294,1160013004,101,0.8442329563010933
295,1160013005,205,0.8128325224665696
296,1160013101,455,0.8894194519773233
297,1160013201,314,0.8675321517264244
298,1160013301,13,0.9726933478023707
299,1160013302,16,0.9453502111787445
300,1160013303,280,0.9057367875413297
301,1160013401,18,0.9530837561829778
302,1160013402,7,0.948089827323969
303,1160013403,65,0.8664036059271966
304,1160013501,128,0.830593473436088
305,1160013502,24,0.774398163716746
306,1160013601,88,0.8103058997133301
307,1160013602,26,0.7506548237914684
308,1160013702,27,0.5866648065109494
309,1160013704,10,0.8245829503769917
310,1160013705,8,0.9609529774153556
311,1160013801,17,0.850292053835044
312,1160013802,13,0.8317443660786452
313,1160013901,149,0.9064955439862272
314,1160013902,20,0.9451927967704002
315,1160014101,81,0.7539910230145457
316,1160014102,12,0.7243446363067013
317,1160014103,105,0.819919335295341
318,1160014104,118,0.8585364243086274
319,1160014202,76,0.7728383822618007
320,1160014203,9,0.8080880379350452
321,1160014204,27,0.9052488906530134
322,1160014205,46,0.8730028577593693
323,1160014301,54,0.68749753959023
324,1160014302,77,0.7026890182473537
325,1160014303,62,0.7275265962994881
326,1160014304,66,0.7787950785177233
327,1160014305,18,0.857241773673421
328,1160014401,201,0.6457726399581953
329,1160014402,66,0.7536360503291715
330,1160014403,53,0.7756898998266702
331,1160014404,64,0.7872957804662795
332,1160014405,17,0.8684682441815686
333,1160014501,183,0.8315967277897489
334,1160014502,63,0.265798449341745
335,1160014503,26,0.7193977686999637
336,1160014601,151,0.8754053556748107
337,1160014603,126,0.7870645898275112
338,1160014604,22,0.7716932262569043
339,1160014701,77,0.8333855238436074
340,1160014801,96,0.7776358918883748
341,1160014901,10,0.8644436604144968
342,1160014902,47,0.879528396608114
343,1160014903,211,0.7729473551667783
344,1160015001,11,0.8274572600803765
345,1160015002,30,0.8485355312385311
346,1160015003,249,0.9082160181428477
347,1160015302,20,0.8418792350833244
348,1160015303,30,0.6990268637213881
349,1160015304,49,0.7102911459184965
350,1160015305,35,0.763013037605035
351,1160015306,112,0.7915461314405575
352,1160015308,38,0.646184128120247
353,1160015309,84,0.7864938274522648
354,1160015402,359,0.8537817306564975
355,1160015403,30,0.6990268637213881
356,1160015404,53,0.6817991380081633
357,1160015405,28,0.8222740786480434
358,1160015406,113,0.7891553090175262
359,1160015408,90,0.7670063692117067
360,1160015409,40,0.6244402273465718
361,1160015503,80,0.8752941382767229
362,1160015603,316,0.7730235493000194
363,1160015701,36,0.9442034740182668
364,1160015702,41,0.9069936141987368
365,1160015703,5,0.9158688974381917
366,1160015801,21,0.992167961019021
367,1160015802,19,0.9887287807760412
368,1160015803,3,0.9732486355909457
369,1160015902,85,0.6888920851250817
370,1160015903,49,0.7102911459184965
371,1160015904,128,0.6890019495317139
372,1160015905,51,0.7877996880560135
373,1160016002,90,0.6671023111430232
374,1160016003,40,0.774398163716746
375,1160016005,8,0.774398163716746
376,1160016006,63,0.7323402374671965
377,1160016101,289,0.9197067377355927
378,1160016201,235,0.9790283677336892
379,1160016501,120,0.832321476501489
380,1160016503,13,0.9179828877911878
381,1160016504,8,0.9090876556565024
382,1160016505,42,0.8621405971678854
383,1160016601,22,0.7251656500481557
384,1160016603,16,0.885367036630675
385,1160016604,16,0.8871790283618145
386,1160016605,10,0.8715300088656087
387,1160016701,232,0.8969755690220408
388,1160016702,12,0.9004205063970654
389,1160016703,18,0.9081716154908709
390,1160016704,71,0.7706123162089754
391,1160016706,32,0.5732781078791005
392,1160016801,194,0.7120564652994226
393,1160016802,290,0.7362090376880632
394,1160016803,29,0.8158042321230227
395,1160016804,62,0.8072088421174248
396,1160016806,32,0.5732781078791005
397,1160017101,8,0.852751185470162
398,1160017102,82,0.8220843674322194
399,1160017201,8,0.852751185470162
400,1160017202,56,0.8973048645064181
401,1160017300,27,0.8981242963331492
402,1160017400,31,0.8742437116684191
403,1160017501,48,0.6837417749111406
404,1160017502,44,0.8975931445390049
405,1160017503,68,0.811145806427953
406,1160017505,35,0.47626606481628464
407,1160017506,23,0.7339043853510328
408,1160017507,38,0.8140198622170529
409,1160017601,25,0.8637054991175059
410,1160017602,55,0.8571618699687368
411,1160017603,53,0.8658897262203332
412,1160017605,187,0.8534118477004922
413,1160017606,19,0.7904980996934754
414,1160017607,145,0.8572114728083519
415,1160018100,90,0.9444169130209895
416,1160018200,256,0.8618530946439072
417,1160018303,92,0.8246988690399266
418,1160018304,182,0.8633057066486248
419,1160018403,146,0.9122021922196497
420,1160018404,164,0.8489021098673685
421,1160019600,20,0.4517680741438564
422,1160019700,19,0.48214558257766743
423,1160019900,167,0.7058684623135626
424,1160020000,68,0.8971177820834232
425,1160020101,120,0.8411136047743922
426,1160020102,76,0.7478282357051258
427,1160020201,65,0.7929123156822898
428,1160020202,203,0.7500769991472691
429,1160020300,126,0.64087050606623
430,1160020400,130,0.627586450931187
431,1160020700,98,0.5506857900489296
432,1160020800,96,0.5610660441871161
433,1160020900,56,0.6244402273465718
434,1160021000,200,0.6802961192422513
435,1160021400,114,0.7285788532429659
436,1160021500,117,0.7198751850961999
437,1160021600,76,0.48635852170352445
438,1160021700,70,0.5315921838969364
439,1160021900,102,0.5218223282871349
440,1160022000,67,0.7062572009209875
441,1160022100,185,0.6519098674497755
442,1160022200,173,0.6783363566629843
443,1160022400,523,0.9578010740604401
444,1160022500,224,0.8002419782826696
445,1160022600,74,0.8493462339753832
446,1160022900,182,0.8394632461084716
447,1160023000,155,0.620716956666148
448,1160023100,136,0.7471724672690944
449,1160023200,51,0.7877996880560135
450,1160023300,121,0.6675531340529968
451,1160023400,102,0.7290699693139433
452,1160023500,19,0.6417890843468446
453,1160023600,10,0.8395660541499547
454,1160023700,28,0.5928765004170431
455,1160023800,115,0.783735741715202
456,1160023900,49,0.490678590564693
457,1160024000,34,0.6647519535000146
458,1160024201,105,0.4099307870793262
459,1160024202,110,0.45819717645789054
460,1160024301,114,0.4363382285901747
461,1160024302,108,0.3913768597724477
462,1160024400,157,0.7947910976003653
463,1160024500,163,0.7846817799486565
464,1160024600,107,0.8158967104804195
465,1160024700,111,0.7270147157789093
466,1160024900,819,0.7975131979894048
467,1160025000,136,0.7471724672690944
468,1160025100,51,0.7877996880560135
469,1160025200,30,0.8297992902090603
470,1160025300,21,0.9193857200991667
471,1160025400,41,0.8340722494332016
472,1160025500,47,0.8011094211326832
473,1160025800,38,0.8759175844252927
474,1160025900,86,0.6876703990524475
475,1160026000,38,0.7180335393723912
476,1160026101,28,0.8451005537164613
477,1160026102,37,0.8879509530903268
478,1160026400,57,0.6417890843468446
479,1160026500,49,0.7003896679922106
480,1160026600,296,0.8665570543724892
481,1160026700,34,0.8574998534552175
482,1160026800,788,0.8188116807755542
483,1160026900,89,0.700246600161045
484,1160027000,79,0.8120637347800272
485,1160027301,286,0.7972145232012852
486,1160027302,43,0.6952861335558824
487,1160027401,32,0.7884106266234671
488,1160027402,107,0.8023103923963456
489,1160027500,150,0.8389408701139087
490,1160027600,121,0.6938999103735899
491,1160027700,139,0.7821674612405578
492,1160027800,39,0.8656616265545317
493,1160027900,40,0.8606960722913126
494,1160028001,10,0.9096319693781096
495,1160028002,144,0.850136412592315
496,1160028100,79,0.811312201320939
497,1160028200,73,0.8301481032069494
498,1160028300,50,0.8781190697061164
499,1160028400,56,0.8652283902765328
500,1160028500,29,0.7793909221122484
501,1160028600,34,0.731127590955726
502,1160028700,226,0.7124820246842613
503,1160028800,241,0.6878058486310508
504,1160028900,127,0.6746552474617309
505,1160029000,33,0.3492439831797442
506,1160029100,321,0.8117154593648017
507,1160029200,356,0.7847182711375911
508,1160029300,119,0.8274174897574366
509,1160029400,128,0.8098787773409344
510,1160029500,198,0.8080880379350452
511,1160029600,59,0.8462508235255843
512,1160029800,100,0.6325268020144675
513,1160029900,60,0.6406012346783574
514,1160030000,59,0.8633784295781962
515,1160030100,89,0.6525822228169257
516,1160030200,105,0.8687247364778883
517,1160030300,38,0.7180335393723912
518,1160030400,60,0.6434114159410536
519,1160030500,100,0.6289702066744207
520,1160030700,34,0.8663709914492772
521,1160030800,45,0.8039468807116655
522,1160030900,241,0.8247156941804469
523,1160031000,337,0.7440415293829332
524,1160031100,57,0.7721396508945854
525,1160031200,100,0.8297992902090603
526,1160031300,39,0.8786878563481781
527,1160031400,53,0.8138461791531376
528,1160031500,88,0.5429005994452895
529,1160031600,94,0.5076903055788268
530,1160031700,20,0.6198138654798324
531,1160031800,20,0.6198138654798324
532,1160031900,61,0.6060595918004794
533,1160032000,58,0.6283510008670169
534,1160032100,188,0.8783554898760694
535,1160032200,62,0.8400175997431125
536,1160032300,352,0.8610859522334628
537,1160032400,10,0.9445587665145686
538,1160032500,85,0.6809087627609655
539,1160032600,82,0.6942643914689341
540,1160032700,558,0.923776829366111
541,1160032800,316,0.854950083388101
542,1160032900,104,0.5404058282212567
543,1160033000,92,0.6002803375980437
544,1160033100,11,0.9173033908920104
545,1160033200,109,0.76766268257214
546,1160033300,99,0.7964629898940926
547,1160033400,39,0.7631375355904195
548,1160033500,45,0.717571272939703
549,1160033800,34,0.3967446626411044
550,1160033900,30,0.4746944956033365
551,1160034000,10,0.8842614145574371
552,1160034100,35,0.44661934390083763
553,1160034200,471,0.9164922240123701
554,1160034300,47,0.8544943673887266
555,1160034400,58,0.6918063002956883
556,1160034500,53,0.6508087637325585
557,1160034600,131,0.8558574570092584
558,1160034700,119,0.8120196530349675
559,1160034800,64,0.48452295280292224
560,1160034900,60,0.5204476584289944
561,1160035000,225,0.9137117644249302
562,1160035100,305,0.8718094556423267
563,1160035200,115,0.844921026256537
564,1160035300,65,0.8406397619121865
565,1160035400,50,0.8911040267370842
566,1160035700,63,0.7132085456646343
567,1160035800,68,0.6857395220808691
568,1160035900,141,0.6592364421835658
569,1160036000,100,0.7528389292445354
570,1160036300,43,0.9528148439466195
571,1160036400,36,0.9701526065539265
572,1160036501,11,0.8489258695933117
573,1160036502,31,0.8652704010671265
574,1160036601,7,0.9254321871303173
575,1160036602,12,0.931544805284047
576,1160036700,110,0.8549803263768158
577,1160036800,179,0.6447946636089248
578,1160036900,98,0.7219253824818825
579,1160037000,127,0.5840643246418304
580,1160037300,196,0.7793241678506211
581,1160037400,88,0.732377576510859
582,1160037500,55,0.5131072738659749
583,1160037600,41,0.65214279323611
584,1160037700,12,0.935378008410128
585,1160037800,11,0.9457063612776238
586,1160037900,34,0.8356469068360927
587,1160038000,149,0.8679097133105165
588,1160038100,29,0.8483870927092483
589,1160038200,166,0.7910073545564942
590,1160038300,61,0.9312634613328329
591,1160038400,71,0.909967315408224
592,1160038500,569,0.8894184804146106
593,1160038600,164,0.8120408894960911
594,1160038700,141,0.7792609823745192
595,1160039000,39,0.8415853985863827
596,1160039100,59,0.7920494624769852
597,1160039200,274,0.8457357005035612
598,1160039300,189,0.7612940150404287
599,1160039400,66,0.7590225206814339
600,1160039500,69,0.856859053087916
601,1160039600,82,0.6421138412759138
602,1160039700,136,0.7598180317370447
603,1160039800,138,0.8101377016112634
604,1160039900,28,0.7415227699740539
605,1160040000,219,0.5611003401809649
606,1160040200,8,0.9378082090848329
607,1160040300,19,0.7526952670662969
608,1160040400,11,0.8817996779099938
609,1160040500,72,0.8738715080420983
610,1160040601,147,0.8128461857548375
611,1160040602,155,0.8189436640720528
612,1160040701,244,0.474604066562777
613,1160040702,155,0.8217967747990322
614,1160040800,49,0.8136438299524597
615,1160040900,44,0.8387126475920124
616,1160041000,38,0.052965912141004115
617,1160041100,243,0.8186864358400706
618,1160041200,195,0.8204061658139475
619,1160041300,22,0.6741932206422694
620,1160041400,85,0.7423832270304963
621,1160041500,185,0.7835974231250246
622,1160041600,406,0.9141707431937954
623,1160041900,455,0.8659272734904241
624,1160042300,45,0.9033531827404431
625,1160042400,106,0.8459058833747457
626,1160042700,219,0.7804145094068132
627,1160042800,16,0.7970108684074865
628,1160042900,98,0.8697716920682823
629,1160043000,152,0.8382042096004497
630,1160043100,95,0.8698986438988229
631,1160043200,102,0.8559414102940989
632,1160043300,190,0.7402309184584197
633,1160043400,75,0.7691959712612075
634,1160043500,59,0.6112499934213643
635,1160043600,58,0.618844370529817
636,1160043700,141,0.6372029517137289
637,1160043800,93,0.8233141109583805
638,1160043900,75,0.8118337491899871
639,1160044000,75,0.8118337491899871
640,1160044100,74,0.8682437147714055
641,1160044200,49,0.932795920193254
642,1160044300,41,0.8410386203626925
643,1160044400,31,0.8942775526693717
644,1160044500,70,0.857929746796483
645,1160044600,85,0.6742699999529108
646,1160044700,232,0.7835785575198452
647,1160044800,203,0.8180460181823741
648,1160044900,133,0.6232322328591453
649,1160045000,145,0.8138082156418993
650,1160045100,130,0.7381015268453288
651,1160045200,114,0.8165487115016201
652,1160045400,195,0.8812431933804951
653,1160045500,15,0.8748833701862243
654,1160045600,136,0.8661055894528938
655,1160045701,178,0.7693424052153067
656,1160045702,70,0.6847147709419928
657,1160045801,70,0.6847147709419928
658,1160045802,189,0.7514225500824276
659,1160045900,40,0.6582171605872323
660,1160046000,60,0.45766661947080994
661,1160046300,41,0.814542250006594
662,1160046400,43,0.8026019576742288
663,1160046500,37,0.6846623054697409
664,1160046600,37,0.6846623054697409
665,1160046700,18,0.5429005994452895
666,1160046800,18,0.5429005994452895
667,1160047300,16,0.5262419657880383
668,1160047400,16,0.5262419657880383
669,1160047500,125,0.7397528694445896
670,1160047600,95,0.8321901126320917
671,1160047700,11,0.8760732725903138
672,1160047800,8,0.9260491735620673
673,1160047900,91,0.7112144980267018
674,1160048000,68,0.8196158554515749
675,1160048100,27,0.692389917264307
676,1160048200,71,0.8250329221835919
677,1160048300,157,0.8371879140259904
678,1160048400,39,0.866588213235228
679,1160048500,92,0.646184128120247
680,1160048600,92,0.646184128120247
681,1160049400,52,0.7415227699740539
682,1160049500,46,0.8433617737724386
683,1160049700,92,0.7211657645960168
684,1160049800,108,0.7937320262273292
685,1160049900,41,0.6039822561885438
686,1160050000,42,0.5928765004170431
687,1160050100,119,0.7449770685919455
688,1160050200,121,0.7396940236469348
689,1160050300,45,0.6367947164225236
690,1160050400,40,0.6837417749111406
691,1160050500,170,0.7733540754789895
692,1160050600,163,0.785129070604799
693,1160050700,170,0.611404980709292
694,1160050800,133,0.7580746175181176
695,1160050900,26,0.6756937077416634
696,1160051000,23,0.7199580771737881
697,1160051100,154,0.9398166393945062
698,1160051200,11,0.8817996779099938
699,1160051300,179,0.939656419953945
700,1160051400,266,0.9165250067102085
701,1160051500,38,0.5561420774805406
702,1160051600,46,0.45021025319853275
703,1160051700,99,0.4783483940234411
704,1160051800,46,0.8205723976417832
705,1160051900,31,0.8984243036781834
706,1160052000,16,0.9291972618122565
707,1160052100,17,0.850292053835044
708,1160052200,64,0.5837681827339417
709,1160052300,59,0.620920531178171
710,1160052400,48,0.7513921945966012
711,1160052500,48,0.7513921945966012
712,1160052600,98,0.7078673466344578
713,1160052700,118,0.803816012554983
714,1160052800,50,0.6289702066744207
715,1160052900,50,0.6289702066744207
716,1160053000,176,0.8064962532958417
717,1160053100,174,0.8093692304495261
718,1160053200,205,0.6473897724238457
719,1160053300,17,0.8551531279974866
720,1160053401,18,0.9226194548679274
721,1160053402,113,0.5809969829729378
722,1160053501,81,0.8981242963331492
723,1160053502,91,0.8476335331484298
724,1160053600,118,0.8059407712266261
725,1160053700,126,0.7648900841539086
726,1160053800,64,0.690036352585592
727,1160053900,64,0.690036352585592
728,1160054100,48,0.4691266503917485
729,1160054200,50,0.4445353340405681
730,1160054300,402,0.8983880934893292
731,1160054400,14,0.9776250562975116
732,1160054500,18,0.9542841458624931
733,1160054600,119,0.7449770685919455
734,1160054700,121,0.7396940236469348
735,1160054800,23,0.798271961553701
736,1160054900,106,0.8127404491366199
737,1160055000,172,0.9282129518083228
738,1160055200,31,0.6826371382408202
739,1160055300,44,0.524674094385003
740,1160055400,26,0.8461935011098471
741,1160055500,27,0.8379963956594537
742,1160055600,285,0.9199441629319951
743,1160055700,402,0.826582937173592
744,1160055800,31,0.9496679212815947
745,1160055900,46,0.8286851205361913
746,1160056000,24,0.9389879181502236
747,1160056200,175,0.9220774112474304
748,1160056400,112,0.6576600757507979
749,1160056500,135,0.6730779001297927
750,1160056600,69,0.8160908203432147
751,1160056700,73,0.8019906799097732
752,1160056800,62,0.8747770676659742
753,1160056900,70,0.850965303129961
754,1160057000,64,0.6750074384481421
755,1160057100,64,0.6750074384481421
756,1160057200,114,0.7340607215784981
757,1160057300,20,0.8218848435673011
758,1160057400,48,0.8693715234178563
759,1160057500,62,0.6804082559652033
760,1160057600,66,0.6559624503616631
761,1160057700,264,0.7808008621235624
762,1160057800,250,0.7955707232211049
763,1160057900,77,0.6270991282563962
764,1160058000,77,0.6270991282563962
765,1160058100,40,0.8625877120106341
766,1160058200,48,0.8232416058487456
767,1160058300,73,0.6765924766641431
768,1160058400,16,0.8577894063811355
769,1160058500,66,0.5724101790667059
770,1160058600,69,0.5502779943506436
771,1160058700,140,0.6797987148806007
772,1160058800,152,0.7000711865593553
773,1160058900,378,0.8979243865193993
774,1160059000,117,0.8116917498903633
775,1160059100,19,0.8570103000546964
776,1160059200,72,0.6294677188549359
777,1160059300,50,0.6981870236768689
778,1160059400,51,0.6909643992940048
779,1160059500,465,0.8317028834179194
780,1160059600,100,0.6851025592151585
781,1160059700,20,0.8297992902090603
782,1160059800,73,0.8207202177165359
783,1160059900,32,0.7445493935249684
784,1160060000,33,0.7347128669844963
785,1160060200,109,0.7799657707215567
786,1160060300,101,0.4732712542711609
787,1160060400,378,0.8979243865193993
788,1160060500,117,0.8116917498903633
789,1160060600,20,0.5674919157964698
790,1160060700,97,0.8405736515215863
791,1160060800,22,0.6535615230256012
792,1160060900,22,0.6535615230256012
793,1160061000,12,0.8561375306726197
794,1160061100,25,0.6360250925128741
795,1160061200,55,0.6012058172456687
796,1160061300,39,0.7344748865036784
797,1160061400,244,0.7018546825833446
798,1160061500,205,0.7589902516375764
799,1160061600,40,0.976691419880111
800,1160061700,53,0.9498377024246221
801,1160061800,42,0.35965562921552624
802,1160061900,463,0.8012487675016456
803,1160062000,83,0.7394476129685296
804,1160062100,36,0.7754856449346976
805,1160062200,29,0.8306753167457436
806,1160062300,136,0.6032611032163685
807,1160062400,124,0.6435014390637546
808,1160062600,136,0.7133438610517464
809,1160062700,105,0.7922056686607042
810,1160062800,190,0.8509969004820523
811,1160062900,73,0.5207684147292272
812,1160063000,77,0.4912588351078107
813,1160063100,64,0.7445493935249684
814,1160063200,51,0.8084868160380373
815,1160063300,87,0.7526401883927288
816,1160063400,86,0.7885138688552494
817,1160063500,35,0.8720165068810349
818,1160063600,36,0.866665028711348
819,1160063700,67,0.7868774388349529
820,1160063800,60,0.8153414034304136
821,1160063900,92,0.7282351543846731
822,1160064000,77,0.7822160927165325
823,1160064101,50,0.7590754269045028
824,1160064102,8,0.9004205063970654
825,1160064201,56,0.7230462889946341
826,1160064202,7,0.9202827234499419
827,1160064300,24,0.8276542532687704
828,1160064400,23,0.8373069195000749
829,1160064500,53,0.5954176479240815
830,1160064600,53,0.5954176479240815
831,1160064700,143,0.6746946855148968
832,1160064800,243,0.8938739615543243
833,1160064900,72,0.8276542532687704
834,1160065000,60,0.7494676567952044
835,1160065100,24,0.7415227699740539
836,1160065200,22,0.7680057260445559
837,1160065300,133,0.6679590031115485
838,1160065400,252,0.8911822659073555
839,1160065600,188,0.4428959129504894
840,1160065700,188,0.4428959129504894
841,1160065800,256,0.8817454870055093
842,1160065900,94,0.5536593003489308
843,1160066000,67,0.6748739971966241
844,1160066300,176,0.8823182326273552
845,1160066400,185,0.8137211630660006
846,1160066500,94,0.5536593003489308
847,1160066600,67,0.6748739971966241
848,1160066700,21,0.8584891592854375
849,1160066900,28,0.7269114838661908
850,1160067000,28,0.7269114838661908
851,1160067100,93,0.8203787361839813
852,1160067200,93,0.7975915897745443
853,1160067300,74,0.864344234607147
854,1160067400,44,0.9433877514502267
855,1160067500,87,0.7483955094387171
856,1160067600,95,0.7198049132657185
857,1160067700,163,0.7343140888815042
858,1160067800,146,0.7682102276358338
859,1160068000,34,0.6203632459515076
860,1160068100,23,0.7623780978795741
861,1160068300,10,0.7463378528959634
862,1160068400,9,0.7776358918883748
863,1160068500,50,0.6904484975523716
864,1160068600,53,0.6683163128363093
865,1160068800,36,0.7570249881616647
866,1160068900,34,0.77381905786491
867,1160069000,57,0.7209756488848714
868,1160069100,55,0.7328473188475102
869,1160069200,24,0.8895370997927496
870,1160069300,20,0.9178339569639709
871,1160069600,52,0.4755417763964041
872,1160069700,36,0.5429005994452895
873,1160070100,22,0.8993015082532414
874,1160070200,43,0.6697400206250618
875,1160070300,49,0.6153802686908737
876,1160070400,103,0.616059765590051
877,1160070500,70,0.879917572665064
878,1160070600,42,0.8413329059181566
879,1160070700,114,0.6447294305332759
880,1160070800,108,0.6786144511171619
881,1160070900,64,0.8375012684845977
882,1160071001,129,0.711444216734711
883,1160071002,16,0.37076138498702704
884,1160071101,6,0.8011094211326832
885,1160071102,116,0.756004588989822
886,1160071200,252,0.8489104075242865
887,1160071300,187,0.7961844572312888
888,1160071400,122,0.7642224466059128
889,1160071500,44,0.6181070523639478
890,1160071600,81,0.6166745484988305
891,1160071700,63,0.7434511405617117
892,1160071800,88,0.8522806454761986
893,1160071900,370,0.911427741234418
894,1160072100,196,0.6084591866888593
895,1160072200,128,0.7595383863485451
896,1160072300,13,0.8778742059586652
897,1160072400,95,0.47527447947954354
898,1160072500,101,0.438387504952773
899,1160072800,90,0.6703844528306973
900,1160072900,129,0.8537075144393745
901,1160073000,188,0.4428959129504894
902,1160073100,188,0.4428959129504894
903,1160073200,206,0.707059850319394
904,1160073300,165,0.7762321592425356
905,1160073400,142,0.7825963358041532
906,1160073500,142,0.7825963358041532
907,1160073600,113,0.6715760919805356
908,1160073700,118,0.6544193596425028
909,1160073800,154,0.6986456030027651
910,1160073900,95,0.7289500534557348
911,1160074000,43,0.9012687149544836
912,1160074200,79,0.8369913009856998
913,1160074300,243,0.8168264798440898
914,1160074700,11,0.9541220562066943
915,1160074800,9,0.9732486355909457
916,1160074900,71,0.685178929762833
917,1160075000,65,0.7167963365000649
918,1160075100,113,0.680388413590525
919,1160075200,176,0.7501702658338096
920,1160075300,39,0.6682446876430534
921,1160075400,34,0.718382322922159
922,1160075500,31,0.8871790283618145
923,1160075600,93,0.8540753332736871
924,1160075700,66,0.9074983565718098
925,1160075800,57,0.9282010683329373
926,1160076300,58,0.7954220021527847
927,1160076400,65,0.7635724558653528
928,1160076700,11,0.9445587665145686
929,1160076800,11,0.9445587665145686
930,1160076900,7,0.9602792427208027
931,1160077000,8,0.9461308141351921
932,1160077100,48,0.8329433854503071
933,1160077201,92,0.6698885445374504
934,1160077202,30,0.8134050793082733
935,1160077300,35,0.5429005994452895
936,1160077400,34,0.5576553892559977
937,1160077501,74,0.7434925766239259
938,1160077502,84,0.7611802219026739
939,1160077601,82,0.7409254100626892
940,1160077602,125,0.7341182155059791
941,1160077700,78,0.7674300096082406
942,1160077800,80,0.7599456959361423
943,1160077900,224,0.6806683177269431
944,1160078000,264,0.6986456030027651
945,1160078100,93,0.5766364253943962
946,1160078200,11,0.7347128669844963
947,1160078300,49,0.5631522717344969
948,1160078400,55,0.5023972548668748
949,1160078500,66,0.7347128669844963
950,1160078600,83,0.6766158821048327
951,1160078700,168,0.6350729416613272
952,1160078900,334,0.7326449608367834
953,1160079000,322,0.7364318716226371
954,1160079100,37,0.6809528407435
955,1160079200,37,0.6809528407435
956,1160079300,442,0.9407433865231127
957,1160079400,58,0.9004205063970654
958,1160079500,66,0.7787950785177233
959,1160079600,63,0.7915461314405575
960,1160079700,162,0.7752447004543196
961,1160079800,200,0.6917612012721855
962,1160080000,216,0.6492218789636282
963,1160080100,21,0.7094869360178017
964,1160080200,22,0.6928283023605505
965,1160080300,68,0.8574998534552175
966,1160080400,63,0.6105691182323306
967,1160080500,54,0.77476158218499
968,1160080600,58,0.7536833110268354
969,1160080700,43,0.7176881095106022
970,1160080800,64,0.7368721045177706
971,1160080900,43,0.8405403249371621
972,1160081000,44,0.8354524663817455
973,1160081100,46,0.6881430616444485
974,1160081200,49,0.6639359846112554
975,1160081300,28,0.5607081043892478
976,1160081400,15,0.7922056686607042
977,1160081500,85,0.6809087627609655
978,1160081600,80,0.7031681439409132
979,1160081700,28,0.8751183190685604
980,1160081800,16,0.9540611435334961
981,1160081900,55,0.7471976891320186
982,1160082000,47,0.7925970423957363
983,1160082100,25,0.7931235812866814
984,1160082200,52,0.5056333468306141
985,1160082300,52,0.7257316905779783
986,1160082400,50,0.7385619425872898
987,1160082500,31,0.745417322337363
988,1160082600,24,0.8162981753495887
989,1160082700,48,0.7126322724425973
990,1160082800,47,0.7198548968254613
991,1160082900,117,0.8465687207255342
992,1160083000,181,0.7181810404447612
993,1160083100,42,0.82609737161856
994,1160083200,45,0.8094387379613088
995,1160083300,46,0.8571462292435643
996,1160083400,80,0.7077147409478812
997,1160083500,122,0.8413149470009625
998,1160083600,367,0.8049219003790743
999,1160083700,88,0.8303774235909521
1000,1160083800,103,0.7913534203132603
1001,1160084100,19,0.6504876084817035
1002,1160084200,38,0.2416569741433301
1003,1160084300,16,0.34082413029863357
1004,1160084400,7,0.7449770685919455
1005,1160084500,162,0.7273354720791422
1006,1160084600,57,0.8266241268330186
1007,1160084700,118,0.6557600844212365
1008,1160084800,70,0.6747519126473629
1009,1160084900,183,0.7825849229442758
1010,1160085000,26,0.6863499448271748
1011,1160085100,17,0.5715904685216666
1012,1160085200,19,0.5142107303689124
1013,1160085300,107,0.7128813284557995
1014,1160085400,112,0.7946098855753346
1015,1160085500,32,0.7719205978114997
1016,1160085600,32,0.7719205978114997
1017,1160085700,209,0.7944561876904312
1018,1160085800,42,0.63816210647559
1019,1160085900,60,0.6620739017625482
1020,1160086000,56,0.68855685783305
1021,1160086100,96,0.8633653030415015
1022,1160086200,239,0.8501253330462224
1023,1160086300,487,0.9060141329002223
1024,1160086400,329,0.8950035381099174
1025,1160086500,254,0.9213896608882199
1026,1160086601,188,0.9029792461140221
1027,1160086602,286,0.8317443660786452
1028,1160086701,13,0.9194551310727387
1029,1160086702,670,0.8906612498582892
1030,1160086800,115,0.8828307866890204
1031,1160086900,29,0.9432243539993883
1032,1160087000,145,0.8873766623623406
1033,1160087100,8,0.921606871253467
1034,1160087201,235,0.8464092144111733
1035,1160087202,103,0.7879355016588366
1036,1160087301,159,0.8373982285049656
1037,1160087302,12,0.9328486158711494
1038,1160087401,168,0.8374303551296313
1039,1160087402,302,0.9186252989326743
1040,1160087501,186,0.8634901456382004
1041,1160087502,40,0.774398163716746
1042,1160087600,346,0.9255252779322622
1043,1160087700,13,0.9314433977939391
1044,1160087800,173,0.9489535086584486
1045,1160087900,216,0.86649851772249
1046,1160088000,24,0.9806260304962999
1047,1160088100,263,0.934999853614064
1048,1160088400,11,0.9738957754949242
1049,1160088500,39,0.9445587665145686
1050,1160088600,13,0.9583644177994418
1051,1160088700,25,0.9857544759575716
1052,1160088800,174,0.8090211120478958
1053,1160088900,7,0.9202827234499419
1054,1160089000,19,0.6819361188154246
1055,1160089100,6,0.8209716381855596
1056,1160089200,17,0.384002863022278
1057,1160089300,106,0.7980281702772251
1058,1160089400,44,0.8723027999518411
1059,1160089500,128,0.9195688594121006
1060,1160089600,40,0.0
1061,1160089700,193,0.7468774742579015
1062,1160265200,18,0.976691419880111
1063,1160265300,28,0.9307876293579076
1064,1160265400,25,0.8404972074917773
1065,1160265500,25,0.8404972074917773
1066,1160265600,25,0.8958949379546379
1067,1160265700,25,0.8958949379546379
1068,1160265800,34,0.77381905786491
1069,1160265900,34,0.77381905786491
1070,1160266000,38,0.6588310908151398
1071,1160266100,38,0.6588310908151398
1072,1160266200,39,0.3400222395480516
1073,1160266300,49,0.15558736691419892
1074,1160266400,29,0.4602737765053234
1075,1160266500,105,0.8047461651001113
1076,1160266600,27,0.7885750123129068
1077,1160266700,32,0.7384373770338013
1078,1160266800,13,0.977447153016757
1079,1160266900,36,0.7387831538288296
1080,1160267000,55,0.8165578121738094
1081,1160267100,47,0.851868420267812
1082,1160267200,44,0.7150398139035521
1083,1160267300,44,0.7150398139035521
1084,1160267400,41,0.9340334891019333
1085,1160267500,39,0.9390777168999772
1086,1160267600,13,0.967353457013608
1087,1160267700,218,0.8424029321154456
1088,1160267800,57,0.6264387476382698
1089,1160267900,57,0.6264387476382698
1090,1160268000,18,0.7150398139035521
1091,1160268100,18,0.7150398139035521
1092,1160268200,56,0.654851277379684
1093,1160268300,49,0.705409648059733
1094,1160268400,232,0.857619769313426
1095,1160268500,378,0.8160710537912051
1096,1160268800,8,0.9704721966480705
1097,1160268900,8,0.9704721966480705
1098,1160269000,39,0.8900721244031299
1099,1160269100,49,0.8466756837833997
1100,1160269200,356,0.7461245783542774
1101,1160269300,164,0.7642224466059128
1102,1160269400,64,0.7815810228538048
1103,1160269500,64,0.7815810228538048
1104,1160269600,35,0.9324788216403046
1105,1160269700,35,0.9324788216403046
1106,1160269800,9,0.8871790283618145
1107,1160269900,170,0.875655064213981
1108,1160270000,52,0.8618644380003053
1109,1160270100,52,0.8618644380003053
1110,1160270200,22,0.7251656500481557
1111,1160270300,12,0.8770531922172108
1112,1160270600,16,0.7288109510602129
1113,1160270700,16,0.7288109510602129
1114,1160270800,86,0.6952861335558824
1115,1160270900,86,0.6952861335558824
1116,1160271000,29,0.6252280498383715
1117,1160271100,29,0.6252280498383715
1118,1160271200,39,0.8684150381602029
1119,1160271300,39,0.8684150381602029
1120,1160271400,64,0.8041002569051241
1121,1160271500,73,0.7503142430958188
1122,1160271600,16,0.7792273175998533
1123,1160271700,16,0.7792273175998533
1124,1160271800,85,0.7733540754789895
1125,1160271900,80,0.7901754970872887
1126,1160272000,17,0.7216605529211775
1127,1160272100,90,0.8619611816577378
1128,1160272200,70,0.8606960722913126
1129,1160272300,54,0.9060954255550301
1130,1160272400,28,0.5031761653395367
1131,1160272500,28,0.5031761653395367
1132,1160272600,9,0.9370088009681535
1133,1160272700,19,0.8011094211326832
1134,1160272800,79,0.7689481799972426
1135,1160272900,32,0.7768333780680564
1136,1160273000,18,0.8676580865160322
1137,1160273100,62,0.8560300276503194
1138,1160273200,84,0.8176520475917641
1139,1160273300,93,0.8267427424139984
1140,1160273400,40,0.8698071810311642
1141,1160273500,117,0.8161759318548854
1142,1160273600,20,0.8871790283618145
1143,1160273700,21,0.8785720676389013
1144,1160273800,53,0.8463210825176355
1145,1160273900,53,0.8463210825176355
1146,1160274000,35,0.7580746175181176
1147,1160274100,99,0.8111369481885043
1148,1160274200,20,0.8506646495373346
1149,1160274300,84,0.8374303551296313
1150,1160274400,57,0.6533071300978303
1151,1160274500,66,0.856439882922839
1152,1160274600,103,0.7733450317039312
1153,1160274700,34,0.9649193187623201
1154,1160274800,33,0.6763568443623694
1155,1160274900,33,0.6763568443623694
1156,1160275000,28,0.6837417749111406
1157,1160275100,28,0.6837417749111406
1158,1160275200,41,0.7589902516375764
1159,1160275300,41,0.7589902516375764
1160,1160275400,30,0.3857300123312237
1161,1160275500,30,0.3857300123312237
1162,1160275600,36,0.6799093619732944
1163,1160275700,36,0.6799093619732944
1164,1160276300,8,0.9322000536816677
1165,1160276400,17,0.7891920909009574
1166,1180042300,114,0.8559620723719741
1167,1180043000,152,0.7465872396608432
1168,1180130000,263,0.8449254405981842
